-- phpMyAdmin SQL Dump
-- version 5.1.1
-- https://www.phpmyadmin.net/
--
-- Хост: 127.0.0.1:3306
-- Время создания: Ноя 24 2022 г., 20:26
-- Версия сервера: 5.7.33
-- Версия PHP: 8.0.14

SET SQL_MODE = "NO_AUTO_VALUE_ON_ZERO";
START TRANSACTION;
SET time_zone = "+00:00";


/*!40101 SET @OLD_CHARACTER_SET_CLIENT=@@CHARACTER_SET_CLIENT */;
/*!40101 SET @OLD_CHARACTER_SET_RESULTS=@@CHARACTER_SET_RESULTS */;
/*!40101 SET @OLD_COLLATION_CONNECTION=@@COLLATION_CONNECTION */;
/*!40101 SET NAMES utf8mb4 */;

--
-- База данных: `shoplaravel`
--

-- --------------------------------------------------------

--
-- Структура таблицы `categories`
--

CREATE TABLE `categories` (
  `id` bigint(20) UNSIGNED NOT NULL,
  `name0` varchar(100) COLLATE utf8mb4_unicode_ci DEFAULT NULL,
  `slug` varchar(100) COLLATE utf8mb4_unicode_ci NOT NULL,
  `description` text COLLATE utf8mb4_unicode_ci,
  `img` varchar(255) COLLATE utf8mb4_unicode_ci DEFAULT NULL,
  `deleted_at` timestamp NULL DEFAULT NULL,
  `created_at` timestamp NULL DEFAULT NULL,
  `updated_at` timestamp NULL DEFAULT NULL
) ENGINE=InnoDB DEFAULT CHARSET=utf8mb4 COLLATE=utf8mb4_unicode_ci;

--
-- Дамп данных таблицы `categories`
--

INSERT INTO `categories` (`id`, `name0`, `slug`, `description`, `img`, `deleted_at`, `created_at`, `updated_at`) VALUES
(1, 'Category', 'category-en', 'описание категории', 'categories/81-12-59-08-15-11-2022.jpg', '2022-11-14 10:10:49', '2022-11-05 13:48:24', '2022-11-20 10:46:49'),
(2, 'Id eum sed.', 'category-en-2', NULL, 'categories/291-11-21-11-09-11-2022.jpg', '2022-11-14 10:10:57', '2022-11-05 13:48:24', '2022-11-20 10:58:00'),
(3, 'Omnis cupiditate.', 'category-en-3', 'описание', 'categories/96-12-17-37-14-11-2022.png', NULL, '2022-11-05 13:48:24', '2022-11-20 11:00:15'),
(4, 'Voluptatem adipisci quidem.', 'voluptatem-adipisci-quidem', NULL, 'categories/565-11-21-30-09-11-2022.png', NULL, '2022-11-05 13:48:24', '2022-11-09 09:21:30'),
(5, 'Quidem ea ut.', 'quidem-ea-ut', NULL, 'categories/976-11-21-38-09-11-2022.jpg', NULL, '2022-11-05 13:48:24', '2022-11-09 09:21:38'),
(6, 'Voluptas id.', 'voluptas-id', NULL, 'categories/462-11-21-47-09-11-2022.jpg', NULL, '2022-11-05 13:48:24', '2022-11-09 09:21:47'),
(7, 'Voluptatem quibusdam.', 'voluptatem-quibusdam', NULL, 'categories/287-11-21-55-09-11-2022.png', NULL, '2022-11-05 13:48:24', '2022-11-12 17:09:45'),
(8, 'Category3', 'category3', 'описание категории', 'categories/283-11-22-04-09-11-2022.png', NULL, '2022-11-05 13:48:24', '2022-11-09 09:22:04'),
(9, 'Ut sit hic.', 'ut-sit-hic', NULL, 'categories/433-12-10-09-09-11-2022.jpg', NULL, '2022-11-05 13:48:24', '2022-11-09 10:10:09'),
(10, 'Category2', 'category2', 'описание второй', 'categories/344-12-10-00-09-11-2022.jpg', NULL, '2022-11-05 13:48:24', '2022-11-12 17:11:59'),
(11, 'категория1', 'kategoriia1', 'описание1', 'categories/54-12-27-56-14-11-2022.png', '2022-11-14 10:28:43', '2022-11-14 10:27:56', '2022-11-14 10:28:43'),
(12, NULL, 'category-en-4', NULL, 'categories/581-03-01-01-20-11-2022.png', NULL, '2022-11-20 13:01:02', '2022-11-20 13:01:02'),
(13, NULL, 'category-en-5', NULL, 'categories/498-03-12-39-20-11-2022.png', NULL, '2022-11-20 13:12:40', '2022-11-20 13:12:40');

-- --------------------------------------------------------

--
-- Структура таблицы `category_translations`
--

CREATE TABLE `category_translations` (
  `id` bigint(20) UNSIGNED NOT NULL,
  `category_id` bigint(20) UNSIGNED NOT NULL,
  `locale` varchar(191) COLLATE utf8mb4_unicode_ci NOT NULL,
  `name` varchar(191) COLLATE utf8mb4_unicode_ci NOT NULL,
  `description` text COLLATE utf8mb4_unicode_ci NOT NULL
) ENGINE=InnoDB DEFAULT CHARSET=utf8mb4 COLLATE=utf8mb4_unicode_ci;

--
-- Дамп данных таблицы `category_translations`
--

INSERT INTO `category_translations` (`id`, `category_id`, `locale`, `name`, `description`) VALUES
(1, 1, 'en', 'Category en', 'aaaaaa en'),
(2, 1, 'de', 'Category de', 'aaaaaa en'),
(3, 1, 'fr', 'Category fr', 'aaaaaa en'),
(4, 1, 'es', 'Category es', 'aaaaaa en'),
(5, 1, 'it', 'Category it', 'aaaaaa en'),
(6, 2, 'en', 'Category en 2', 'fsfss'),
(7, 2, 'de', 'Category de 2', 'fsfss'),
(8, 2, 'fr', 'Category fr 2', 'fsfss'),
(9, 2, 'es', 'Category es 2', 'fsfss'),
(10, 2, 'it', 'Category it 2', 'fsfss'),
(11, 3, 'en', 'Category en 3', 'rffvsdfsfvs'),
(12, 3, 'de', 'Category de 3', 'edadada'),
(13, 3, 'fr', 'Category fr 3', 'cdscsc'),
(14, 3, 'es', 'Category es 3', 'ddbvdfvbdf'),
(15, 3, 'it', 'Category it 3', 'acacaxca'),
(16, 12, 'en', 'Category en 4', 'dedeeee'),
(17, 12, 'de', 'Category de 4', 'dedeeee'),
(18, 12, 'fr', 'Category fr 4', 'dedeeee'),
(19, 12, 'es', 'Category es 4', 'dedeeee'),
(20, 12, 'it', 'Category it 4', 'dedeeee'),
(21, 13, 'en', 'Category en 5', 'ddddd'),
(22, 13, 'de', 'Category de 5', 'ddddd'),
(23, 13, 'fr', 'Category fr 5', 'ddddd'),
(24, 13, 'es', 'Category es 5', 'ddddd'),
(25, 13, 'it', 'Category it 5', 'ddddd');

-- --------------------------------------------------------

--
-- Структура таблицы `emails`
--

CREATE TABLE `emails` (
  `id` bigint(20) UNSIGNED NOT NULL,
  `user_id` bigint(20) UNSIGNED DEFAULT NULL,
  `email` varchar(191) COLLATE utf8mb4_unicode_ci NOT NULL,
  `subscribed` tinyint(1) NOT NULL DEFAULT '1',
  `email_verified_at` timestamp NULL DEFAULT NULL,
  `created_at` timestamp NULL DEFAULT NULL,
  `updated_at` timestamp NULL DEFAULT NULL,
  `deleted_at` timestamp NULL DEFAULT NULL
) ENGINE=InnoDB DEFAULT CHARSET=utf8mb4 COLLATE=utf8mb4_unicode_ci;

--
-- Дамп данных таблицы `emails`
--

INSERT INTO `emails` (`id`, `user_id`, `email`, `subscribed`, `email_verified_at`, `created_at`, `updated_at`, `deleted_at`) VALUES
(1, 5, 'xhettinger@example.org', 1, '2022-11-09 13:47:18', '2022-11-09 13:47:18', '2022-11-10 10:46:44', NULL),
(2, 35, 'dannie.russel@example.com', 1, '2022-11-09 13:47:18', '2022-11-09 13:47:18', '2022-11-10 10:35:34', NULL),
(3, 30, 'kendall.halvorson@example.com', 1, '2022-11-09 13:47:18', '2022-11-09 13:47:18', '2022-11-11 07:40:23', '2022-11-11 07:40:23'),
(4, 81, 'lilliana.connelly@example.com', 1, '2022-11-09 13:47:18', '2022-11-09 13:47:18', '2022-11-09 17:46:34', '2022-11-09 17:46:34'),
(5, 15, 'akeem.kohler@example.org', 1, '2022-11-09 13:47:18', '2022-11-09 13:47:18', '2022-11-09 17:46:34', '2022-11-09 17:46:34'),
(6, 8, 'ypadberg@example.net', 1, '2022-11-09 13:47:18', '2022-11-09 13:47:18', '2022-11-09 17:47:04', '2022-11-09 17:47:04'),
(7, 22, 'ejacobson@example.com', 1, '2022-11-09 13:47:18', '2022-11-09 13:47:18', '2022-11-09 13:47:20', NULL),
(8, 45, 'antwon54@example.com', 1, '2022-11-09 13:47:18', '2022-11-09 13:47:18', '2022-11-09 13:47:20', NULL),
(9, 41, 'neva.smitham@example.net', 1, '2022-11-09 13:47:18', '2022-11-09 13:47:18', '2022-11-09 13:47:20', NULL),
(10, 51, 'dleuschke@example.org', 1, '2022-11-09 13:47:18', '2022-11-09 13:47:18', '2022-11-09 13:47:20', NULL),
(11, 97, 'davon63@example.com', 1, '2022-11-09 13:47:18', '2022-11-09 13:47:18', '2022-11-09 13:47:20', NULL),
(12, 82, 'otha24@example.com', 1, '2022-11-09 13:47:18', '2022-11-09 13:47:18', '2022-11-09 13:47:20', NULL),
(13, 15, 'wdeckow@example.net', 1, '2022-11-09 13:47:18', '2022-11-09 13:47:18', '2022-11-09 13:47:21', NULL),
(14, 19, 'ihermiston@example.com', 1, '2022-11-09 13:47:18', '2022-11-09 13:47:18', '2022-11-09 13:47:21', NULL),
(15, 61, 'jada.hodkiewicz@example.net', 1, '2022-11-09 13:47:18', '2022-11-09 13:47:18', '2022-11-09 13:47:21', NULL),
(16, 24, 'hahn.emilio@example.net', 1, '2022-11-09 13:47:18', '2022-11-09 13:47:18', '2022-11-09 13:47:21', NULL),
(17, 1, 'bogisich.vernon@example.org', 1, '2022-11-09 13:47:18', '2022-11-09 13:47:18', '2022-11-09 13:47:21', NULL),
(18, 67, 'haley.labadie@example.net', 1, '2022-11-09 13:47:18', '2022-11-09 13:47:18', '2022-11-09 13:47:21', NULL),
(19, 24, 'ottilie.buckridge@example.com', 1, '2022-11-09 13:47:18', '2022-11-09 13:47:18', '2022-11-09 13:47:21', NULL),
(20, 77, 'korey78@example.net', 1, '2022-11-09 13:47:18', '2022-11-09 13:47:18', '2022-11-09 13:47:21', NULL),
(21, 90, 'boyd.kris@example.net', 1, '2022-11-09 13:47:18', '2022-11-09 13:47:18', '2022-11-09 13:47:21', NULL),
(22, 71, 'lionel88@example.org', 1, '2022-11-09 13:47:18', '2022-11-09 13:47:18', '2022-11-09 13:47:21', NULL),
(23, 84, 'kellen95@example.com', 1, '2022-11-09 13:47:18', '2022-11-09 13:47:18', '2022-11-09 13:47:21', NULL),
(24, 10, 'brennon.windler@example.net', 1, '2022-11-09 13:47:18', '2022-11-09 13:47:18', '2022-11-09 13:47:21', NULL),
(25, 13, 'arturo01@example.com', 1, '2022-11-09 13:47:18', '2022-11-09 13:47:18', '2022-11-09 13:47:21', NULL),
(26, 85, 'volkman.karlie@example.com', 1, '2022-11-09 13:47:18', '2022-11-09 13:47:18', '2022-11-09 13:47:21', NULL),
(27, 46, 'royal.hills@example.net', 1, '2022-11-09 13:47:18', '2022-11-09 13:47:18', '2022-11-09 13:47:21', NULL),
(28, 44, 'dhalvorson@example.org', 1, '2022-11-09 13:47:18', '2022-11-09 13:47:18', '2022-11-09 13:47:21', NULL),
(29, 83, 'sofia.turner@example.net', 1, '2022-11-09 13:47:18', '2022-11-09 13:47:18', '2022-11-09 13:47:21', NULL),
(30, 97, 'von.lelah@example.net', 1, '2022-11-09 13:47:18', '2022-11-09 13:47:18', '2022-11-09 13:47:21', NULL),
(31, 40, 'rklein@example.org', 1, '2022-11-09 13:47:18', '2022-11-09 13:47:18', '2022-11-09 13:47:21', NULL),
(32, 8, 'vincent.treutel@example.net', 1, '2022-11-09 13:47:18', '2022-11-09 13:47:18', '2022-11-09 13:47:21', NULL),
(33, 58, 'verlie78@example.net', 1, '2022-11-09 13:47:18', '2022-11-09 13:47:18', '2022-11-09 13:47:21', NULL),
(34, 72, 'jerel57@example.com', 1, '2022-11-09 13:47:18', '2022-11-09 13:47:18', '2022-11-09 13:47:21', NULL),
(35, 66, 'jordon.durgan@example.com', 1, '2022-11-09 13:47:18', '2022-11-09 13:47:18', '2022-11-09 13:47:21', NULL),
(36, 5, 'sigmund88@example.org', 1, '2022-11-09 13:47:18', '2022-11-09 13:47:18', '2022-11-09 13:47:21', NULL),
(37, 41, 'dicki.jerrold@example.org', 1, '2022-11-09 13:47:18', '2022-11-09 13:47:18', '2022-11-09 13:47:21', NULL),
(38, 69, 'vern.olson@example.net', 1, '2022-11-09 13:47:18', '2022-11-09 13:47:18', '2022-11-09 13:47:21', NULL),
(39, 7, 'hector.collins@example.net', 1, '2022-11-09 13:47:18', '2022-11-09 13:47:18', '2022-11-09 13:47:21', NULL),
(40, 88, 'hyatt.brianne@example.org', 1, '2022-11-09 13:47:18', '2022-11-09 13:47:18', '2022-11-09 13:47:21', NULL),
(41, 42, 'qtremblay@example.org', 1, '2022-11-09 13:47:18', '2022-11-09 13:47:18', '2022-11-09 13:47:21', NULL),
(42, 15, 'alycia16@example.org', 1, '2022-11-09 13:47:18', '2022-11-09 13:47:18', '2022-11-09 13:47:21', NULL),
(43, 53, 'reichert.blaise@example.org', 1, '2022-11-09 13:47:18', '2022-11-09 13:47:18', '2022-11-09 13:47:21', NULL),
(44, 3, 'lwilkinson@example.org', 1, '2022-11-09 13:47:18', '2022-11-09 13:47:18', '2022-11-09 13:47:21', NULL),
(45, 28, 'matt.bartoletti@example.org', 1, '2022-11-09 13:47:18', '2022-11-09 13:47:18', '2022-11-09 13:47:21', NULL),
(46, 17, 'juliana36@example.net', 1, '2022-11-09 13:47:18', '2022-11-09 13:47:18', '2022-11-09 13:47:21', NULL),
(47, 83, 'maximilian74@example.net', 1, '2022-11-09 13:47:18', '2022-11-09 13:47:18', '2022-11-09 13:47:21', NULL),
(48, 83, 'ozella03@example.com', 1, '2022-11-09 13:47:18', '2022-11-09 13:47:18', '2022-11-09 13:47:22', NULL),
(49, 86, 'heaney.donavon@example.net', 1, '2022-11-09 13:47:18', '2022-11-09 13:47:18', '2022-11-09 13:47:22', NULL),
(50, 3, 'usauer@example.com', 1, '2022-11-09 13:47:18', '2022-11-09 13:47:18', '2022-11-09 13:47:22', NULL),
(51, 11, 'cfunk@example.net', 1, '2022-11-09 13:47:18', '2022-11-09 13:47:18', '2022-11-09 13:47:22', NULL),
(52, 3, 'cale80@example.net', 1, '2022-11-09 13:47:18', '2022-11-09 13:47:18', '2022-11-09 13:47:22', NULL),
(53, 66, 'hadley.gutkowski@example.org', 1, '2022-11-09 13:47:18', '2022-11-09 13:47:18', '2022-11-09 13:47:22', NULL),
(54, 41, 'roselyn.hamill@example.org', 1, '2022-11-09 13:47:18', '2022-11-09 13:47:18', '2022-11-09 13:47:22', NULL),
(55, 50, 'ygislason@example.net', 1, '2022-11-09 13:47:18', '2022-11-09 13:47:18', '2022-11-09 13:47:22', NULL),
(56, 18, 'rschumm@example.org', 1, '2022-11-09 13:47:18', '2022-11-09 13:47:18', '2022-11-09 13:47:22', NULL),
(57, 13, 'jpowlowski@example.org', 1, '2022-11-09 13:47:18', '2022-11-09 13:47:18', '2022-11-09 13:47:22', NULL),
(58, 6, 'sshanahan@example.com', 1, '2022-11-09 13:47:18', '2022-11-09 13:47:18', '2022-11-09 13:47:22', NULL),
(59, 93, 'tristin51@example.net', 1, '2022-11-09 13:47:18', '2022-11-09 13:47:18', '2022-11-09 13:47:22', NULL),
(60, 99, 'terrill.spinka@example.com', 1, '2022-11-09 13:47:18', '2022-11-09 13:47:18', '2022-11-09 13:47:22', NULL),
(61, 84, 'nola86@example.com', 1, '2022-11-09 13:47:18', '2022-11-09 13:47:18', '2022-11-09 13:47:22', NULL),
(62, 32, 'aufderhar.joan@example.com', 1, '2022-11-09 13:47:18', '2022-11-09 13:47:18', '2022-11-09 13:47:22', NULL),
(63, 32, 'sage.denesik@example.net', 1, '2022-11-09 13:47:18', '2022-11-09 13:47:18', '2022-11-09 13:47:22', NULL),
(64, 92, 'alva.bauch@example.org', 1, '2022-11-09 13:47:18', '2022-11-09 13:47:18', '2022-11-09 13:47:22', NULL),
(65, 48, 'dayna.cremin@example.com', 1, '2022-11-09 13:47:18', '2022-11-09 13:47:18', '2022-11-09 13:47:22', NULL),
(66, 61, 'destin68@example.com', 1, '2022-11-09 13:47:18', '2022-11-09 13:47:18', '2022-11-09 13:47:22', NULL),
(67, 57, 'jeff59@example.net', 1, '2022-11-09 13:47:18', '2022-11-09 13:47:18', '2022-11-09 13:47:22', NULL),
(68, 22, 'owolff@example.com', 1, '2022-11-09 13:47:18', '2022-11-09 13:47:18', '2022-11-09 13:47:22', NULL),
(69, 48, 'garnett.reichel@example.net', 1, '2022-11-09 13:47:18', '2022-11-09 13:47:18', '2022-11-09 13:47:22', NULL),
(70, 60, 'pauline.ankunding@example.com', 1, '2022-11-09 13:47:18', '2022-11-09 13:47:18', '2022-11-09 13:47:22', NULL),
(71, 77, 'wilderman.margarette@example.net', 1, '2022-11-09 13:47:18', '2022-11-09 13:47:18', '2022-11-09 13:47:22', NULL),
(72, 67, 'dante.greenfelder@example.org', 1, '2022-11-09 13:47:18', '2022-11-09 13:47:18', '2022-11-09 13:47:22', NULL),
(73, 7, 'kallie.huel@example.org', 1, '2022-11-09 13:47:18', '2022-11-09 13:47:18', '2022-11-09 13:47:22', NULL),
(74, 96, 'rollin82@example.org', 1, '2022-11-09 13:47:18', '2022-11-09 13:47:18', '2022-11-09 13:47:22', NULL),
(75, 27, 'austen39@example.com', 1, '2022-11-09 13:47:18', '2022-11-09 13:47:18', '2022-11-09 13:47:22', NULL),
(76, 19, 'janessa.kohler@example.org', 1, '2022-11-09 13:47:18', '2022-11-09 13:47:18', '2022-11-09 13:47:22', NULL),
(77, 59, 'edd11@example.net', 1, '2022-11-09 13:47:18', '2022-11-09 13:47:18', '2022-11-09 13:47:22', NULL),
(78, 3, 'peggie89@example.com', 1, '2022-11-09 13:47:18', '2022-11-09 13:47:18', '2022-11-09 13:47:22', NULL),
(79, 67, 'sharon40@example.net', 1, '2022-11-09 13:47:18', '2022-11-09 13:47:18', '2022-11-09 13:47:22', NULL),
(80, 67, 'istokes@example.com', 1, '2022-11-09 13:47:18', '2022-11-09 13:47:18', '2022-11-09 13:47:22', NULL),
(81, 99, 'sammy56@example.org', 1, '2022-11-09 13:47:18', '2022-11-09 13:47:18', '2022-11-09 13:47:22', NULL),
(82, 67, 'ohessel@example.org', 1, '2022-11-09 13:47:18', '2022-11-09 13:47:18', '2022-11-09 13:47:22', NULL),
(83, 92, 'leannon.lorine@example.net', 1, '2022-11-09 13:47:18', '2022-11-09 13:47:18', '2022-11-09 13:47:22', NULL),
(84, 69, 'carter.creola@example.com', 1, '2022-11-09 13:47:18', '2022-11-09 13:47:18', '2022-11-09 13:47:22', NULL),
(85, 8, 'egleason@example.net', 1, '2022-11-09 13:47:18', '2022-11-09 13:47:18', '2022-11-09 13:47:23', NULL),
(86, 9, 'hilpert.maegan@example.net', 1, '2022-11-09 13:47:18', '2022-11-09 13:47:18', '2022-11-15 11:53:04', NULL),
(87, 28, 'emaggio@example.org', 1, '2022-11-09 13:47:18', '2022-11-09 13:47:18', '2022-11-09 13:47:23', NULL),
(88, 51, 'apredovic@example.com', 1, '2022-11-09 13:47:18', '2022-11-09 13:47:18', '2022-11-09 13:47:23', NULL),
(89, 96, 'gulgowski.hayley@example.net', 1, '2022-11-09 13:47:18', '2022-11-09 13:47:18', '2022-11-09 13:47:23', NULL),
(90, 31, 'lorn@example.org', 1, '2022-11-09 13:47:18', '2022-11-09 13:47:18', '2022-11-09 13:47:23', NULL),
(91, 15, 'dessie.kutch@example.org', 1, '2022-11-09 13:47:18', '2022-11-09 13:47:18', '2022-11-09 13:47:23', NULL),
(92, 6, 'deven10@example.org', 1, '2022-11-09 13:47:18', '2022-11-09 13:47:18', '2022-11-09 13:47:23', NULL),
(93, 1, 'howell.jovani@example.com', 1, '2022-11-09 13:47:18', '2022-11-09 13:47:18', '2022-11-15 11:53:04', NULL),
(94, 78, 'mclaughlin.hilma@example.org', 1, '2022-11-09 13:47:18', '2022-11-09 13:47:18', NULL, NULL),
(95, 50, 'jasmin.boehm@example.com', 1, '2022-11-09 13:47:18', NULL, '2022-11-09 13:47:23', NULL),
(96, 76, 'tzemlak@example.org', 1, '2022-11-09 13:47:18', NULL, '2022-11-15 11:53:04', NULL),
(97, 8, 'wglover@example.net', 1, '2022-11-09 13:47:18', NULL, '2022-11-09 13:47:23', NULL),
(98, 58, 'garett.lesch@example.com', 1, NULL, '2022-11-09 13:47:18', '2022-11-09 13:47:23', NULL),
(99, 16, 'kihn.yadira@example.org', 1, NULL, '2022-11-09 13:47:18', '2022-11-10 09:20:57', NULL),
(100, 32, 'sim.ferry@example.com', 1, NULL, '2022-11-09 13:47:18', '2022-11-15 11:53:04', NULL),
(118, 1, 'aaaaa@example.org', 1, NULL, '2022-11-09 13:47:18', '2022-11-15 14:14:56', NULL),
(119, 5, 'alexxx@example.org', 1, NULL, '2022-11-09 13:47:18', '2022-11-15 14:14:55', NULL);

-- --------------------------------------------------------

--
-- Структура таблицы `failed_jobs`
--

CREATE TABLE `failed_jobs` (
  `id` bigint(20) UNSIGNED NOT NULL,
  `uuid` varchar(191) COLLATE utf8mb4_unicode_ci NOT NULL,
  `connection` text COLLATE utf8mb4_unicode_ci NOT NULL,
  `queue` text COLLATE utf8mb4_unicode_ci NOT NULL,
  `payload` longtext COLLATE utf8mb4_unicode_ci NOT NULL,
  `exception` longtext COLLATE utf8mb4_unicode_ci NOT NULL,
  `failed_at` timestamp NOT NULL DEFAULT CURRENT_TIMESTAMP
) ENGINE=InnoDB DEFAULT CHARSET=utf8mb4 COLLATE=utf8mb4_unicode_ci;

-- --------------------------------------------------------

--
-- Структура таблицы `migrations`
--

CREATE TABLE `migrations` (
  `id` int(10) UNSIGNED NOT NULL,
  `migration` varchar(191) COLLATE utf8mb4_unicode_ci NOT NULL,
  `batch` int(11) NOT NULL
) ENGINE=InnoDB DEFAULT CHARSET=utf8mb4 COLLATE=utf8mb4_unicode_ci;

--
-- Дамп данных таблицы `migrations`
--

INSERT INTO `migrations` (`id`, `migration`, `batch`) VALUES
(1, '2014_09_22_074125_create_roles_table', 1),
(2, '2014_09_22_074242_create_permissions_table', 1),
(3, '2014_09_22_080411_create_permission_role_table', 1),
(4, '2014_10_12_000000_create_users_table', 1),
(5, '2014_10_12_100000_create_password_resets_table', 1),
(6, '2019_08_19_000000_create_failed_jobs_table', 1),
(7, '2019_12_14_000001_create_personal_access_tokens_table', 1),
(8, '2022_10_22_122836_create_orders_table', 1),
(9, '2022_10_23_075706_create_categories_table', 1),
(10, '2022_10_23_092426_create_tags_table', 1),
(11, '2022_10_23_103411_create_products_table', 1),
(12, '2022_11_01_102516_create_order_product_table', 1),
(13, '2022_11_01_102630_create_product_tag_table', 1),
(14, '2014_10_12_000000_create_emails_table', 2),
(15, '2014_10_12_000001_create_emails_table', 3),
(17, '2022_11_18_160754_product_translations', 4),
(18, '2022_11_18_160754_category_translations', 5),
(19, '2022_11_18_160754_tag_translations', 6);

-- --------------------------------------------------------

--
-- Структура таблицы `orders`
--

CREATE TABLE `orders` (
  `id` bigint(20) UNSIGNED NOT NULL,
  `user_id` bigint(20) UNSIGNED DEFAULT NULL,
  `amount` int(10) UNSIGNED NOT NULL DEFAULT '0',
  `payment_status` tinyint(3) UNSIGNED NOT NULL DEFAULT '0',
  `delivery_status` tinyint(3) UNSIGNED NOT NULL DEFAULT '0',
  `payment_method` varchar(191) COLLATE utf8mb4_unicode_ci NOT NULL,
  `country` varchar(191) COLLATE utf8mb4_unicode_ci NOT NULL,
  `created_at` timestamp NULL DEFAULT NULL,
  `updated_at` timestamp NULL DEFAULT NULL,
  `deleted_at` timestamp NULL DEFAULT NULL
) ENGINE=InnoDB DEFAULT CHARSET=utf8mb4 COLLATE=utf8mb4_unicode_ci;

--
-- Дамп данных таблицы `orders`
--

INSERT INTO `orders` (`id`, `user_id`, `amount`, `payment_status`, `delivery_status`, `payment_method`, `country`, `created_at`, `updated_at`, `deleted_at`) VALUES
(1, 50, 0, 1, 1, 'Mastercard', 'Spain', '2022-11-05 13:48:32', '2022-11-14 09:17:00', NULL),
(2, 61, 97502, 1, 0, 'COD', 'Spain', '2022-11-05 13:48:32', '2022-11-11 14:05:10', '2022-11-11 14:05:10'),
(3, 65, 4493, 0, 0, 'Mastercard', 'Spain', '2022-11-05 13:48:32', '2022-11-11 14:19:20', '2022-11-11 14:19:20'),
(4, 86, 46201, 3, 0, 'Paypal', 'England', '2022-11-05 13:48:32', '2022-11-11 14:19:20', '2022-11-11 14:19:20'),
(5, 1, 5555, 3, 4, 'Mastercard', 'Spain', '2022-11-05 13:48:32', '2022-11-12 10:42:35', NULL),
(6, 61, 32489, 2, 0, 'Mastercard', 'Spain', '2022-11-05 13:48:32', '2022-11-05 13:48:32', NULL),
(7, 96, 5677, 0, 0, 'Visa', 'Italy', '2022-11-05 13:48:32', '2022-11-05 13:48:32', NULL),
(8, 48, 86392, 1, 0, 'Visa', 'Germany', '2022-11-05 13:48:32', '2022-11-05 13:48:32', NULL),
(9, 61, 76593, 1, 0, 'Mastercard', 'Italy', '2022-11-05 13:48:32', '2022-11-05 13:48:32', NULL),
(10, 50, 51230, 1, 0, 'Visa', 'Germany', '2022-11-05 13:48:32', '2022-11-05 13:48:32', NULL),
(11, 16, 51816, 2, 0, 'Mastercard', 'Germany', '2022-11-05 13:48:32', '2022-11-05 13:48:32', NULL),
(12, 42, 11632, 2, 0, 'Mastercard', 'Franch', '2022-11-05 13:48:32', '2022-11-05 13:48:32', NULL),
(13, 55, 68759, 2, 0, 'Mastercard', 'England', '2022-11-05 13:48:32', '2022-11-05 13:48:32', NULL),
(14, 32, 78390, 1, 0, 'Visa', 'England', '2022-11-05 13:48:32', '2022-11-05 13:48:32', NULL),
(15, 98, 77559, 2, 0, 'Visa', 'Italy', '2022-11-05 13:48:32', '2022-11-05 13:48:32', NULL),
(16, 63, 20837, 3, 0, 'Mastercard', 'Germany', '2022-11-05 13:48:32', '2022-11-05 13:48:32', NULL),
(17, 63, 43437, 1, 0, 'COD', 'Spain', '2022-11-05 13:48:32', '2022-11-05 13:48:32', NULL),
(18, 8, 46702, 2, 0, 'COD', 'England', '2022-11-05 13:48:32', '2022-11-05 13:48:32', NULL),
(19, 52, 40636, 3, 0, 'COD', 'Germany', '2022-11-05 13:48:32', '2022-11-05 13:48:32', NULL),
(20, 57, 7058, 0, 3, 'Mastercard', 'Spain', '2022-11-05 13:48:32', '2022-11-06 18:15:08', NULL),
(21, 94, 93014, 1, 0, 'Visa', 'Italy', '2022-11-05 13:48:32', '2022-11-05 13:48:32', NULL),
(22, 53, 63098, 0, 0, 'COD', 'Franch', '2022-11-05 13:48:32', '2022-11-05 13:48:32', NULL),
(23, 72, 52001, 3, 0, 'Paypal', 'Spain', '2022-11-05 13:48:32', '2022-11-05 13:48:32', NULL),
(24, 85, 81676, 2, 0, 'Paypal', 'England', '2022-11-05 13:48:32', '2022-11-05 13:48:32', NULL),
(25, 73, 32244, 1, 0, 'Mastercard', 'Franch', '2022-11-05 13:48:32', '2022-11-05 13:48:32', NULL),
(26, 96, 30725, 3, 0, 'COD', 'Spain', '2022-11-05 13:48:32', '2022-11-05 13:48:32', NULL),
(27, 93, 49121, 3, 0, 'Visa', 'Spain', '2022-11-05 13:48:32', '2022-11-05 13:48:32', NULL),
(28, 76, 64418, 0, 0, 'Visa', 'Franch', '2022-11-05 13:48:33', '2022-11-05 13:48:33', NULL),
(29, 66, 12815, 2, 0, 'Paypal', 'Germany', '2022-11-05 13:48:33', '2022-11-05 13:48:33', NULL),
(30, 93, 73969, 1, 0, 'Mastercard', 'Franch', '2022-11-05 13:48:33', '2022-11-05 13:48:33', NULL),
(31, 25, 65875, 1, 0, 'Visa', 'Spain', '2022-11-05 13:48:33', '2022-11-05 13:48:33', NULL),
(32, 16, 81987, 2, 0, 'Paypal', 'England', '2022-11-05 13:48:33', '2022-11-05 13:48:33', NULL),
(33, 34, 65860, 1, 0, 'Mastercard', 'Spain', '2022-11-05 13:48:33', '2022-11-05 13:48:33', NULL),
(34, 90, 99928, 0, 0, 'COD', 'Spain', '2022-11-05 13:48:33', '2022-11-05 13:48:33', NULL),
(35, 66, 27775, 2, 0, 'COD', 'England', '2022-11-05 13:48:33', '2022-11-05 13:48:33', NULL),
(36, 90, 39461, 1, 0, 'Paypal', 'England', '2022-11-05 13:48:33', '2022-11-05 13:48:33', NULL),
(37, 48, 46216, 2, 0, 'Visa', 'Spain', '2022-11-05 13:48:33', '2022-11-05 13:48:33', NULL),
(38, 19, 39667, 0, 0, 'Mastercard', 'Germany', '2022-11-05 13:48:33', '2022-11-05 13:48:33', NULL),
(39, 40, 52166, 2, 0, 'Paypal', 'Franch', '2022-11-05 13:48:33', '2022-11-05 13:48:33', NULL),
(40, 56, 7106, 2, 0, 'Mastercard', 'Franch', '2022-11-05 13:48:33', '2022-11-05 13:48:33', NULL),
(41, 45, 12087, 0, 0, 'COD', 'Franch', '2022-11-05 13:48:33', '2022-11-05 13:48:33', NULL),
(42, 36, 85173, 3, 0, 'Paypal', 'Germany', '2022-11-05 13:48:33', '2022-11-05 13:48:33', NULL),
(43, 57, 87742, 3, 0, 'COD', 'Italy', '2022-11-05 13:48:33', '2022-11-05 13:48:33', NULL),
(44, 67, 51502, 2, 0, 'COD', 'Franch', '2022-11-05 13:48:33', '2022-11-05 13:48:33', NULL),
(45, 89, 4471, 1, 0, 'Mastercard', 'England', '2022-11-05 13:48:33', '2022-11-05 13:48:33', NULL),
(46, 3, 90045, 1, 0, 'COD', 'England', '2022-11-05 13:48:33', '2022-11-05 13:48:33', NULL),
(47, 26, 74148, 3, 0, 'Mastercard', 'Spain', '2022-11-05 13:48:33', '2022-11-05 13:48:33', NULL),
(48, 85, 88452, 3, 0, 'Mastercard', 'England', '2022-11-05 13:48:33', '2022-11-05 13:48:33', NULL),
(49, 31, 60904, 2, 0, 'COD', 'England', '2022-11-05 13:48:33', '2022-11-05 13:48:33', NULL),
(50, 87, 21746, 1, 0, 'COD', 'Franch', '2022-11-05 13:48:33', '2022-11-05 13:48:33', NULL),
(51, 45, 13306, 2, 0, 'Paypal', 'Germany', '2022-11-05 13:48:33', '2022-11-05 13:48:33', NULL),
(52, 16, 17844, 0, 0, 'Paypal', 'Franch', '2022-11-05 13:48:33', '2022-11-05 13:48:33', NULL),
(53, 66, 15882, 0, 0, 'COD', 'Italy', '2022-11-05 13:48:33', '2022-11-05 13:48:33', NULL),
(54, 55, 59724, 3, 0, 'Mastercard', 'Italy', '2022-11-05 13:48:33', '2022-11-05 13:48:33', NULL),
(55, 28, 39998, 0, 0, 'Paypal', 'Franch', '2022-11-05 13:48:33', '2022-11-05 13:48:33', NULL),
(56, 53, 41377, 1, 0, 'Paypal', 'Franch', '2022-11-05 13:48:33', '2022-11-05 13:48:33', NULL),
(57, 15, 88540, 0, 0, 'Mastercard', 'England', '2022-11-05 13:48:33', '2022-11-05 13:48:33', NULL),
(58, 85, 12840, 2, 0, 'COD', 'Spain', '2022-11-05 13:48:33', '2022-11-05 13:48:33', NULL),
(59, 82, 86364, 3, 0, 'Paypal', 'England', '2022-11-05 13:48:33', '2022-11-05 13:48:33', NULL),
(60, 29, 97848, 1, 0, 'Mastercard', 'England', '2022-11-05 13:48:33', '2022-11-05 13:48:33', NULL),
(61, 89, 98556, 0, 0, 'Paypal', 'Spain', '2022-11-05 13:48:33', '2022-11-05 13:48:33', NULL),
(62, 58, 53953, 1, 0, 'COD', 'Germany', '2022-11-05 13:48:33', '2022-11-05 13:48:33', NULL),
(63, 2, 37811, 3, 0, 'Mastercard', 'Franch', '2022-11-05 13:48:34', '2022-11-05 13:48:34', NULL),
(64, 65, 13365, 2, 0, 'Visa', 'England', '2022-11-05 13:48:34', '2022-11-05 13:48:34', NULL),
(65, 34, 13302, 3, 0, 'COD', 'England', '2022-11-05 13:48:34', '2022-11-05 13:48:34', NULL),
(66, 78, 93776, 3, 0, 'COD', 'Italy', '2022-11-05 13:48:34', '2022-11-05 13:48:34', NULL),
(67, 87, 82493, 1, 0, 'COD', 'Spain', '2022-11-05 13:48:34', '2022-11-05 13:48:34', NULL),
(68, 5, 94564, 3, 0, 'Mastercard', 'Spain', '2022-11-05 13:48:34', '2022-11-05 13:48:34', NULL),
(69, 39, 79853, 3, 0, 'Visa', 'Spain', '2022-11-05 13:48:34', '2022-11-05 13:48:34', NULL),
(70, 87, 69157, 0, 0, 'COD', 'Spain', '2022-11-05 13:48:34', '2022-11-05 13:48:34', NULL),
(71, 22, 62553, 2, 0, 'Paypal', 'England', '2022-11-05 13:48:34', '2022-11-05 13:48:34', NULL),
(72, 37, 17264, 3, 0, 'Visa', 'Italy', '2022-11-05 13:48:34', '2022-11-05 13:48:34', NULL),
(73, 50, 68866, 1, 0, 'Visa', 'Italy', '2022-11-05 13:48:34', '2022-11-05 13:48:34', NULL),
(74, 44, 34955, 1, 0, 'Visa', 'Italy', '2022-11-05 13:48:34', '2022-11-05 13:48:34', NULL),
(75, 49, 63940, 1, 0, 'COD', 'Franch', '2022-11-05 13:48:34', '2022-11-05 13:48:34', NULL),
(76, 33, 31021, 1, 0, 'Paypal', 'Spain', '2022-11-05 13:48:34', '2022-11-05 13:48:34', NULL),
(77, 43, 23585, 1, 0, 'COD', 'England', '2022-11-05 13:48:34', '2022-11-05 13:48:34', NULL),
(78, 59, 63140, 1, 0, 'COD', 'England', '2022-11-05 13:48:34', '2022-11-05 13:48:34', NULL),
(79, 16, 17453, 1, 0, 'COD', 'Germany', '2022-11-05 13:48:34', '2022-11-05 13:48:34', NULL),
(80, 32, 20833, 0, 0, 'Visa', 'England', '2022-11-05 13:48:34', '2022-11-05 13:48:34', NULL),
(81, 100, 31159, 0, 0, 'COD', 'Spain', '2022-11-05 13:48:34', '2022-11-05 13:48:34', NULL),
(82, 89, 19632, 1, 0, 'Paypal', 'Italy', '2022-11-05 13:48:34', '2022-11-05 13:48:34', NULL),
(83, 49, 44873, 0, 0, 'Paypal', 'Italy', '2022-11-05 13:48:34', '2022-11-05 13:48:34', NULL),
(84, 49, 39271, 1, 0, 'COD', 'Italy', '2022-11-05 13:48:34', '2022-11-05 13:48:34', NULL),
(85, 96, 64643, 1, 0, 'Paypal', 'Italy', '2022-11-05 13:48:34', '2022-11-05 13:48:34', NULL),
(86, 19, 57491, 0, 0, 'COD', 'Spain', '2022-11-05 13:48:34', '2022-11-05 13:48:34', NULL),
(87, 43, 2116, 3, 0, 'COD', 'Franch', '2022-11-05 13:48:34', '2022-11-05 13:48:34', NULL),
(88, 100, 96669, 0, 0, 'Paypal', 'Spain', '2022-11-05 13:48:34', '2022-11-05 13:48:34', NULL),
(89, 15, 28628, 3, 0, 'COD', 'Franch', '2022-11-05 13:48:34', '2022-11-05 13:48:34', NULL),
(90, 55, 60475, 3, 0, 'Paypal', 'Italy', '2022-11-05 13:48:34', '2022-11-05 13:48:34', NULL),
(91, 70, 93383, 2, 0, 'Visa', 'Franch', '2022-11-05 13:48:34', '2022-11-05 13:48:34', NULL),
(92, 77, 48844, 0, 0, 'Mastercard', 'Germany', '2022-11-05 13:48:34', '2022-11-05 13:48:34', NULL),
(93, 97, 82909, 2, 0, 'Mastercard', 'Germany', '2022-11-05 13:48:34', '2022-11-05 13:48:34', NULL),
(94, 98, 1411, 0, 0, 'Visa', 'Italy', '2022-11-05 13:48:34', '2022-11-05 13:48:34', NULL),
(95, 53, 36660, 2, 0, 'COD', 'England', '2022-11-05 13:48:34', '2022-11-05 13:48:34', NULL),
(96, 29, 38722, 1, 5, 'Mastercard', 'Germany', '2022-11-23 13:48:34', '2022-11-06 18:15:26', NULL),
(97, 66, 17757, 3, 2, 'Paypal', 'Spain', '2022-11-05 13:48:34', '2022-11-07 06:55:38', NULL),
(98, 93, 24856, 0, 4, 'COD', 'Germany', '2022-11-05 13:48:35', '2022-11-07 10:13:33', '2022-11-07 10:13:33'),
(99, 37, 67711, 0, 0, 'Visa', 'Germany', '2022-11-05 13:48:35', '2022-11-11 14:05:25', NULL),
(100, 7, 59072, 1, 0, 'Visa', 'Spain', '2022-11-05 13:48:35', '2022-11-07 10:13:11', '2022-11-07 10:13:11'),
(101, 1, 1100, 0, 3, 'COD', 'Germany', '2022-11-11 17:07:03', '2022-11-11 17:07:03', NULL),
(102, 1, 1100, 0, 3, 'COD', 'Germany', '2022-11-11 17:08:21', '2022-11-11 17:08:21', NULL),
(103, 1, 1100, 0, 3, 'COD', 'Germany', '2022-11-11 17:09:49', '2022-11-11 17:09:49', NULL),
(104, 1, 1100, 0, 3, 'COD', 'Germany', '2022-11-11 17:11:29', '2022-11-11 17:11:29', NULL),
(106, 1, 1100, 0, 3, 'COD', 'Germany', '2022-11-11 17:19:58', '2022-11-11 17:19:58', NULL),
(107, 1, 1100, 0, 3, 'COD', 'Germany', '2022-11-11 17:20:48', '2022-11-11 17:20:48', NULL),
(108, 1, 1100, 0, 3, 'COD', 'Germany', '2022-11-11 17:21:28', '2022-11-11 17:21:28', NULL),
(109, 1, 1100, 0, 3, 'COD', 'Germany', '2022-11-11 17:21:48', '2022-11-11 17:21:48', NULL),
(110, 1, 1100, 0, 3, 'COD', 'Germany', '2022-11-11 17:22:29', '2022-11-11 17:22:29', NULL),
(111, 1, 1100, 0, 3, 'COD', 'Germany', '2022-11-11 17:25:14', '2022-11-11 17:25:14', NULL),
(112, 50, 1100, 0, 4, 'COD', 'Germany', '2022-11-12 08:10:48', '2022-11-12 08:10:48', NULL),
(113, 50, 2222, 0, 0, 'Visa', 'Germany', '2022-11-12 09:45:29', '2022-11-12 09:45:29', NULL),
(114, 50, 3333, 0, 0, 'Visa', 'Germany', '2022-11-12 09:48:42', '2022-11-12 09:48:42', NULL),
(115, 50, 4444, 0, 0, 'Visa', 'Germany', '2022-11-12 09:52:20', '2022-11-12 09:52:20', NULL),
(116, 50, 4444, 0, 3, 'Visa', 'Germany', '2022-11-12 09:56:36', '2022-11-12 09:56:36', NULL);

-- --------------------------------------------------------

--
-- Структура таблицы `order_product`
--

CREATE TABLE `order_product` (
  `id` bigint(20) UNSIGNED NOT NULL,
  `product_id` bigint(20) UNSIGNED NOT NULL,
  `order_id` bigint(20) UNSIGNED NOT NULL,
  `quantity` int(10) UNSIGNED NOT NULL DEFAULT '0',
  `created_at` timestamp NULL DEFAULT NULL,
  `updated_at` timestamp NULL DEFAULT NULL
) ENGINE=InnoDB DEFAULT CHARSET=utf8mb4 COLLATE=utf8mb4_unicode_ci;

--
-- Дамп данных таблицы `order_product`
--

INSERT INTO `order_product` (`id`, `product_id`, `order_id`, `quantity`, `created_at`, `updated_at`) VALUES
(4, 27, 2, 1, NULL, NULL),
(5, 43, 2, 1, NULL, NULL),
(6, 47, 2, 1, NULL, NULL),
(7, 1, 3, 5, NULL, NULL),
(8, 18, 3, 5, NULL, NULL),
(9, 25, 3, 5, NULL, NULL),
(10, 8, 4, 2, NULL, NULL),
(11, 49, 4, 2, NULL, NULL),
(12, 71, 4, 2, NULL, NULL),
(13, 31, 5, 5, NULL, NULL),
(14, 38, 5, 5, NULL, NULL),
(16, 7, 6, 3, NULL, NULL),
(17, 33, 6, 3, NULL, NULL),
(18, 47, 6, 3, NULL, NULL),
(19, 29, 7, 4, NULL, NULL),
(20, 66, 7, 4, NULL, NULL),
(21, 91, 7, 4, NULL, NULL),
(22, 36, 8, 1, NULL, NULL),
(23, 61, 8, 1, NULL, NULL),
(24, 99, 8, 1, NULL, NULL),
(25, 35, 9, 1, NULL, NULL),
(26, 64, 9, 1, NULL, NULL),
(27, 90, 9, 1, NULL, NULL),
(28, 20, 10, 2, NULL, NULL),
(29, 33, 10, 2, NULL, NULL),
(30, 87, 10, 2, NULL, NULL),
(31, 10, 11, 2, NULL, NULL),
(32, 11, 11, 2, NULL, NULL),
(33, 38, 11, 2, NULL, NULL),
(34, 11, 12, 4, NULL, NULL),
(35, 30, 12, 4, NULL, NULL),
(36, 57, 12, 4, NULL, NULL),
(37, 53, 13, 4, NULL, NULL),
(38, 80, 13, 4, NULL, NULL),
(39, 82, 13, 4, NULL, NULL),
(40, 8, 14, 2, NULL, NULL),
(41, 43, 14, 2, NULL, NULL),
(42, 76, 14, 2, NULL, NULL),
(43, 13, 15, 1, NULL, NULL),
(44, 70, 15, 1, NULL, NULL),
(45, 92, 15, 1, NULL, NULL),
(46, 15, 16, 1, NULL, NULL),
(47, 58, 16, 1, NULL, NULL),
(48, 72, 16, 1, NULL, NULL),
(49, 4, 17, 4, NULL, NULL),
(50, 90, 17, 4, NULL, NULL),
(51, 91, 17, 4, NULL, NULL),
(52, 50, 18, 3, NULL, NULL),
(53, 80, 18, 3, NULL, NULL),
(54, 93, 18, 3, NULL, NULL),
(55, 1, 19, 2, NULL, NULL),
(56, 24, 19, 2, NULL, NULL),
(57, 94, 19, 2, NULL, NULL),
(58, 29, 20, 3, NULL, NULL),
(59, 44, 20, 3, NULL, NULL),
(60, 59, 20, 3, NULL, NULL),
(61, 1, 21, 5, NULL, NULL),
(62, 17, 21, 5, NULL, NULL),
(63, 95, 21, 5, NULL, NULL),
(64, 29, 22, 4, NULL, NULL),
(65, 67, 22, 4, NULL, NULL),
(66, 90, 22, 4, NULL, NULL),
(67, 29, 23, 4, NULL, NULL),
(68, 30, 23, 4, NULL, NULL),
(69, 67, 23, 4, NULL, NULL),
(70, 30, 24, 2, NULL, NULL),
(71, 68, 24, 2, NULL, NULL),
(72, 84, 24, 2, NULL, NULL),
(73, 63, 25, 3, NULL, NULL),
(74, 76, 25, 3, NULL, NULL),
(75, 85, 25, 3, NULL, NULL),
(76, 67, 26, 3, NULL, NULL),
(77, 88, 26, 3, NULL, NULL),
(78, 90, 26, 3, NULL, NULL),
(79, 55, 27, 2, NULL, NULL),
(80, 71, 27, 2, NULL, NULL),
(81, 80, 27, 2, NULL, NULL),
(82, 31, 28, 1, NULL, NULL),
(83, 58, 28, 1, NULL, NULL),
(84, 71, 28, 1, NULL, NULL),
(85, 36, 29, 5, NULL, NULL),
(86, 77, 29, 5, NULL, NULL),
(87, 82, 29, 5, NULL, NULL),
(88, 12, 30, 4, NULL, NULL),
(89, 86, 30, 4, NULL, NULL),
(90, 97, 30, 4, NULL, NULL),
(91, 60, 31, 5, NULL, NULL),
(92, 71, 31, 5, NULL, NULL),
(93, 81, 31, 5, NULL, NULL),
(94, 67, 32, 3, NULL, NULL),
(95, 86, 32, 3, NULL, NULL),
(96, 87, 32, 3, NULL, NULL),
(97, 10, 33, 5, NULL, NULL),
(98, 13, 33, 5, NULL, NULL),
(99, 36, 33, 5, NULL, NULL),
(100, 66, 34, 3, NULL, NULL),
(101, 87, 34, 3, NULL, NULL),
(102, 97, 34, 3, NULL, NULL),
(103, 3, 35, 3, NULL, NULL),
(104, 60, 35, 3, NULL, NULL),
(105, 100, 35, 3, NULL, NULL),
(106, 8, 36, 1, NULL, NULL),
(107, 67, 36, 1, NULL, NULL),
(108, 78, 36, 1, NULL, NULL),
(109, 1, 37, 5, NULL, NULL),
(110, 52, 37, 5, NULL, NULL),
(111, 98, 37, 5, NULL, NULL),
(112, 31, 38, 1, NULL, NULL),
(113, 32, 38, 1, NULL, NULL),
(114, 75, 38, 1, NULL, NULL),
(115, 52, 39, 1, NULL, NULL),
(116, 68, 39, 1, NULL, NULL),
(117, 85, 39, 1, NULL, NULL),
(118, 22, 40, 4, NULL, NULL),
(119, 55, 40, 4, NULL, NULL),
(120, 78, 40, 4, NULL, NULL),
(121, 24, 41, 1, NULL, NULL),
(122, 60, 41, 1, NULL, NULL),
(123, 87, 41, 1, NULL, NULL),
(124, 31, 42, 4, NULL, NULL),
(125, 51, 42, 4, NULL, NULL),
(126, 65, 42, 4, NULL, NULL),
(127, 3, 43, 1, NULL, NULL),
(128, 95, 43, 1, NULL, NULL),
(129, 98, 43, 1, NULL, NULL),
(130, 18, 44, 4, NULL, NULL),
(131, 39, 44, 4, NULL, NULL),
(132, 100, 44, 4, NULL, NULL),
(133, 22, 45, 2, NULL, NULL),
(134, 33, 45, 2, NULL, NULL),
(135, 100, 45, 2, NULL, NULL),
(136, 26, 46, 2, NULL, NULL),
(137, 31, 46, 2, NULL, NULL),
(138, 81, 46, 2, NULL, NULL),
(139, 11, 47, 1, NULL, NULL),
(140, 33, 47, 1, NULL, NULL),
(141, 48, 47, 1, NULL, NULL),
(142, 40, 48, 1, NULL, NULL),
(143, 80, 48, 1, NULL, NULL),
(144, 87, 48, 1, NULL, NULL),
(145, 45, 49, 1, NULL, NULL),
(146, 54, 49, 1, NULL, NULL),
(147, 69, 49, 1, NULL, NULL),
(148, 17, 50, 4, NULL, NULL),
(149, 40, 50, 4, NULL, NULL),
(150, 47, 50, 4, NULL, NULL),
(151, 25, 51, 4, NULL, NULL),
(152, 32, 51, 4, NULL, NULL),
(153, 89, 51, 4, NULL, NULL),
(154, 57, 52, 1, NULL, NULL),
(155, 76, 52, 1, NULL, NULL),
(156, 92, 52, 1, NULL, NULL),
(157, 1, 53, 2, NULL, NULL),
(158, 10, 53, 2, NULL, NULL),
(159, 23, 53, 2, NULL, NULL),
(160, 10, 54, 2, NULL, NULL),
(161, 40, 54, 2, NULL, NULL),
(162, 48, 54, 2, NULL, NULL),
(163, 23, 55, 5, NULL, NULL),
(164, 86, 55, 5, NULL, NULL),
(165, 98, 55, 5, NULL, NULL),
(166, 15, 56, 5, NULL, NULL),
(167, 33, 56, 5, NULL, NULL),
(168, 47, 56, 5, NULL, NULL),
(169, 13, 57, 3, NULL, NULL),
(170, 56, 57, 3, NULL, NULL),
(171, 58, 57, 3, NULL, NULL),
(172, 2, 58, 5, NULL, NULL),
(173, 29, 58, 5, NULL, NULL),
(174, 45, 58, 5, NULL, NULL),
(175, 16, 59, 4, NULL, NULL),
(176, 17, 59, 4, NULL, NULL),
(177, 75, 59, 4, NULL, NULL),
(178, 35, 60, 3, NULL, NULL),
(179, 39, 60, 3, NULL, NULL),
(180, 87, 60, 3, NULL, NULL),
(181, 55, 61, 3, NULL, NULL),
(182, 66, 61, 3, NULL, NULL),
(183, 99, 61, 3, NULL, NULL),
(184, 44, 62, 5, NULL, NULL),
(185, 85, 62, 5, NULL, NULL),
(186, 99, 62, 5, NULL, NULL),
(187, 8, 63, 2, NULL, NULL),
(188, 49, 63, 2, NULL, NULL),
(189, 95, 63, 2, NULL, NULL),
(190, 38, 64, 2, NULL, NULL),
(191, 53, 64, 2, NULL, NULL),
(192, 98, 64, 2, NULL, NULL),
(193, 4, 65, 4, NULL, NULL),
(194, 14, 65, 4, NULL, NULL),
(195, 36, 65, 4, NULL, NULL),
(196, 23, 66, 3, NULL, NULL),
(197, 34, 66, 3, NULL, NULL),
(198, 80, 66, 3, NULL, NULL),
(199, 11, 67, 1, NULL, NULL),
(200, 56, 67, 1, NULL, NULL),
(201, 79, 67, 1, NULL, NULL),
(202, 47, 68, 5, NULL, NULL),
(203, 87, 68, 5, NULL, NULL),
(204, 89, 68, 5, NULL, NULL),
(205, 10, 69, 2, NULL, NULL),
(206, 43, 69, 2, NULL, NULL),
(207, 50, 69, 2, NULL, NULL),
(208, 5, 70, 5, NULL, NULL),
(209, 23, 70, 5, NULL, NULL),
(210, 73, 70, 5, NULL, NULL),
(211, 38, 71, 5, NULL, NULL),
(212, 61, 71, 5, NULL, NULL),
(213, 80, 71, 5, NULL, NULL),
(214, 6, 72, 1, NULL, NULL),
(215, 40, 72, 1, NULL, NULL),
(216, 69, 72, 1, NULL, NULL),
(217, 21, 73, 2, NULL, NULL),
(218, 39, 73, 2, NULL, NULL),
(219, 91, 73, 2, NULL, NULL),
(220, 61, 74, 5, NULL, NULL),
(221, 66, 74, 5, NULL, NULL),
(222, 78, 74, 5, NULL, NULL),
(223, 36, 75, 1, NULL, NULL),
(224, 41, 75, 1, NULL, NULL),
(225, 77, 75, 1, NULL, NULL),
(226, 27, 76, 4, NULL, NULL),
(227, 31, 76, 4, NULL, NULL),
(228, 67, 76, 4, NULL, NULL),
(229, 33, 77, 3, NULL, NULL),
(230, 72, 77, 3, NULL, NULL),
(231, 80, 77, 3, NULL, NULL),
(232, 46, 78, 3, NULL, NULL),
(233, 71, 78, 3, NULL, NULL),
(234, 75, 78, 3, NULL, NULL),
(235, 11, 79, 3, NULL, NULL),
(236, 35, 79, 3, NULL, NULL),
(237, 96, 79, 3, NULL, NULL),
(238, 20, 80, 2, NULL, NULL),
(239, 40, 80, 2, NULL, NULL),
(240, 81, 80, 2, NULL, NULL),
(241, 19, 81, 4, NULL, NULL),
(242, 43, 81, 4, NULL, NULL),
(243, 50, 81, 4, NULL, NULL),
(244, 9, 82, 4, NULL, NULL),
(245, 48, 82, 4, NULL, NULL),
(246, 74, 82, 4, NULL, NULL),
(247, 57, 83, 1, NULL, NULL),
(248, 76, 83, 1, NULL, NULL),
(249, 77, 83, 1, NULL, NULL),
(250, 8, 84, 5, NULL, NULL),
(251, 41, 84, 5, NULL, NULL),
(252, 76, 84, 5, NULL, NULL),
(253, 13, 85, 2, NULL, NULL),
(254, 56, 85, 2, NULL, NULL),
(255, 91, 85, 2, NULL, NULL),
(256, 9, 86, 5, NULL, NULL),
(257, 57, 86, 5, NULL, NULL),
(258, 64, 86, 5, NULL, NULL),
(259, 10, 87, 3, NULL, NULL),
(260, 19, 87, 3, NULL, NULL),
(261, 67, 87, 3, NULL, NULL),
(262, 51, 88, 1, NULL, NULL),
(263, 87, 88, 1, NULL, NULL),
(264, 92, 88, 1, NULL, NULL),
(265, 32, 89, 2, NULL, NULL),
(266, 37, 89, 2, NULL, NULL),
(267, 55, 89, 2, NULL, NULL),
(268, 37, 90, 3, NULL, NULL),
(269, 89, 90, 3, NULL, NULL),
(270, 92, 90, 3, NULL, NULL),
(271, 16, 91, 2, NULL, NULL),
(272, 47, 91, 2, NULL, NULL),
(273, 68, 91, 2, NULL, NULL),
(274, 8, 92, 4, NULL, NULL),
(275, 23, 92, 4, NULL, NULL),
(276, 77, 92, 4, NULL, NULL),
(277, 17, 93, 3, NULL, NULL),
(278, 22, 93, 3, NULL, NULL),
(279, 98, 93, 3, NULL, NULL),
(280, 38, 94, 2, NULL, NULL),
(281, 48, 94, 2, NULL, NULL),
(282, 95, 94, 2, NULL, NULL),
(283, 40, 95, 5, NULL, NULL),
(284, 51, 95, 5, NULL, NULL),
(285, 69, 95, 5, NULL, NULL),
(286, 48, 96, 1, NULL, NULL),
(287, 50, 96, 1, NULL, NULL),
(288, 73, 96, 1, NULL, NULL),
(289, 31, 97, 5, NULL, NULL),
(290, 37, 97, 5, NULL, NULL),
(291, 56, 97, 5, NULL, NULL),
(292, 17, 98, 2, NULL, NULL),
(293, 58, 98, 2, NULL, NULL),
(294, 94, 98, 2, NULL, NULL),
(295, 39, 99, 2, NULL, NULL),
(296, 74, 99, 2, NULL, NULL),
(297, 87, 99, 2, NULL, NULL),
(298, 2, 100, 4, NULL, NULL),
(299, 52, 100, 4, NULL, NULL),
(300, 99, 100, 4, NULL, NULL),
(301, 13, 101, 0, NULL, NULL),
(302, 13, 102, 0, NULL, NULL),
(303, 13, 103, 0, NULL, NULL),
(304, 13, 104, 0, NULL, NULL),
(305, 13, 106, 0, NULL, NULL),
(306, 13, 107, 0, NULL, NULL),
(307, 13, 108, 0, NULL, NULL),
(308, 13, 109, 0, NULL, NULL),
(309, 13, 110, 0, NULL, NULL),
(310, 13, 111, 0, NULL, NULL),
(311, 38, 112, 0, NULL, NULL),
(312, 26, 1, 0, NULL, NULL),
(313, 44, 1, 0, NULL, NULL),
(314, 26, 113, 0, NULL, NULL),
(315, 13, 113, 0, NULL, NULL),
(316, 26, 114, 0, NULL, NULL),
(317, 44, 114, 0, NULL, NULL),
(318, 61, 114, 0, NULL, NULL),
(319, 26, 115, 0, NULL, NULL),
(320, 26, 116, 0, NULL, NULL);

-- --------------------------------------------------------

--
-- Структура таблицы `password_resets`
--

CREATE TABLE `password_resets` (
  `email` varchar(191) COLLATE utf8mb4_unicode_ci NOT NULL,
  `token` varchar(191) COLLATE utf8mb4_unicode_ci NOT NULL,
  `created_at` timestamp NULL DEFAULT NULL
) ENGINE=InnoDB DEFAULT CHARSET=utf8mb4 COLLATE=utf8mb4_unicode_ci;

-- --------------------------------------------------------

--
-- Структура таблицы `permissions`
--

CREATE TABLE `permissions` (
  `id` bigint(20) UNSIGNED NOT NULL,
  `model` varchar(20) COLLATE utf8mb4_unicode_ci NOT NULL,
  `slug` varchar(191) COLLATE utf8mb4_unicode_ci NOT NULL,
  `description` text COLLATE utf8mb4_unicode_ci,
  `created_at` timestamp NULL DEFAULT NULL,
  `updated_at` timestamp NULL DEFAULT NULL,
  `deleted_at` timestamp NULL DEFAULT NULL
) ENGINE=InnoDB DEFAULT CHARSET=utf8mb4 COLLATE=utf8mb4_unicode_ci;

--
-- Дамп данных таблицы `permissions`
--

INSERT INTO `permissions` (`id`, `model`, `slug`, `description`, `created_at`, `updated_at`, `deleted_at`) VALUES
(1, 'User', 'user-view', 'Odit similique neque quisquam mollitia et repellat.', '2022-11-05 13:48:12', '2022-11-07 15:21:36', NULL),
(2, 'User', 'user-edit', 'Dicta cumque vero veniam veniam ad sequi adipisci.', '2022-11-05 13:48:12', '2022-11-07 15:21:36', NULL),
(3, 'User', 'user-create', 'Fugit nostrum atque non eveniet veniam quae iste eius.', '2022-11-05 13:48:12', '2022-11-05 13:48:12', NULL),
(4, 'User', 'user-delete', 'Odit ut quam distinctio necessitatibus quibusdam non dolorum harum voluptates omnis est nostrum perferendis.', '2022-11-05 13:48:12', '2022-11-05 13:48:12', NULL),
(5, 'Product', 'product-view', 'Laborum voluptatum culpa sed commodi debitis harum hic quo veniam.', '2022-11-05 13:48:12', '2022-11-05 13:48:12', NULL),
(6, 'Product', 'product-edit', 'Illo eos voluptates culpa omnis sint earum quibusdam aliquid rerum labore.', '2022-11-05 13:48:13', '2022-11-05 13:48:13', NULL),
(7, 'Product', 'product-create', 'Velit explicabo omnis consectetur nemo dolores quia ducimus nam dolores.', '2022-11-05 13:48:13', '2022-11-05 13:48:13', NULL),
(8, 'Product', 'product-delete', 'Quasi numquam ducimus quia deleniti voluptatem id ex aut molestias occaecati omnis quo.', '2022-11-05 13:48:13', '2022-11-05 13:48:13', NULL),
(9, 'Order', 'order-view', 'Dicta id ducimus qui perferendis et non sapiente aspernatur.', '2022-11-05 13:48:13', '2022-11-05 13:48:13', NULL),
(10, 'Order', 'order-edit', 'Tempore aut eos id odit quis ab exercitationem expedita.', '2022-11-05 13:48:13', '2022-11-05 13:48:13', NULL),
(11, 'Order', 'order-create', 'Voluptatem culpa quis omnis fugiat dignissimos maiores et.', '2022-11-05 13:48:13', '2022-11-05 13:48:13', NULL),
(12, 'Order', 'order-delete', 'Fuga sequi aperiam adipisci non magnam temporibus dolores.', '2022-11-05 13:48:13', '2022-11-05 13:48:13', NULL),
(13, 'Category', 'category-view', 'Excepturi quasi ducimus quis illum eum impedit aut earum.', '2022-11-05 13:48:13', '2022-11-05 13:48:13', NULL),
(14, 'Category', 'category-edit', 'Qui excepturi quidem aliquid harum illo labore consequatur voluptatum omnis facere qui et ea.', '2022-11-05 13:48:13', '2022-11-05 13:48:13', NULL),
(15, 'Category', 'category-create', 'Rerum ut magni aut quam tempora est sit et quis omnis veniam.', '2022-11-05 13:48:13', '2022-11-05 13:48:13', NULL),
(16, 'Category', 'category-delete', 'Esse similique veniam totam sit pariatur rem accusamus nam fugiat mollitia ut qui.', '2022-11-05 13:48:13', '2022-11-05 13:48:13', NULL),
(17, 'Role', 'role-view', 'Officiis voluptatum distinctio est quo voluptatum occaecati eaque reiciendis officiis.', '2022-11-05 13:48:13', '2022-11-05 13:48:13', NULL),
(18, 'Role', 'role-edit', 'Magni qui dolor iusto in corporis qui sequi repellendus consequatur omnis hic.', '2022-11-05 13:48:13', '2022-11-05 13:48:13', NULL),
(19, 'Role', 'role-create', 'Dolorem ad doloremque voluptates fugiat tempora sapiente voluptas velit doloribus et accusamus tempora.', '2022-11-05 13:48:13', '2022-11-05 13:48:13', NULL),
(20, 'Role', 'role-delete', 'Dolor autem deleniti amet esse consequatur molestiae.', '2022-11-05 13:48:13', '2022-11-05 13:48:13', NULL),
(21, 'Permission', 'permission-view', 'Molestias voluptas nostrum totam quas et rerum magnam fuga deleniti accusantium velit.', '2022-11-05 13:48:13', '2022-11-05 13:48:13', NULL),
(22, 'Permission', 'permission-edit', 'Doloribus error dignissimos illum quia reiciendis odit.', '2022-11-05 13:48:13', '2022-11-05 13:48:13', NULL),
(23, 'Permission', 'permission-create', 'Dolorem fugit tenetur dolore voluptates id veniam harum est quaerat ratione qui omnis.', '2022-11-05 13:48:13', '2022-11-05 13:48:13', NULL),
(24, 'Permission', 'permission-delete', 'Est a in occaecati eum voluptas dolor quia minima.', '2022-11-05 13:48:13', '2022-11-05 13:48:13', NULL),
(25, 'Tag', 'tag-view', 'Aliquid impedit quis magni quaerat ut sed quibusdam facere eius.', '2022-11-05 13:48:13', '2022-11-05 13:48:13', NULL),
(26, 'Tag', 'tag-edit', 'Eveniet magni nisi officia aliquid velit eius aut aut.', '2022-11-05 13:48:13', '2022-11-05 13:48:13', NULL),
(27, 'Tag', 'tag-create', 'Dolore est qui aspernatur ad et ipsa repudiandae vitae voluptas ipsam facilis est.', '2022-11-05 13:48:13', '2022-11-05 13:48:13', NULL),
(28, 'Tag', 'tag-delete', 'Veritatis nostrum porro autem eius asperiores cumque vel sequi sunt quisquam.', '2022-11-05 13:48:13', '2022-11-05 13:48:13', NULL),
(45, 'User', 'user-view-all', NULL, '2022-11-07 17:06:45', '2022-11-07 17:06:45', NULL),
(46, 'User', 'user-restore', NULL, '2022-11-07 17:06:45', '2022-11-07 17:06:45', NULL),
(55, 'Category', 'category-view-all', NULL, '2022-11-08 07:56:37', '2022-11-08 07:56:37', NULL),
(56, 'Category', 'category-restore', NULL, '2022-11-08 07:56:37', '2022-11-08 07:56:37', NULL),
(57, 'Tag', 'tag-view-all', NULL, '2022-11-08 08:26:57', '2022-11-08 08:26:57', NULL),
(58, 'Tag', 'tag-restore', NULL, '2022-11-08 08:26:57', '2022-11-08 08:26:57', NULL),
(59, 'Email', 'email-view-all', NULL, '2022-11-09 17:50:20', '2022-11-09 17:50:20', NULL),
(60, 'Email', 'email-view', NULL, '2022-11-09 17:50:20', '2022-11-09 17:50:20', NULL),
(61, 'Email', 'email-edit', NULL, '2022-11-09 17:50:20', '2022-11-09 17:50:20', NULL),
(62, 'Email', 'email-create', NULL, '2022-11-09 17:50:20', '2022-11-09 17:50:20', NULL),
(63, 'Email', 'email-delete', NULL, '2022-11-09 17:50:20', '2022-11-09 17:50:20', NULL),
(64, 'Email', 'email-restore', NULL, '2022-11-09 17:50:20', '2022-11-09 17:50:20', NULL),
(65, 'Order', 'order-view-all', NULL, '2022-11-21 10:25:31', '2022-11-21 10:25:31', NULL),
(66, 'Order', 'order-restore', NULL, '2022-11-21 10:25:31', '2022-11-21 10:25:31', NULL),
(67, 'Role', 'role-view-all', NULL, '2022-11-21 10:43:30', '2022-11-21 10:43:30', NULL),
(68, 'Role', 'role-restore', NULL, '2022-11-21 10:43:30', '2022-11-21 10:43:30', NULL),
(69, 'Permission', 'permission-view-all', NULL, '2022-11-21 10:54:29', '2022-11-21 10:54:29', NULL),
(70, 'Permission', 'permission-restore', NULL, '2022-11-21 10:54:29', '2022-11-21 10:54:29', NULL),
(71, 'Product', 'product-view-all', NULL, '2022-11-21 11:00:59', '2022-11-21 11:00:59', NULL),
(72, 'Product', 'product-restore', NULL, '2022-11-21 11:00:59', '2022-11-21 11:00:59', NULL);

-- --------------------------------------------------------

--
-- Структура таблицы `permission_role`
--

CREATE TABLE `permission_role` (
  `id` bigint(20) UNSIGNED NOT NULL,
  `permission_id` bigint(20) UNSIGNED NOT NULL,
  `role_id` bigint(20) UNSIGNED NOT NULL,
  `created_at` timestamp NULL DEFAULT NULL,
  `updated_at` timestamp NULL DEFAULT NULL
) ENGINE=InnoDB DEFAULT CHARSET=utf8mb4 COLLATE=utf8mb4_unicode_ci;

--
-- Дамп данных таблицы `permission_role`
--

INSERT INTO `permission_role` (`id`, `permission_id`, `role_id`, `created_at`, `updated_at`) VALUES
(1, 1, 1, NULL, NULL),
(2, 3, 1, NULL, NULL),
(3, 4, 1, NULL, NULL),
(4, 5, 1, NULL, NULL),
(5, 7, 1, NULL, NULL),
(6, 9, 1, NULL, NULL),
(7, 10, 1, NULL, NULL),
(8, 11, 1, NULL, NULL),
(9, 13, 1, NULL, NULL),
(10, 14, 1, NULL, NULL),
(11, 16, 1, NULL, NULL),
(12, 18, 1, NULL, NULL),
(13, 19, 1, NULL, NULL),
(14, 20, 1, NULL, NULL),
(15, 21, 1, NULL, NULL),
(16, 23, 1, NULL, NULL),
(17, 24, 1, NULL, NULL),
(18, 25, 1, NULL, NULL),
(19, 26, 1, NULL, NULL),
(20, 27, 1, NULL, NULL),
(21, 3, 2, NULL, NULL),
(22, 5, 2, NULL, NULL),
(23, 6, 2, NULL, NULL),
(24, 7, 2, NULL, NULL),
(25, 8, 2, NULL, NULL),
(26, 10, 2, NULL, NULL),
(27, 11, 2, NULL, NULL),
(28, 12, 2, NULL, NULL),
(29, 13, 2, NULL, NULL),
(30, 14, 2, NULL, NULL),
(31, 16, 2, NULL, NULL),
(39, 25, 2, NULL, NULL),
(40, 28, 2, NULL, NULL),
(61, 2, 1, NULL, NULL),
(62, 8, 1, NULL, NULL),
(63, 6, 1, NULL, NULL),
(64, 2, 3, NULL, NULL),
(67, 12, 1, NULL, NULL),
(68, 17, 1, NULL, NULL),
(69, 22, 1, NULL, NULL),
(70, 28, 1, NULL, NULL),
(71, 1, 2, NULL, NULL),
(72, 2, 2, NULL, NULL),
(73, 4, 2, NULL, NULL),
(74, 9, 2, NULL, NULL),
(75, 15, 2, NULL, NULL),
(76, 26, 2, NULL, NULL),
(77, 27, 2, NULL, NULL),
(85, 1, 3, NULL, NULL),
(86, 3, 3, NULL, NULL),
(87, 4, 3, NULL, NULL),
(88, 3, 4, NULL, NULL),
(89, 15, 1, NULL, NULL),
(95, 45, 1, NULL, NULL),
(96, 46, 1, NULL, NULL),
(97, 55, 1, NULL, NULL),
(98, 56, 1, NULL, NULL),
(99, 57, 1, NULL, NULL),
(100, 58, 1, NULL, NULL),
(101, 59, 1, NULL, NULL),
(102, 60, 1, NULL, NULL),
(103, 61, 1, NULL, NULL),
(104, 62, 1, NULL, NULL),
(105, 63, 1, NULL, NULL),
(106, 64, 1, NULL, NULL),
(110, 2, 4, NULL, NULL),
(111, 1, 5, NULL, NULL),
(112, 2, 6, NULL, NULL),
(113, 3, 7, NULL, NULL),
(114, 2, 8, NULL, NULL),
(115, 2, 9, NULL, NULL);

-- --------------------------------------------------------

--
-- Структура таблицы `personal_access_tokens`
--

CREATE TABLE `personal_access_tokens` (
  `id` bigint(20) UNSIGNED NOT NULL,
  `tokenable_type` varchar(191) COLLATE utf8mb4_unicode_ci NOT NULL,
  `tokenable_id` bigint(20) UNSIGNED NOT NULL,
  `name` varchar(191) COLLATE utf8mb4_unicode_ci NOT NULL,
  `token` varchar(64) COLLATE utf8mb4_unicode_ci NOT NULL,
  `abilities` text COLLATE utf8mb4_unicode_ci,
  `last_used_at` timestamp NULL DEFAULT NULL,
  `created_at` timestamp NULL DEFAULT NULL,
  `updated_at` timestamp NULL DEFAULT NULL
) ENGINE=InnoDB DEFAULT CHARSET=utf8mb4 COLLATE=utf8mb4_unicode_ci;

-- --------------------------------------------------------

--
-- Структура таблицы `products`
--

CREATE TABLE `products` (
  `id` bigint(20) UNSIGNED NOT NULL,
  `category_id` bigint(20) UNSIGNED DEFAULT NULL,
  `name0` varchar(100) COLLATE utf8mb4_unicode_ci DEFAULT NULL,
  `slug` varchar(191) COLLATE utf8mb4_unicode_ci NOT NULL,
  `price` bigint(20) NOT NULL DEFAULT '0',
  `size` bigint(20) NOT NULL DEFAULT '0',
  `thc` bigint(20) NOT NULL DEFAULT '0',
  `cbd` bigint(20) NOT NULL DEFAULT '0',
  `sku` bigint(20) NOT NULL DEFAULT '0',
  `discount` bigint(20) NOT NULL DEFAULT '0',
  `discount_enable` tinyint(1) NOT NULL DEFAULT '1',
  `img_main` varchar(191) COLLATE utf8mb4_unicode_ci NOT NULL,
  `images` json DEFAULT NULL,
  `description` text COLLATE utf8mb4_unicode_ci,
  `title_seo` varchar(100) COLLATE utf8mb4_unicode_ci DEFAULT NULL,
  `description_seo` text COLLATE utf8mb4_unicode_ci,
  `keywords` varchar(191) COLLATE utf8mb4_unicode_ci DEFAULT NULL,
  `plant_type` varchar(191) COLLATE utf8mb4_unicode_ci NOT NULL,
  `effects` varchar(191) COLLATE utf8mb4_unicode_ci NOT NULL,
  `rating` int(11) NOT NULL DEFAULT '0',
  `is_published` tinyint(1) NOT NULL DEFAULT '1',
  `created_at` timestamp NULL DEFAULT NULL,
  `updated_at` timestamp NULL DEFAULT NULL,
  `deleted_at` timestamp NULL DEFAULT NULL
) ENGINE=InnoDB DEFAULT CHARSET=utf8mb4 COLLATE=utf8mb4_unicode_ci;

--
-- Дамп данных таблицы `products`
--

INSERT INTO `products` (`id`, `category_id`, `name0`, `slug`, `price`, `size`, `thc`, `cbd`, `sku`, `discount`, `discount_enable`, `img_main`, `images`, `description`, `title_seo`, `description_seo`, `keywords`, `plant_type`, `effects`, `rating`, `is_published`, `created_at`, `updated_at`, `deleted_at`) VALUES
(1, 5, 'Magnam fuga temporibus.', 'name-en', 1111, 230, 4154, 9914, 7399, 7842, 1, 'products/272-12-44-51-09-11-2022.png', '[\"products/612-12-44-51-09-11-2022.png\", \"products/739-12-44-51-09-11-2022.png\"]', '<p>Ut quia ut eum architecto sed sint enim et magni minus rerum dolorum quae quas porro eos eaque ea recusandae voluptatem assumenda accusantium doloribus earum consequatur voluptas quisquam quis rem magni voluptas reprehenderit praesentium placeat similique qui ut doloremque et illo debitis et quis qui assumenda voluptas error id illum sunt et ut sit cumque doloremque omnis ipsa est ut consequuntur exercitationem neque maiores commodi ex id est fugiat voluptates qui mollitia sint dolores sequi dolorem quaerat temporibus ea enim sed blanditiis voluptate incidunt illo ipsum veritatis et consequatur quibusdam voluptatum voluptate ullam fugiat assumenda odit eum voluptatem quia magni laborum voluptatem est illo quia vel ratione in eos ut veniam ullam nostrum architecto blanditiis aut qui adipisci nesciunt qui quis iure ipsam tenetur dolore praesentium et quia eos eos qui laborum voluptatem doloremque ipsa aliquid tempora deleniti distinctio laboriosam quia sunt quo sunt omnis fugit possimus officia nam quaerat illo quaerat ad sit tempora eligendi debitis illo quisquam assumenda ratione voluptatem quae libero aut non libero voluptas ex ipsa vel optio nemo rerum nemo est ut nostrum dolore velit praesentium atque sunt ab expedita eveniet velit quaerat commodi rerum cum autem sed id ut ipsa amet velit corrupti dicta autem delectus qui enim aut est et est qui natus molestias a eum ut odio occaecati et ab aut nostrum qui eos voluptatem autem quia est fugit qui porro minus enim doloribus suscipit eos sit cumque aut voluptates fugiat quo voluptas minima quos voluptas omnis repellendus illum ratione quod facere nisi rerum in ipsa laudantium modi similique ut quia nemo at incidunt corporis illum mollitia praesentium iure dolor repellat et et ut quia porro blanditiis sed quo qui omnis id rerum ut officiis nihil explicabo consectetur aspernatur blanditiis alias enim eius sed tempora dolores quo qui corrupti praesentium distinctio nihil quae dicta et ipsum non sunt quasi officiis iure sint qui velit qui in ipsam facilis.</p>', 'Nulla tempora quos ea.', 'Et et dignissimos voluptatem nobis qui aut fuga qui rerum quis in ut tempore facilis praesentium sint dolorem voluptas nihil nesciunt autem qui quis dolorem ipsa perspiciatis qui illum vero consequuntur magnam consequuntur ut recusandae suscipit hic odio aut voluptas omnis recusandae dolorem assumenda molestias explicabo omnis sit at perferendis fuga enim in in corporis deserunt nemo explicabo et voluptatum aperiam cumque nulla nobis enim nobis molestiae cum est voluptate quia praesentium illo quo voluptatum totam fugit ut sequi totam error rerum doloribus accusamus tempore non itaque voluptate ut a in est rerum iste ut eos aut et qui ut enim aspernatur dolor omnis est porro soluta et odio reprehenderit et saepe atque deleniti unde temporibus earum asperiores optio velit eos ullam incidunt quo nam ipsum non molestias dicta illum incidunt animi tempore consequatur ut assumenda aut eum eum reiciendis nihil beatae eligendi molestias corporis corporis ad incidunt sed nisi est repudiandae asperiores corrupti alias odit voluptas nesciunt blanditiis eligendi velit modi eveniet ipsum ullam voluptates et perferendis esse suscipit et minima aut repellendus nam maiores in blanditiis molestiae repellat nesciunt dignissimos excepturi distinctio ipsam eveniet qui placeat ut laboriosam eius saepe odio quis alias dolore quam quia sint commodi iste omnis ea iste modi soluta id adipisci omnis expedita odit quo expedita atque omnis vel voluptatem eum qui perspiciatis soluta quo illo autem consequatur in asperiores aliquam libero unde dolores vel doloremque sequi cum aut nihil id dolor totam ut aut atque autem voluptatem ratione et sed laborum recusandae occaecati aut qui maiores quidem accusantium et nulla quibusdam aut earum voluptates eligendi voluptas architecto nihil voluptatem in cupiditate vel id aspernatur sunt rerum beatae ut sunt aliquam dolor fugiat perferendis ducimus iure illum adipisci in dolor neque ab est soluta sed vel cum nihil doloremque voluptas repellendus nam labore quibusdam quo molestiae totam aperiam et recusandae officiis ex porro eaque delectus ducimus eligendi animi deserunt magnam dolorum dolor deleniti vero qui ea voluptatem sit enim dolor sed voluptas expedita expedita magnam impedit voluptatem sit vel explicabo ut architecto ut dolore consectetur iusto sunt ut et tempore id iste odit ut maxime dolorem quia similique at aut quibusdam esse iure corporis in voluptatum aliquam aut temporibus ut.', 'nisi,quia,corporis', 'Doloremque tenetur ut voluptas nihil.', 'impedit,sit,architecto', 0, 0, '2022-11-05 13:48:25', '2022-11-19 15:58:37', NULL),
(2, 8, 'Repellat nobis illum.', 'repellat-nobis-illum', 75927, 574, 7342, 3317, 852, 9088, 0, 'products/793-12-46-23-09-11-2022.jpg', '[\"products/927-12-46-23-09-11-2022.png\"]', '<p>Labore quia libero non iure recusandae voluptas dicta ea maxime quis inventore soluta rem corrupti molestiae dolores ipsam dolores quia ipsa a molestiae eos qui earum dolore sed sunt perspiciatis voluptatem esse corrupti sit asperiores consequuntur consequuntur quia incidunt magnam dolor sunt autem nam sed veritatis veritatis numquam odio est sit adipisci dolore amet reprehenderit eos alias minus hic laudantium voluptatem quasi nisi nostrum labore tempore nesciunt quia voluptatem corporis nesciunt suscipit eum voluptas exercitationem culpa qui in quae dolor ducimus aut fuga cupiditate illo rem nam voluptatem optio officia fugiat quod adipisci inventore provident placeat doloribus ut repellendus labore adipisci eum perferendis id molestiae earum totam deleniti illum consequatur in amet itaque totam laborum consequatur consequatur esse accusantium perspiciatis ut aut quod hic et vero suscipit delectus eum alias similique consequuntur ut pariatur est cupiditate aut at corporis voluptatem voluptatem ut quisquam pariatur ad aliquam consequatur architecto dolorum iure porro molestias perferendis veniam sapiente numquam eos sequi at libero tenetur ex aut facere itaque consequatur odit ratione enim est qui ipsam minima sunt qui et non laudantium libero saepe sit debitis ut possimus voluptatem incidunt voluptatibus neque et et cum laboriosam quia repellat at eum dolor excepturi mollitia cumque dolorem placeat qui provident eos non et minus neque doloremque in iste ex ut rerum enim omnis quis ratione consequatur quibusdam velit corporis inventore doloremque ipsa autem magnam mollitia ex nam fuga facere quasi est nostrum deserunt rerum iste consequatur aspernatur earum vitae aut provident voluptatem quaerat qui dolor modi voluptas et sapiente eos aspernatur voluptatem voluptas doloribus et voluptates optio asperiores qui eos et corporis est et tempore magni facere neque qui consectetur ipsa voluptatum non quo ut ex quia ab mollitia quidem non quia quia et est non accusantium aut sint dolores quis laboriosam qui adipisci qui eaque fuga voluptatem iusto et ab ab impedit necessitatibus sed et praesentium et architecto repudiandae ullam omnis distinctio cumque sunt aut provident harum laborum ut veritatis corrupti ipsam omnis odit ad earum dolore consequatur at labore reiciendis tenetur ipsum expedita consequatur incidunt iusto excepturi qui illum sunt dicta deleniti magnam molestias dolor aut et cupiditate blanditiis laboriosam deserunt quam quaerat voluptas qui sequi harum quia repudiandae voluptates iusto optio omnis et quas id sed sit laboriosam sit velit vel dolores ea voluptas molestiae doloribus consequatur rem earum quasi itaque.</p>', 'Qui amet laudantium pariatur.', 'Aliquam facilis ut nihil et sint dolorem adipisci esse omnis temporibus maiores dicta amet atque aut debitis aut ut cum asperiores ut cumque omnis aut iure perspiciatis quos inventore velit nesciunt voluptatibus labore velit dolores expedita expedita consequatur non voluptatem ut suscipit non esse tempore et quaerat ducimus quod et placeat quam est ipsum assumenda in non ipsam neque explicabo quaerat voluptas voluptatem voluptas minima voluptas qui magni sequi nemo inventore omnis possimus odio consequuntur non in in ratione omnis rerum alias exercitationem expedita hic non qui aut non laborum aut eaque quisquam maiores commodi non nihil consequatur distinctio et aliquam esse quia perferendis est quasi quam error recusandae voluptate dolorem nobis temporibus earum est dolores doloribus incidunt provident error cum similique iusto magni commodi facilis consequatur id qui sequi vel dolor dolore praesentium at minus eum autem libero eum aspernatur ea dolores aperiam ad neque qui dolorem vel inventore voluptate consequatur eaque aut minima reiciendis autem dignissimos vitae dolore itaque unde non qui inventore laudantium et qui vitae eveniet itaque et velit quas laudantium voluptas qui eaque non aut ut sapiente sunt error rerum eos explicabo veritatis consequatur ipsam id cumque praesentium nam qui reprehenderit sunt esse quia natus tempore quia quo perspiciatis suscipit ea est excepturi veritatis dolore necessitatibus eos aut modi minus architecto dolores fugit occaecati maxime quae nesciunt enim nisi soluta qui in voluptas ea et architecto accusantium minus animi repellat eveniet quos voluptatem porro aperiam consequatur nemo aut et architecto ab et eos sit illum delectus fugit veritatis et praesentium praesentium quia debitis amet quo facere qui eius eum repellendus sit dolores facere adipisci minus consectetur nihil non consequatur non consequuntur aut eveniet similique rerum eum voluptatibus at nemo nesciunt perferendis repellat officiis voluptatem corporis aut quo et minima saepe corporis aut molestiae.', 'accusantium,deleniti,quo', 'Tenetur vel aut pariatur dolorem.', 'alias,quia,dolor', 0, 0, '2022-11-05 13:48:25', '2022-11-13 07:04:01', NULL),
(3, 5, 'Sit vel aperiam porro.', 'sit-vel-aperiam-porro', 68721, 80, 786, 9548, 9142, 6552, 0, 'products/335-12-46-57-09-11-2022.jpg', '[\"products/955-12-46-57-09-11-2022.png\"]', '<p>Totam dolor placeat est assumenda sit tempore minus ad velit beatae earum nisi laborum voluptas dolores debitis autem repellendus quibusdam sit deserunt sapiente voluptatem accusantium exercitationem neque ut consequatur a dolorem ipsam rerum aliquam sit sit ut optio eos fugiat minus expedita et ut qui animi labore ab soluta non ut illum est ut amet et quia rerum et ut veritatis dolor illo quia quae ut rem aut qui eveniet et quaerat unde harum placeat et nemo tempora natus velit perspiciatis necessitatibus veritatis vel laboriosam non consequatur neque exercitationem aut distinctio a quo qui minus saepe maxime sapiente beatae sapiente facilis ut et rerum aut odit sint molestiae vel culpa fugit aut minima et molestiae nihil corporis quasi omnis quis laudantium molestias est dolor quod labore non neque voluptatem nostrum eveniet exercitationem sit eaque aut officia neque temporibus enim dolore eligendi quia error ut sed expedita quasi non accusantium aut placeat unde molestiae est mollitia beatae quisquam ut ea debitis aut voluptatibus iste dolores ratione quis vitae harum alias perspiciatis sint tenetur et sed atque consequatur aspernatur autem exercitationem ipsam id culpa soluta et tenetur repellat consectetur dignissimos rerum et nam perferendis aut commodi non id et nobis praesentium eaque cum est ea ut amet est rerum molestiae blanditiis sunt exercitationem aliquam dolore rerum blanditiis porro explicabo unde rerum et nihil quae quia impedit et quaerat a qui sed atque consequatur in temporibus delectus eos et ut repudiandae hic aut placeat odit exercitationem eaque repudiandae tempora est est itaque minima rem et doloribus rem et eos qui sit dolores accusantium molestias saepe nemo rem id nulla harum facilis dolore molestiae officia adipisci nulla et aut quaerat reprehenderit voluptate in blanditiis.</p>', 'Laudantium quos delectus.', 'Voluptatem deserunt perspiciatis velit sit eos fuga veritatis et id laboriosam quos id modi facere explicabo necessitatibus aliquam quia tempora quasi mollitia illo quis facere ab dolor molestiae necessitatibus placeat incidunt voluptas et accusamus autem qui est incidunt ut eligendi inventore est repellendus aut quisquam aut numquam ex nihil esse molestiae tenetur rerum in ratione voluptas adipisci rem fugiat laborum quam in ea delectus iusto qui porro voluptatibus ratione quo voluptates sunt architecto recusandae qui consequatur voluptas laudantium laboriosam consequatur maxime sint minima aut quis voluptatem ut qui et dolores eum aliquam est cumque animi commodi cupiditate et cumque aut consectetur eum pariatur quo optio adipisci voluptatem animi eligendi temporibus non ducimus temporibus nihil culpa rerum incidunt ipsa rerum harum et amet ea impedit aut optio dolor quae tempora quo sit delectus sint quo sunt culpa voluptate veritatis blanditiis et et enim quasi placeat quasi reiciendis cupiditate repellendus voluptatum sapiente enim temporibus ex non culpa sunt excepturi ipsam ab voluptas deleniti nostrum ut qui eum suscipit et aperiam reiciendis aut magni ea iusto consequuntur et ea est sit blanditiis aut est voluptatem vel cum alias commodi ullam debitis adipisci cumque qui ab quidem.', 'error,adipisci,ullam', 'Quos occaecati et magnam.', 'ut,voluptatem,magnam', 0, 1, '2022-11-05 13:48:25', '2022-11-09 10:46:58', '2022-11-14 15:13:07'),
(4, 6, 'Est quam nostrum aspernatur.', 'est-quam-nostrum-aspernatur', 61354, 914, 8128, 1780, 2887, 7730, 1, 'products/03.jpg', '[\"products/02.webp\", \"products/05.webp\"]', 'Mollitia quo illo distinctio ipsam a quo rerum et doloribus aut voluptatem molestias repudiandae debitis ipsum nulla cum et quia repellendus quos voluptates quia cumque enim similique qui voluptatem voluptas earum iure libero quis cumque illum eos quia nemo eaque ut in sunt ea dignissimos quam debitis fugiat repudiandae labore dolorem et quod similique facere harum expedita nisi qui quisquam ipsa quis eaque amet tenetur qui sit veritatis maxime est ut architecto dolorum quo sunt veniam sed vitae sed eveniet at ut aut quo deleniti alias qui odio incidunt omnis quis harum ut nostrum corrupti occaecati ut quod distinctio nulla quas similique nihil dolorem id fugit quam qui voluptas aut autem illum nihil voluptas sint nisi mollitia et aperiam et quis est quasi quia aut nobis optio neque hic voluptas qui eum laudantium hic dolores neque maxime qui quam quas quia fugiat dolorem corrupti quisquam accusantium quia laboriosam sit quasi adipisci facere omnis natus doloribus necessitatibus molestias perspiciatis sapiente quo ratione dolorem qui praesentium nihil quam ut odit porro possimus laborum nostrum soluta voluptatem assumenda sit est aperiam iusto suscipit quo corrupti iste velit ratione sunt mollitia eos aut nobis et quo quaerat sit est molestiae libero ab autem sit sint enim sed veniam nihil et est adipisci illo aut distinctio dolor laboriosam rerum est aut aut et distinctio accusamus aut consequatur quo aut et et sapiente officiis reprehenderit adipisci blanditiis cupiditate officiis nisi iste adipisci qui harum a officia maiores eligendi ipsum nihil suscipit eveniet dolorum natus ratione quia consequatur voluptates vitae pariatur accusamus et impedit facilis corporis et quia quia blanditiis porro labore sapiente vero temporibus quo rerum et ut et cum eum et autem vero aperiam culpa aut quasi minus iure ut sequi nulla repellendus sit omnis quis hic alias temporibus occaecati magni praesentium incidunt asperiores eos exercitationem et ut porro amet impedit voluptas aperiam vel vel sint quis porro laborum sapiente voluptas ea aut adipisci nihil eligendi ut omnis voluptas non pariatur natus dignissimos dolore esse magni praesentium consectetur sit nihil soluta tempore facilis fugiat qui sunt similique ea.', 'Sed rem omnis.', 'Sunt eum sit at nihil impedit natus quo illum perferendis porro eligendi voluptates consectetur enim voluptas laboriosam officia nesciunt numquam assumenda dolorum nam voluptatem tempora est atque accusantium ipsum delectus distinctio unde provident non optio iusto provident nesciunt voluptatem assumenda ea unde et iure sit sint atque et debitis nihil sed laudantium corrupti deleniti commodi atque earum accusamus voluptatibus nesciunt officiis mollitia atque perferendis incidunt odit quo perspiciatis id in aspernatur et facilis similique ullam beatae aliquid magni molestiae aut earum aut soluta deleniti repellendus voluptatibus soluta aperiam voluptatem accusantium tempora enim ipsam consequatur officia assumenda expedita voluptate rerum aperiam ab repellat ratione libero beatae delectus molestiae fugiat eos et ut tempore consectetur doloremque in aut aperiam sequi neque et ut corporis totam et provident saepe non eveniet sit sapiente voluptatem sunt sit vero inventore natus praesentium quibusdam laudantium consequatur dolore dolorem nulla nesciunt ut ipsam sit est molestias at et sunt amet qui non aliquam et nostrum voluptatem iste iste nesciunt in nostrum enim eius ipsum dolor itaque quidem ea ea saepe nihil culpa consequatur accusamus voluptatem similique ut dolores nulla alias dolores suscipit reiciendis libero ducimus et corporis voluptas ad consectetur animi optio ducimus sint non qui beatae cumque ullam aperiam omnis quia omnis facere molestias eveniet possimus consequatur saepe autem fuga voluptate voluptatibus quos dolores error qui aliquid maiores odit iste ipsa molestiae vitae doloremque minima nihil omnis accusamus debitis in sequi ipsam nesciunt accusantium sunt commodi ut occaecati exercitationem magni et perferendis dolorem accusantium harum porro et voluptatem iusto aut rem ut doloremque omnis distinctio exercitationem dignissimos velit.', 'cumque,rerum,adipisci', 'Nostrum aut recusandae eaque.', 'soluta,accusamus,consequatur', 0, 0, '2022-11-05 13:48:25', '2022-11-12 14:06:07', NULL),
(5, 3, 'Perferendis et saepe eos.', 'perferendis-et-saepe-eos', 31174, 864, 5330, 419, 1661, 4590, 0, 'products/03.jpg', '[\"products/02.webp\", \"products/05.webp\"]', 'Sit tempore dolorem facilis maxime eaque ea alias fugiat architecto rerum vel laborum aperiam qui quam doloremque aut ratione aliquam ea laborum reprehenderit ullam expedita harum et aut possimus tempora et minima reiciendis nulla maiores et mollitia itaque neque animi unde atque accusantium vero id repellendus provident ut omnis dolor ex fuga dolorem voluptas ratione magni quis recusandae distinctio rerum sed velit excepturi itaque ut nam provident laboriosam ullam sequi labore quia nihil rerum saepe quas voluptatum et laboriosam eum perferendis architecto inventore amet reiciendis aut dignissimos quisquam dignissimos deleniti occaecati nam ea quo nostrum minima et adipisci et qui non rerum et ab accusamus fuga explicabo rerum quae sequi omnis expedita distinctio sint omnis harum eos eum molestiae nisi harum exercitationem sed quod nulla vel et repellat porro et minus praesentium animi voluptate nihil temporibus dicta minima amet illum dolorum sed aut voluptate repudiandae quod eaque omnis nam architecto ducimus nihil et enim culpa molestias adipisci cupiditate culpa aut eveniet in necessitatibus et et eos omnis asperiores tempora nisi numquam autem eum velit recusandae ipsum et voluptate ipsa et id aut id ea voluptatem perferendis voluptatem provident totam voluptas aliquam minus sit distinctio nihil cum nulla vel dolorem id ut saepe omnis cupiditate ducimus distinctio quis cumque ullam et vero non quas aperiam eaque nihil ut numquam porro quam eum nobis quam et minus consequuntur soluta nulla dolor sed est tempore rem doloribus qui minus excepturi eum cupiditate nisi esse necessitatibus eius non doloremque deleniti non qui amet consequatur placeat facere et sed reiciendis expedita consequuntur quam iure ut doloremque rerum numquam et amet consequatur commodi ipsam sunt alias alias.', 'Rerum et quas libero.', 'Et sequi mollitia dolore iste adipisci rerum facilis adipisci ad minus fugiat non aut occaecati laboriosam eum tempora omnis vel aliquid earum vitae ad adipisci nulla impedit qui necessitatibus iure laborum id dolores fuga est ipsam maiores quibusdam ut accusantium voluptas nobis non voluptatum doloremque similique illo dolor quibusdam doloribus illum aut est facere minima in velit eum ut quae nesciunt magni assumenda accusantium qui maxime ipsa officiis aliquid quidem qui aut qui alias nihil delectus odit et impedit inventore cupiditate ratione unde in quis quibusdam tenetur magnam facere voluptatibus totam ut sed quod aliquid nihil in aut qui labore magnam saepe aspernatur dolores rerum quas alias repellat sit aspernatur repudiandae praesentium hic voluptatem est possimus et et fugiat laborum at aliquam qui voluptates harum omnis quaerat at et doloribus hic sit sunt rerum ipsam a eum assumenda rerum blanditiis laudantium distinctio maxime libero dolores eos deleniti nemo qui tempora nobis voluptatem nostrum est dolor nemo incidunt nobis esse distinctio quasi voluptatibus dicta cupiditate quidem maiores ut quidem dolores recusandae sit reprehenderit ipsam neque delectus tempore facere qui ipsam illo aut voluptas aspernatur iste itaque magnam saepe consequuntur nobis accusamus autem neque quis aut id ullam enim cumque animi quia quam consequatur rerum sint in molestiae dolores odio rerum et ipsa quidem debitis est est et aperiam ut veritatis fuga minus quia aut est ducimus quibusdam rem incidunt adipisci et et rerum maxime voluptatibus dolore asperiores consequatur sunt sed explicabo explicabo id consequatur soluta est nulla est et tenetur quos ad quo sunt eos autem quis itaque doloremque non voluptatibus mollitia et qui sed qui eos labore saepe hic suscipit dolores et consequatur dolor non et ducimus est maxime illo doloremque aut molestiae quia sint enim est minus ut recusandae odit et perferendis necessitatibus laudantium ut incidunt tenetur voluptates id saepe commodi dolor non molestiae consectetur libero sint numquam ut sit sit doloribus aut numquam perferendis ut eligendi earum distinctio modi ut tenetur rerum sequi soluta rerum atque ea dolorem dolore quas ut natus qui temporibus et in numquam ullam tempora officiis ipsum a similique fugiat tempore dolorem eius ab sequi cum placeat qui reiciendis maiores quod saepe qui dolor fugiat alias ad alias.', 'asperiores,consequatur,nobis', 'Eum est maxime.', 'quia,dolores,quam', 0, 1, '2022-11-05 13:48:25', '2022-11-05 13:48:25', '2022-11-21 15:13:11'),
(6, 3, 'A ullam qui alias.', 'a-ullam-qui-alias', 12366, 761, 4690, 106, 5516, 2389, 1, 'products/03.jpg', '[\"products/02.webp\", \"products/05.webp\"]', 'Et dicta ipsa distinctio qui nisi voluptatem dignissimos ut id aut natus repellat adipisci voluptate praesentium sunt aut voluptatem odio sed et et aliquid ad atque qui veritatis quia vel nihil aspernatur aliquid quos consequatur ratione maiores voluptatum vel omnis laboriosam soluta dolor saepe qui ut incidunt magnam nesciunt qui doloremque beatae aut consequuntur commodi voluptates nulla voluptatem voluptatibus officiis id quis et architecto ut et est eum expedita ad quis eveniet delectus neque distinctio quos distinctio reiciendis aut voluptatum et illo omnis voluptatem fugit nostrum quisquam incidunt est atque velit maxime ullam vitae facilis illo laborum est alias ducimus cupiditate aliquam sint velit molestiae maiores et quisquam et officiis dolores dolorum molestiae quod consequatur similique qui ut autem voluptatem officia eum quos atque voluptatem exercitationem facilis commodi occaecati corrupti qui et eum et laborum sit doloribus iste ratione repellendus id at quia quaerat assumenda exercitationem dolore aut quod velit enim hic nihil velit ut vel tempore possimus vel hic tenetur delectus minus in consequatur tenetur sint facilis iste omnis quasi eum ut nisi doloribus illum dolor non magnam ut sunt eveniet laboriosam qui sed et aliquam dolorem voluptas expedita repellat omnis quidem ipsam aspernatur voluptatibus perspiciatis mollitia temporibus incidunt similique et nisi sit officia quia occaecati rem ea quam et autem occaecati eius commodi earum molestiae et at dolore magni aspernatur explicabo voluptatem et enim error rerum sequi dolores cum quisquam expedita ea deserunt enim id est dignissimos fugit quia molestias earum nobis omnis velit aliquid cumque neque sunt vitae voluptatum magni labore ipsa odit provident laudantium aliquam laborum et voluptates maiores consequuntur incidunt perspiciatis numquam et dolor autem rerum facere accusantium occaecati qui ullam et error voluptas ducimus ea eveniet commodi aliquid ipsam at laboriosam voluptatem harum exercitationem reprehenderit sint sed ut quam ipsum et voluptates ea laudantium et qui aperiam eum adipisci nam provident voluptates facere ratione architecto omnis minus nesciunt perspiciatis culpa nisi ut ipsum dolorem occaecati accusamus ea odio in assumenda est voluptatibus aliquam ad libero omnis et quae ut et soluta quasi velit libero voluptates illo veritatis maiores iure sit et deserunt aut culpa est neque omnis velit dolores eveniet nihil veniam et quia cum et aut ducimus laborum fuga quia consequuntur aut libero nihil facilis porro est ut aut non aut eos non ut ipsum eum voluptate autem assumenda autem sint consequuntur corporis animi voluptatem beatae perferendis voluptas asperiores facilis qui quibusdam dolor pariatur incidunt provident.', 'Odio ex nobis.', 'Voluptas nihil dolor quos optio iure impedit voluptas officiis aspernatur adipisci quis minima assumenda id et voluptatem culpa deleniti et dolore voluptas accusamus et quos et excepturi vero ex voluptates aut eius quaerat veritatis temporibus error omnis voluptatem omnis distinctio aut quidem quam in cum aut ad et amet sunt enim non qui veniam voluptatibus molestiae sequi eos quia magnam molestias officiis quis dolorem neque corporis sed et animi assumenda culpa quo sed voluptatem molestiae voluptatem voluptate eum accusamus vero voluptas officiis vel ea sint soluta a sed quidem est repudiandae molestias exercitationem repellendus rem nihil sit eaque incidunt qui est officiis expedita officia ut est quam voluptatem ipsa quam et est pariatur tempora est et ducimus et incidunt omnis quis explicabo dolorem debitis maxime officiis assumenda commodi ut praesentium odit earum sed est aut neque beatae sed impedit magni quia excepturi ut et quia incidunt quia veniam et expedita perferendis qui assumenda voluptatem sunt exercitationem nemo inventore nulla explicabo sunt ullam fugit ratione beatae repellendus itaque incidunt magni tenetur ex itaque praesentium dolorum praesentium qui aut quidem qui ducimus sit dolores reprehenderit dignissimos et incidunt et quasi error ab quae velit id quo odit ut ut ea impedit aliquam blanditiis est vel officia qui dolore aut voluptatem aut vero qui totam veritatis sint ex voluptas alias ut soluta reprehenderit quibusdam aut nam distinctio et fuga accusantium dolor laborum vitae laudantium dolorem excepturi esse porro recusandae id id incidunt repellendus sit vitae et animi et culpa quis voluptas velit nihil reprehenderit quae qui ut dolores est nulla nam deserunt molestias rerum nisi necessitatibus et est dolorem et et ut et qui dolorem mollitia dolorem quia vel quis dolor inventore nisi dolorem omnis consequatur enim debitis labore sit eligendi officia minus saepe et et sed aut possimus accusantium deleniti libero corporis molestiae temporibus numquam ut vitae iste sunt ullam veritatis ratione aut explicabo molestias velit non dolor et optio quisquam nisi sit sed et veniam sit non sit debitis quas et quaerat voluptatem voluptas dolores enim explicabo iusto sit ut officiis.', 'libero,a,fugit', 'Laboriosam et omnis debitis.', 'est,sed,magnam', 0, 1, '2022-11-05 13:48:25', '2022-11-05 13:48:25', NULL),
(7, 1, 'Odit ullam excepturi est.', 'odit-ullam-excepturi-est', 48480, 799, 8089, 6857, 4817, 6323, 0, 'products/03.jpg', '[\"products/02.webp\", \"products/05.webp\"]', 'Nam omnis eius temporibus quo quo veniam aut itaque dolores ratione praesentium cumque eos enim eos blanditiis est eaque aut qui blanditiis culpa enim eum quo modi porro commodi excepturi eveniet harum exercitationem illo quos laudantium qui est sunt repudiandae molestias quos non in ut qui consequatur rem voluptatum aliquam sed error facere est impedit ut nihil delectus ut et sed nihil earum amet non amet assumenda quaerat libero est commodi autem perferendis sint sit consectetur consequatur deserunt consequatur a possimus excepturi et in ea veritatis ad at est repellat ut eum id consequatur nisi est iste voluptate recusandae blanditiis amet corrupti provident officia illo magnam mollitia vitae suscipit voluptatem ea adipisci similique quia error veniam consequatur laborum quod atque aut ipsa ratione ut voluptatibus aut tempora nihil doloribus impedit alias aut esse fugit quibusdam cum perspiciatis est praesentium asperiores sint perspiciatis adipisci neque sapiente eum ut sint aut velit consequatur magni non qui sint dolor culpa ratione aut facere necessitatibus quaerat culpa ea nisi est voluptas modi incidunt omnis vero placeat quia modi qui et velit dolorem eos autem nisi voluptatem voluptates tenetur nesciunt dolorum earum molestiae et dolorem doloremque accusamus laudantium explicabo alias dolorem ea in voluptate tempore nemo dignissimos facere repellat consectetur quia modi dignissimos officiis porro officiis id enim aut excepturi officia temporibus.', 'Tempora ut nisi qui.', 'Praesentium soluta sint cumque aut accusamus autem nesciunt maiores corporis et saepe non repudiandae minima ea tempore dolores aut voluptas sit sed eius velit nulla occaecati eum adipisci ullam eius possimus vero quasi ullam et est et non similique ex ullam quia temporibus et laboriosam debitis id quia velit consequatur consequatur voluptatem earum tenetur consequatur vel veritatis illum itaque blanditiis maiores rem est ad exercitationem iusto culpa quia accusantium qui libero consectetur nostrum harum distinctio nesciunt dolorum voluptatem placeat aut perferendis aliquam sit eveniet consectetur quos quasi ipsam aut aut fugiat eaque ut maiores suscipit maiores facilis velit omnis itaque suscipit at accusamus accusamus accusamus sint enim omnis odit sint esse voluptatum labore inventore rerum repellat voluptatum dolores deserunt blanditiis dolor eos quas porro dolore enim ea veritatis eos voluptas voluptas iusto saepe non ut vero ullam consectetur commodi libero aut consequatur unde omnis tempore aliquid aliquam laudantium optio nesciunt repudiandae et maxime quas molestiae placeat ut dignissimos quaerat placeat possimus corrupti quibusdam et impedit ut labore vel iusto optio ut veniam neque ipsa velit id reiciendis corporis eius at id quia nulla sequi rem repellat non ut sit eos dolorem nobis est officiis consequatur consequatur labore ullam officia mollitia omnis nam neque consequatur explicabo nulla enim deleniti saepe consequatur voluptatem odio at omnis doloribus consequuntur consectetur reprehenderit sed saepe iure et sit similique tempora eum optio consequatur tenetur et facilis et sed ipsa sed magni quis sint vitae velit sed possimus rerum ut itaque rerum ut blanditiis repellendus maxime a voluptates et.', 'et,est,qui', 'Quis iusto aut est ut.', 'occaecati,dolorum,molestias', 0, 0, '2022-11-05 13:48:25', '2022-11-05 13:48:25', NULL),
(8, 3, 'Fuga aut repellat similique.', 'fuga-aut-repellat-similique', 56880, 173, 8580, 2892, 2817, 8025, 0, 'products/03.jpg', '[\"products/02.webp\", \"products/05.webp\"]', 'Repudiandae eos dolores in consequuntur quia ut nisi fugit corporis nobis qui consectetur rerum molestiae ipsam similique sunt voluptatem quis harum quaerat molestiae dolorum qui velit laudantium qui totam aut quibusdam aut temporibus culpa sit omnis perspiciatis quas sunt est atque enim odio quos tenetur ipsa mollitia aspernatur sunt et qui sequi repudiandae et ad nam deserunt quis aperiam vel in illum quod earum aut id quas quas iste corrupti quia vero vel eum illum dolores quidem reprehenderit similique reiciendis cum exercitationem rem nulla totam ad distinctio ratione excepturi sequi perferendis reprehenderit blanditiis quaerat quidem et similique et numquam natus quo illo et incidunt maiores similique doloremque aut porro aut tempora voluptas non asperiores labore iusto et aut natus assumenda recusandae qui officiis recusandae autem rerum dolorem perferendis et rerum accusamus quae impedit nulla rerum iste nam impedit error exercitationem ex aspernatur adipisci perspiciatis ea aliquam dignissimos dignissimos in beatae enim quisquam ab iste dolores molestiae numquam iste nisi ut velit ipsum vel aut omnis cumque eum cum iste velit accusantium sed nihil aut provident dicta reprehenderit dolor dolor enim nihil quidem quos atque ipsum aut veritatis laborum et corporis velit consequuntur occaecati ut voluptatem placeat sint ratione et atque labore ut aut et aspernatur omnis magni explicabo nostrum natus ratione aut iure dolorum optio harum tempora repellat quaerat dolor qui facere aut iusto sit rerum velit consectetur quisquam dolorum at architecto dolorum perspiciatis non occaecati et fuga quaerat facere inventore explicabo vel id iste consequatur quo consectetur molestiae molestiae itaque et accusantium necessitatibus voluptas aut rem est impedit ipsam minima qui tempore ipsa magnam illo quas reprehenderit velit nostrum dolor alias ducimus perferendis facere fugit quisquam animi nam perferendis sed ea nisi voluptates voluptatem natus velit quibusdam est natus dolorem nihil pariatur alias dolore ut quam voluptatum suscipit aut sequi eum qui eaque iste commodi enim.', 'Dolores consectetur quidem modi aliquam.', 'Sint eos dolorem id magnam dolor maiores temporibus autem blanditiis nulla ipsa quas doloribus odit expedita at rem consequatur culpa minus sint vero vel neque dolor possimus quidem quasi pariatur non rem omnis commodi iure quas fugiat nam tenetur libero quia recusandae dolor nam ut voluptates incidunt voluptatem voluptatum consequuntur enim explicabo sit et ad voluptatum saepe blanditiis nesciunt ut consequatur ad sit totam minima alias sint doloribus possimus doloribus error iure enim aliquam in omnis autem fugiat accusamus incidunt nisi sit quidem dolorem sit architecto maxime ea et quia eius reiciendis consequatur dolorum tenetur sit libero asperiores laboriosam aut quis hic corrupti ab veniam omnis facilis vitae qui labore suscipit perspiciatis nam quo esse dolore eos dolorem voluptate sint beatae veritatis nisi quaerat sed minus et consectetur labore harum rem provident assumenda iste consequuntur amet ipsa autem sed a ullam nobis modi sunt temporibus ipsam excepturi vel similique facere placeat molestias qui distinctio sit sed recusandae aperiam autem nisi ducimus quis dolore recusandae consequatur et labore aut fugit sit sed corporis voluptas vero quis ut aliquam blanditiis est officia modi hic eveniet quibusdam perferendis minus beatae a distinctio quia et maiores saepe cumque quasi quis.', 'libero,earum,odio', 'Sit nulla aut magni.', 'facere,molestias,tempore', 0, 1, '2022-11-05 13:48:26', '2022-11-05 13:48:26', NULL),
(9, 5, 'Quidem molestiae voluptates maiores.', 'quidem-molestiae-voluptates-maiores', 68421, 704, 4894, 4474, 3572, 8170, 1, 'products/03.jpg', '[\"products/02.webp\", \"products/05.webp\"]', 'Eaque corrupti cum necessitatibus perspiciatis doloribus ut vel omnis suscipit necessitatibus dolor nostrum ratione voluptatem dicta est totam excepturi rem quo cumque esse sapiente ea est similique id vero quibusdam provident iure doloribus tenetur nulla praesentium mollitia unde vitae quibusdam dolore quia sequi inventore non voluptates enim aperiam aut et quo autem quo quia debitis ut facere necessitatibus ut architecto enim quis totam sequi aut distinctio atque omnis ut laborum excepturi ea dolor voluptates officia rerum at nobis rem illum ipsum neque illum est necessitatibus esse ipsum molestiae optio enim eius accusantium id sed et non consequatur facilis quod nihil dolorum similique quas natus fugit sunt cumque sint nobis in accusamus laborum voluptates consequatur quo veniam dignissimos et nostrum et accusantium consequatur praesentium eos ipsum dolor enim vitae maiores deserunt dolore quia ut vel et cumque est hic dolorem assumenda omnis dolor nihil quas et laborum possimus tempora qui nobis fugit ut eius sit soluta omnis voluptas nobis impedit id sunt et asperiores veniam numquam animi sed sint qui ut officiis voluptate nemo fugit et voluptatum fugit aperiam error repudiandae illum porro et ex mollitia sint non et sunt reiciendis ipsam voluptas quia cupiditate eligendi quasi modi atque cumque dolores ratione id vel voluptas error eveniet illum aut inventore ut natus sed blanditiis provident natus occaecati dolores laboriosam quam saepe in qui delectus hic veniam molestias fugiat ut ipsum labore ut odit sapiente reiciendis ut error qui ab enim explicabo est nulla natus et rem est veniam omnis dolores dolor est maiores rerum est tempora modi est et ipsa ea ipsam ut minus distinctio voluptas accusamus qui omnis veritatis sunt non et error molestiae velit qui vero voluptatum nesciunt voluptatem quia placeat quo sit rem quo fugit earum voluptate ut molestiae tenetur repellendus ut autem corrupti ut voluptas fugit error consequuntur rerum voluptate aspernatur temporibus ea iure modi delectus et reprehenderit illum magni amet eligendi quia suscipit itaque eveniet commodi enim quae non porro eum libero harum rerum placeat ut iusto quod ipsum officiis sit possimus laboriosam repudiandae adipisci recusandae aperiam omnis quia quam facere quas officiis accusamus nulla dolor ut optio enim ut maiores aut ea cupiditate deleniti totam quaerat repudiandae sed quia ut facilis distinctio et rerum autem quos repellendus rem quia tenetur porro occaecati veniam magni blanditiis ut et totam qui blanditiis quaerat voluptates itaque quas excepturi earum sit iste explicabo.', 'Dolore eveniet et.', 'Et illum consequatur ab rerum praesentium quidem quos voluptatem et neque perferendis tempora amet placeat aut magnam aliquid voluptates est quae inventore inventore velit sit saepe et accusamus et corporis deleniti rerum qui nostrum facilis minus nihil dolore omnis nostrum ut enim autem harum qui nemo modi dolores sint similique sint atque recusandae repellendus impedit voluptatibus natus magnam animi ea quia omnis qui quae rem dolor ut at fuga fuga pariatur qui ut id similique impedit fugiat quia porro quaerat porro possimus tenetur est reiciendis beatae nihil tenetur laboriosam sapiente sequi omnis placeat officia aspernatur voluptas ducimus fugit porro optio quia expedita eaque quod id voluptas praesentium et sed eum eum suscipit in quod molestiae atque eos tenetur enim magnam aut deleniti esse voluptatem similique earum non quo sed non ipsam libero sunt doloremque et placeat distinctio numquam provident ipsa veniam voluptatem officia in placeat modi quibusdam in ut et illum voluptate eius sunt fugiat libero voluptas et nemo totam accusamus aspernatur molestias sint id et impedit dolor doloremque vel at molestiae enim tempore pariatur dolor numquam quia nam dolor aut aut nisi qui sunt ut qui magni quo mollitia ea eos qui perspiciatis eum molestias voluptates qui debitis itaque nobis voluptas animi aut possimus tempore sit vel voluptatibus distinctio ut delectus et aspernatur similique ut voluptatum voluptas animi consequatur necessitatibus et voluptates qui accusamus tempora vel deleniti voluptatibus aut ipsam consequatur suscipit necessitatibus earum sunt qui exercitationem inventore impedit est iste rerum placeat modi magnam est optio qui suscipit omnis alias animi quaerat velit nisi autem dignissimos sunt est pariatur ut deserunt in quibusdam veritatis unde magni dolor odio et tempore sit aperiam enim alias qui officiis et optio maxime ut et voluptates eum iusto voluptatum impedit minima quos deserunt nihil consequatur quis qui maiores animi doloremque fuga quia harum eos ab ea eveniet dolores ipsam ipsa nostrum quisquam eos numquam omnis impedit delectus sit sed consequatur culpa dolor recusandae consequatur consequatur et numquam et qui harum minima minima suscipit aut dolor qui nihil asperiores error iure aut sed delectus voluptates fugit qui odit ut culpa expedita accusamus est beatae velit.', 'possimus,eum,delectus', 'Nesciunt aut qui dolor.', 'quo,possimus,qui', 0, 1, '2022-11-05 13:48:26', '2022-11-05 13:48:26', NULL),
(10, 6, 'Quia inventore rem.', 'quia-inventore-rem', 13144, 714, 641, 2950, 6744, 2563, 1, 'products/03.jpg', '[\"products/02.webp\", \"products/05.webp\"]', 'Qui iure saepe tempora ad et culpa omnis dolorem sapiente dicta quam velit quia sint quisquam quibusdam officiis consequatur omnis qui atque vero veritatis et eligendi rerum et voluptas consectetur cum ad delectus hic quis sunt distinctio sed harum aut et sed voluptatem aliquid doloribus qui enim consequatur minus sunt nam eaque facere veniam sint quo a praesentium nesciunt in autem consequatur ex qui et odio eius ut nemo sit id expedita earum quibusdam fugiat ut dolor architecto in natus molestiae a est sed est aliquid aut qui adipisci modi odio necessitatibus iure voluptatibus quos in autem molestiae maxime aliquam exercitationem quo expedita illum ut nulla consequuntur cum sunt est rerum autem quos sed sit sequi itaque exercitationem et nihil molestiae quae quia vel sit mollitia ut labore illo voluptatum rerum harum impedit accusantium ullam repudiandae ratione sint quae officia praesentium repellat eos repudiandae id qui consequuntur ut voluptatem velit dicta dolor et sit ratione rerum aut voluptatem reprehenderit voluptatem id et rerum quasi qui in molestiae ipsam aliquid est omnis repudiandae aut ut non voluptatum ut blanditiis voluptatibus dolor iste sed recusandae dolor facere impedit omnis consequatur eaque perferendis perspiciatis quia doloremque et ut non ipsam tempore quam aut qui facere explicabo sequi reprehenderit eligendi aut aut dicta hic nihil ut iusto ea et deleniti magni in quisquam consequatur dolorum pariatur non magni numquam non dolorum cumque ullam veritatis nobis eligendi sunt autem distinctio laudantium vitae facilis quis ea saepe aut et voluptatibus iusto velit ut quibusdam rerum nesciunt soluta aperiam natus et recusandae rerum delectus occaecati corporis.', 'Voluptate laudantium.', 'Dolorum praesentium nihil quia quidem molestiae itaque aut velit harum aut fugit molestiae molestiae alias nisi odio iste sit enim soluta adipisci molestiae est iste consequatur doloremque quaerat est cum recusandae et ullam minus ad provident minus nemo qui explicabo voluptas dolor ab omnis enim consequatur nihil aut quidem mollitia omnis nostrum qui ad ex reiciendis voluptatum voluptatem architecto reprehenderit quisquam accusamus debitis sint qui ipsa voluptatem aut autem atque quae accusantium mollitia repellat magni ut labore a aut dolores placeat nemo ratione accusamus reiciendis voluptates sit quia molestiae neque quo voluptate vero earum sed eaque inventore officiis quos labore debitis aut nemo molestiae libero sunt dolorem ut nam ea qui voluptate omnis quia impedit ea suscipit praesentium dolorum vel a in aut quos earum consequatur hic repellat libero sit aliquid eius nam qui distinctio omnis aut dolores minus neque vel dolor vitae rerum eos quia quis harum maxime et dolores eligendi itaque natus ad voluptas sint voluptates non minus omnis quis quia nam quas repellendus suscipit dicta quae magnam optio ut et beatae cum alias soluta libero nesciunt architecto molestias dolorum dolorem excepturi quam ullam fuga impedit omnis eligendi recusandae molestias tenetur in aut odit consequatur vel sunt alias amet aut odit rerum sed fugiat qui totam sed assumenda beatae animi accusantium cum repellendus quia voluptatem expedita qui animi magni laborum eos sit sit ut dicta laboriosam mollitia temporibus nihil eos consequatur optio eius ducimus sapiente ut cupiditate iure accusantium architecto sapiente minima quia dolorum qui voluptatum quae non iste facere sed est quia eaque consequatur distinctio nemo qui et qui et architecto sunt ea perspiciatis optio voluptates sint doloribus quia accusamus doloribus ab ad qui porro aspernatur facere doloremque tenetur provident et qui quisquam quaerat beatae consequatur culpa in sed voluptate quae fugiat rerum veritatis enim non magni eum maxime praesentium doloremque est quis sint alias nemo odit quod rerum eligendi repellat sit sed quo ratione quisquam quos et neque est impedit dolorem esse similique est consequuntur eos aliquam et eveniet deleniti et sequi dolor sit et corrupti minima et non et dignissimos eligendi sit voluptatem aut illo voluptas laboriosam explicabo quod at ipsa accusamus et et facere distinctio alias temporibus et nesciunt eum asperiores ipsum ad fugit possimus repudiandae aut odio maiores autem error voluptatem nemo blanditiis saepe natus perspiciatis est quisquam aut non et quod unde perspiciatis sit minima ipsum odio sed voluptas et non similique quasi non consequatur.', 'ex,necessitatibus,id', 'Illum sunt numquam similique.', 'ratione,saepe,magnam', 0, 1, '2022-11-05 13:48:26', '2022-11-05 13:48:26', NULL),
(11, 10, 'Architecto ut ut.', 'architecto-ut-ut', 94833, 21, 6430, 9495, 5691, 9930, 0, 'products/03.jpg', '[\"products/02.webp\", \"products/05.webp\"]', 'Excepturi nesciunt quo laudantium aut eligendi assumenda error distinctio est sunt quo rem velit voluptatem ratione quia ducimus excepturi sint eum tempora omnis blanditiis quia occaecati ut delectus explicabo voluptatibus in quae impedit maxime voluptates voluptatem quo vel sunt sed autem nihil suscipit et odio rerum voluptatem ex magnam provident magnam alias quod dolorem quisquam non itaque voluptas quod laudantium qui aut quaerat et iusto sint veniam voluptatum ut odio quam temporibus ullam et non est ut explicabo voluptate unde aut sint dolores cum enim fuga veniam eius modi consequatur dolore nam modi fuga in dolores cumque dolor voluptates voluptas aperiam porro ipsam voluptatem ut deleniti consequuntur voluptatum ut vero repellendus qui ut sit optio aspernatur sed alias laudantium aliquid repellendus ipsam cum accusamus molestias in reiciendis quaerat rerum praesentium eos et corporis est nulla delectus vitae culpa voluptatem totam et neque quos laudantium voluptatem laborum natus ut eligendi dolore repudiandae est ipsum ut enim facere amet ipsam ipsam facere possimus qui quas et sequi error sequi earum ipsum officia veniam quia ad neque sequi ducimus saepe modi ratione accusamus neque est qui unde quibusdam temporibus qui quibusdam explicabo voluptatibus vel doloremque voluptate qui est voluptatem deserunt eveniet voluptatem quia sed corporis voluptatibus architecto provident magnam saepe esse numquam id quos quaerat minima sint vel eveniet soluta natus ipsam voluptatum eaque autem rerum reiciendis eligendi sunt eligendi sapiente quo ab animi officia repellendus est debitis consequatur voluptas dolorem quae accusamus temporibus facere occaecati doloribus accusamus cumque et illo aliquid ut ut qui et et molestiae veniam ut voluptatem expedita eum qui dolor cum neque ea quas molestias quo saepe quam quidem a ut molestiae deleniti aperiam non itaque dolores voluptatem omnis non explicabo ut pariatur consequatur omnis quaerat laudantium nisi numquam tempora.', 'Corrupti ut deserunt quia.', 'Maxime soluta dolores quis dignissimos dolores fugiat harum ut totam nostrum consequatur sequi qui autem consequatur et iusto ipsa voluptatibus qui consequuntur a ea assumenda repellendus officia dolores iure aut blanditiis dolor provident ipsum vel dolorem id libero aut eum labore exercitationem ipsa sapiente nam at officiis velit voluptates accusamus ea ut pariatur atque quis error tempora voluptatem quos eum eos rem ut nemo enim recusandae itaque et doloribus perspiciatis sequi enim itaque aut id voluptas qui inventore est delectus fugiat porro quisquam est consequatur possimus nam expedita numquam inventore odit itaque laborum sit omnis officia fugit eaque in et et aut et vel enim voluptate est laborum quasi nihil voluptate ratione omnis deserunt reiciendis corrupti earum corporis sit sequi ex ipsa rem ratione iusto suscipit asperiores ut ut perspiciatis natus aperiam qui iste ut et optio sint eos iusto tempore nihil occaecati fugit dolores eum soluta in qui et dolorem alias exercitationem unde error ad commodi qui optio voluptas sed enim laborum animi ullam velit minima delectus repellendus minus aut laborum dolor nam repellat consectetur voluptate optio quia sit perspiciatis culpa repellendus molestiae ratione laudantium odio ipsam reprehenderit aut ea quia rerum odio doloribus amet tempora optio ut alias praesentium incidunt dolor earum inventore et saepe qui nam consequuntur unde consectetur quis sit.', 'in,architecto,voluptatibus', 'Inventore laborum in minima.', 'velit,ea,qui', 0, 0, '2022-11-05 13:48:26', '2022-11-12 14:06:27', NULL);
INSERT INTO `products` (`id`, `category_id`, `name0`, `slug`, `price`, `size`, `thc`, `cbd`, `sku`, `discount`, `discount_enable`, `img_main`, `images`, `description`, `title_seo`, `description_seo`, `keywords`, `plant_type`, `effects`, `rating`, `is_published`, `created_at`, `updated_at`, `deleted_at`) VALUES
(12, 6, 'Dolorem iure iure sed quam.', 'dolorem-iure-iure-sed-quam', 53722, 201, 7840, 7896, 15, 7768, 0, 'products/03.jpg', '[\"products/02.webp\", \"products/05.webp\"]', 'Optio modi iusto a molestias odio inventore quo commodi et est nemo non sed tenetur commodi non voluptatem voluptate est minus facilis et culpa ducimus rem facere ut sed ut facilis ullam incidunt inventore quia mollitia aliquid quo quis voluptates provident possimus aspernatur illum assumenda magnam rerum sint quia unde molestias explicabo ipsum quia sunt possimus veritatis ut nobis dolorem itaque veniam repellat consequuntur ut sunt maiores tenetur in doloribus aut nostrum nihil repudiandae voluptatem velit odit molestiae debitis consequatur voluptatem voluptatibus molestiae a cum quia qui quos optio omnis exercitationem reiciendis et dignissimos et est quis enim eligendi quis ut inventore quos incidunt deleniti aut aut earum nemo ex facere ut recusandae sit aut blanditiis nobis vel eveniet dolorum ipsa necessitatibus praesentium vero id ut rerum rerum eum minus incidunt vel adipisci commodi aut commodi amet rerum rerum debitis aut est consectetur voluptatem unde ut aut voluptatem necessitatibus alias deleniti enim atque illo iste quia vitae nihil aut sit expedita eos ad deserunt saepe in dicta velit temporibus aut numquam tempore repellendus consequatur dolorem officia pariatur praesentium aut laudantium cupiditate facere fuga animi maxime quos fugiat occaecati maiores voluptas eveniet dignissimos omnis ut asperiores a vitae delectus quo iure doloremque sed est veritatis et repellat distinctio voluptatum qui quidem est accusantium consequuntur animi ab eveniet praesentium commodi nam aut tempore tempore in est sequi quia molestiae ea est saepe reiciendis illum est odit vero nam sed hic est hic quaerat.', 'Facere ut harum.', 'Quo est et minima explicabo voluptas aliquam dolore temporibus autem voluptatem magnam eos magni corporis est quia aut illum est sapiente eos impedit quis voluptatum et nobis delectus sapiente quo fuga totam error velit atque et et et repellendus voluptatem vel sint dolorem sapiente consequatur ea reiciendis neque magnam alias consectetur qui amet rerum omnis reiciendis ut voluptatem facere expedita cumque necessitatibus doloribus est sit molestiae ab ratione nihil accusamus quis ullam sed ipsum rerum sint nisi sapiente et ut quam est cupiditate autem molestiae tempora error explicabo et et est quia temporibus culpa consequatur sed architecto quod quibusdam distinctio est quos sed minus dicta fuga itaque neque voluptates aut ut tempore hic voluptas quia non et vel et voluptatibus enim tempore quisquam quo beatae placeat est a delectus sint et nam distinctio odit molestias libero aut aliquid quo unde corrupti ut perspiciatis quasi id architecto ipsa autem quia quia dignissimos animi inventore illum sapiente similique quas dolor ipsa quas doloremque deleniti magnam voluptatem odit similique nemo voluptas et sint quam quod rerum suscipit quo inventore eum quis tempora aperiam quaerat quia fugit enim dolor sint qui ullam expedita ut ea quia ea ad est est veniam deleniti tempore et ut aut nisi eveniet molestiae ut et temporibus exercitationem sed dicta assumenda aut aut beatae iusto sapiente quos architecto autem hic ducimus dolore qui fugiat et labore quod provident molestias nihil voluptatem doloribus ullam voluptas saepe temporibus asperiores est nemo architecto esse voluptatem labore qui tempora ipsam non dolorem magnam sint minima ad voluptate nihil sint autem et ab aut harum eos ipsum perspiciatis laudantium voluptas temporibus ut molestias officia delectus praesentium velit voluptas aut harum id aut nam voluptates.', 'dolorem,voluptatem,pariatur', 'In qui sed.', 'et,porro,vel', 0, 0, '2022-11-05 13:48:26', '2022-11-05 13:48:26', NULL),
(13, 7, 'Alias labore enim.', 'alias-labore-enim', 11118, 579, 229, 6363, 1856, 8849, 0, 'products/03.jpg', '[\"products/02.webp\", \"products/05.webp\"]', 'Ipsam labore cum accusamus et omnis soluta qui deserunt sunt nostrum quaerat magnam neque ut soluta et id quibusdam dolorem suscipit voluptatem velit itaque hic a dolorum enim earum cupiditate saepe sed rem exercitationem suscipit aspernatur deserunt fugit vitae non ut fugiat voluptatem quia in assumenda nihil repellendus corrupti dolorem rerum in eos ut similique qui doloremque dignissimos sunt quia sed optio molestias magni temporibus ea eos ea ullam voluptatem odit totam quis rerum quae aliquid cum repellendus qui qui esse quia suscipit qui sed ducimus et et tenetur libero harum facilis minus eligendi magni aut eius non aut voluptates quidem repellat excepturi ad non minima deleniti unde et ut voluptates temporibus ullam vitae voluptatem perferendis vel voluptatem numquam laudantium aliquam voluptatem autem dolores voluptatibus ut animi ut earum corporis earum recusandae qui voluptates quia vel ullam libero enim occaecati architecto itaque fuga aliquid id facilis facilis molestiae consequatur occaecati similique error magni distinctio pariatur qui delectus iste rem omnis rerum animi labore saepe illum iure tenetur et eligendi adipisci eveniet et voluptate minima fugiat alias tenetur ut voluptatibus vel facilis neque quia aspernatur quas soluta dolorum magnam doloribus iusto ratione reiciendis sint repudiandae officia quam magnam nemo vel quibusdam ducimus dolor autem facere et et optio esse quisquam similique necessitatibus nam non sapiente molestiae officia expedita aperiam totam ut eveniet impedit nemo omnis magni consequatur animi voluptas dolorem est consequuntur rerum tenetur odio iure quia fugiat saepe doloremque ut ut omnis eum nulla mollitia voluptatem ipsum est quos impedit quis itaque atque ut optio excepturi blanditiis aperiam explicabo itaque modi tempore enim aliquam ut quia pariatur assumenda omnis suscipit voluptatem modi dolor et consectetur voluptates consequatur sint dolores facere autem praesentium eum eum ea sed ipsa sapiente laudantium molestiae quaerat voluptate at laudantium minus esse ut ut id tempore dolorum ut sit qui vel facere aut recusandae tempora non laudantium adipisci dolore nobis quod aut sunt excepturi accusantium cupiditate sunt repellendus illo suscipit ut saepe voluptatem expedita rerum saepe earum ad eligendi aut quia pariatur quis sint architecto sapiente ratione cumque reprehenderit pariatur possimus suscipit occaecati aut voluptas non corporis sit aspernatur maiores culpa et quibusdam iste voluptatem et qui iusto necessitatibus aut et tempora et et fugit maxime numquam eos suscipit assumenda consectetur corrupti nulla fuga voluptatem ut id molestias esse magni dolore rerum deleniti quia dicta soluta sit repudiandae maxime voluptate laudantium facere dolorem optio autem iste et explicabo eligendi possimus vel dicta id inventore repellat nesciunt ratione dolorum nostrum doloribus debitis numquam qui sunt veniam eos asperiores.', 'Earum aut.', 'Quas est soluta voluptates debitis molestiae amet totam deserunt libero ipsum impedit et praesentium suscipit sint earum consequatur mollitia sed id sunt facilis velit ipsam ut repellat est ex dolorem fugiat deserunt recusandae ex libero a porro est id at quis et alias et nisi neque suscipit fugit sit quae consequuntur inventore consequatur ab illum et omnis alias et vel est possimus nesciunt repellendus et sunt exercitationem placeat eius blanditiis reprehenderit quas corporis nulla aliquam voluptatem omnis culpa quae est aut reprehenderit et deserunt sint culpa quae voluptatem inventore ea sed veniam velit corrupti quaerat itaque vero rerum cum sed et quis veritatis atque mollitia veritatis ullam ullam architecto aliquid eaque accusantium sit voluptatem eius perferendis voluptas repudiandae maiores aspernatur vel earum corporis aut possimus qui qui voluptatem et iusto natus eum rerum aut sint placeat blanditiis fuga fugit numquam et eum quas assumenda accusantium distinctio unde aut quo nisi temporibus commodi amet totam at dolorem itaque saepe et maxime et rem qui ratione error mollitia ipsa dolorem corrupti eligendi qui ea sit rerum mollitia inventore veritatis voluptas et quisquam qui facere sed molestiae earum neque beatae provident sed eveniet ducimus error non qui illum similique est officiis ab id et harum quidem ducimus quam est nesciunt in incidunt qui at est a incidunt voluptate sint ut et sapiente sint blanditiis non sunt eos natus rem quo placeat doloribus voluptatibus eum voluptatem nam nostrum nostrum numquam labore quisquam libero debitis eligendi vero perferendis iste ut amet officiis pariatur consectetur molestiae fugiat omnis exercitationem impedit recusandae dicta quasi omnis eveniet sint corrupti est voluptatibus exercitationem quia maxime quia cum officia nam fugiat omnis autem cumque.', 'qui,voluptatem,omnis', 'Ex cupiditate iste eum.', 'sed,veritatis,impedit', 0, 1, '2022-11-05 13:48:26', '2022-11-05 13:48:26', NULL),
(14, 8, 'Corporis atque deserunt ex.', 'corporis-atque-deserunt-ex', 5667, 442, 8463, 2252, 4176, 9498, 1, 'products/03.jpg', '[\"products/02.webp\", \"products/05.webp\"]', 'Et natus provident sed ad ipsa id amet aliquam vel natus iusto voluptas est eligendi aspernatur sequi amet voluptatibus iusto sit facere esse totam totam neque odio adipisci rem molestiae quisquam qui unde culpa neque praesentium vel voluptatem iusto ut mollitia et rerum amet sed facere eum quo enim quisquam doloremque et aliquam unde eligendi beatae suscipit sit est atque voluptatum voluptatem eveniet voluptatum architecto quod voluptatem aut esse aut qui deserunt ut optio officia est iure quia repellat deleniti voluptatem qui magni consequatur quas expedita nesciunt ipsam quia quibusdam qui consequatur quis praesentium esse ipsum est aut modi voluptatem autem officia quis et explicabo et qui odio voluptatibus facilis voluptatem vero repellat ratione impedit aut est sint atque et in natus dolor perspiciatis dolorum in expedita quae odit cumque omnis voluptatem animi recusandae corporis sapiente vel debitis vel aut dolorem harum nisi et accusamus earum esse odio dicta exercitationem ea ex pariatur delectus quos perferendis sint unde voluptas iusto dolorem quia reiciendis aut voluptas quasi quo ex explicabo tenetur et omnis quidem eum eveniet et dolor fuga tenetur quae non culpa itaque aut voluptas facere sunt molestiae sit harum iure quidem iure ex non aperiam.', 'Et quae inventore rem.', 'Cum corrupti repellendus illum molestias quidem delectus esse minima aliquid a mollitia hic qui accusantium rerum impedit sit ea rerum ex qui aut et velit nostrum alias ducimus dolorum eos quas tempora esse exercitationem quia dolor maxime odio ut ut commodi cupiditate rerum sit tenetur nihil maxime ipsum et qui laborum totam aut voluptatem non ullam officia quaerat cum aliquid explicabo et ut iure deserunt quia quia ut debitis perferendis et iusto neque quia accusamus unde id architecto reiciendis deleniti doloribus non cupiditate nulla beatae eligendi blanditiis possimus eius provident veniam blanditiis illum qui eum odio voluptatibus et neque dolor omnis voluptate fuga dolorem doloribus est non enim pariatur dolor dicta quaerat enim eos inventore amet distinctio dicta ut eum doloremque est velit ut consequuntur doloribus ut omnis voluptatibus voluptate officia sint tempore sed exercitationem est est eos at quibusdam assumenda blanditiis voluptas laboriosam aut sunt voluptatem facilis deserunt reiciendis omnis doloremque eius alias optio quod reprehenderit ab consequatur officiis nesciunt voluptatem quas omnis quibusdam id ut sint ut cupiditate dolorum quos tempore sapiente molestias dolorum inventore eveniet voluptas tenetur molestiae nostrum molestiae et assumenda ea tenetur dolorem rerum nihil nam corrupti quasi iste voluptatem est iusto harum nihil et facilis qui repudiandae pariatur assumenda eos labore labore sit qui exercitationem ad provident voluptatem sunt fuga aut labore et sunt et atque eum ut voluptas eos tempora harum dolorum sint ex quae voluptas odio quisquam reiciendis veritatis enim est delectus saepe iusto placeat vel repudiandae ea exercitationem quo eveniet voluptatem quas laudantium vel quia sapiente qui voluptate blanditiis eos eligendi perferendis aut eveniet molestiae amet vel cum natus ab praesentium quia omnis maiores et asperiores quis iste necessitatibus quo ad laudantium laborum quod totam consectetur perspiciatis veritatis ipsa saepe expedita nulla reiciendis quod quia et nemo quae veniam quo est quaerat commodi aut itaque rerum sint aliquam quia est ut sint numquam et esse quo qui inventore cumque qui sunt aut soluta blanditiis temporibus nesciunt odit enim distinctio minus animi voluptas cum alias cumque voluptatum beatae maiores minus iste et consectetur adipisci ut excepturi maiores in consequatur est nemo ipsam aut dolore eaque et possimus autem quo et pariatur totam aut.', 'quae,nesciunt,voluptas', 'Ipsum consequatur sunt alias.', 'et,id,dolorem', 0, 0, '2022-11-05 13:48:26', '2022-11-05 13:48:26', NULL),
(15, 5, 'Consequuntur voluptas.', 'consequuntur-voluptas', 55950, 1000, 5199, 5814, 7340, 1331, 1, 'products/03.jpg', '[\"products/02.webp\", \"products/05.webp\"]', 'Nobis delectus quidem excepturi rem id est esse porro qui ex ex ducimus exercitationem aut explicabo eum sit asperiores rerum ut qui harum aut fugiat dolor est neque similique ad ut delectus velit et perspiciatis quos qui nihil doloremque fuga sint esse ipsam quas sint corporis vel officia assumenda officiis sunt accusantium cum omnis id corrupti beatae maiores sunt enim qui adipisci ut nemo et quo et ullam repellendus et aliquid nemo qui quidem ratione consequuntur architecto error minima aut qui sunt est enim aspernatur tempora necessitatibus quam accusantium ratione sapiente expedita explicabo accusamus quis fugiat voluptas eveniet est excepturi quia distinctio consequatur iste aut saepe provident nihil consequuntur eum quo autem eos est tempora vel voluptas quos aut ut quo non qui dolores maiores est similique harum cum et ipsum facilis voluptatem doloremque voluptas harum alias doloribus sequi aut adipisci quia voluptatibus qui molestiae quasi blanditiis esse nostrum cupiditate sunt reiciendis inventore voluptas voluptatem vero eum quo facere doloribus facilis eum sed velit necessitatibus voluptatem minima placeat officiis rerum quaerat porro qui et eos sint eos minima vel vel id.', 'Rerum facilis non expedita nemo.', 'Sapiente quia quibusdam id voluptatem dolores omnis autem incidunt molestiae enim illum quis rerum ut consequuntur non fugit ullam dolor enim aut non et veritatis necessitatibus eligendi possimus et id impedit excepturi adipisci nihil eaque est et doloribus totam magnam velit quis quae quasi nostrum autem id et id blanditiis error cumque error ut voluptates asperiores nemo et praesentium cupiditate optio non quisquam nesciunt exercitationem totam provident iure incidunt quasi mollitia inventore repellendus voluptatum dolores possimus quae molestiae labore aperiam velit consectetur quod quae ratione facere natus repellendus amet repellat et rerum sunt hic eius dolor accusantium voluptatem et voluptatum eum atque quae ipsa voluptatem deleniti mollitia eos tenetur vitae voluptatem in commodi aspernatur officia officia id unde reprehenderit pariatur tempore accusamus accusamus in maiores dolor laborum dolorem et velit ea eos sit pariatur et labore corrupti necessitatibus earum iste ut sapiente perspiciatis id perferendis repudiandae dolorum maiores ut deserunt nulla nihil aut sed molestiae dolor eos omnis ducimus facere accusamus voluptas in est necessitatibus reiciendis dolor molestiae aut eveniet earum dolorem recusandae eius cum velit quisquam aut soluta aliquam non eligendi voluptas voluptatem rerum dolorum ut architecto id id provident odio iusto tempora dolores sed optio doloribus aliquid laborum nihil laboriosam possimus totam rerum quos rerum neque accusantium asperiores sint in quia dolor dolorem et ut porro porro cum est aut sit labore ea quo non quia id unde similique odio quo soluta ullam ipsam dicta quo et ut dolore dicta non unde amet perferendis harum aut esse repudiandae deserunt nemo aut quidem ratione rerum omnis quia voluptas quam ut commodi sed dolores exercitationem porro est corrupti perspiciatis dolorem est aliquam maxime ab quaerat necessitatibus itaque.', 'nulla,est,facere', 'Eum sit repudiandae.', 'ad,aliquid,iusto', 0, 0, '2022-11-05 13:48:26', '2022-11-05 13:48:26', NULL),
(16, 8, 'Iusto repudiandae fuga.', 'iusto-repudiandae-fuga', 95868, 958, 3781, 6945, 2402, 3196, 0, 'products/03.jpg', '[\"products/02.webp\", \"products/05.webp\"]', 'Sed ratione pariatur tempore minus et odio dolor id ducimus voluptatem ratione corrupti quas officia odit est autem fugiat maxime neque adipisci tempore nemo et eligendi reiciendis autem eum quia maiores quaerat aut reprehenderit ex voluptas natus natus optio nihil officia eius et enim tempora quidem reprehenderit optio eaque distinctio et architecto dolorum veritatis maiores dolore dolore et cum totam accusantium aperiam est ab consequatur magnam similique nam adipisci veritatis maxime sed nam minima quis maiores eos at sunt velit nihil quam nesciunt laborum sunt modi molestiae dolores quibusdam laborum ad sit soluta in quia accusantium minima dolor vel qui dolorem ex incidunt id sit dolorem animi error modi et deleniti vel beatae hic tenetur odit reprehenderit quod quos nulla qui atque labore dolorum dolores magni officiis id praesentium unde minus maiores a quidem eaque aut molestiae ea nihil sunt laboriosam amet qui sit earum est animi omnis sit minus cum et voluptas deleniti sit iste molestiae repellat est natus inventore iste dolor doloribus excepturi ab mollitia quis eos architecto in optio ut perferendis beatae omnis numquam nihil molestiae culpa consequuntur sed porro et id et id dolor dolorem officia sint in veniam ipsam voluptate qui cupiditate aut quia quaerat nobis saepe ab ad est eius qui atque quam sit est praesentium neque libero deserunt odit laborum quasi totam nulla aut officia repellendus eligendi vitae voluptatem dicta voluptatibus asperiores et rerum expedita nisi aut id possimus ad et ipsum autem earum omnis odio repudiandae sapiente quo atque aliquam beatae et maxime qui aut soluta molestias culpa et et qui dicta mollitia eveniet esse molestiae occaecati laudantium ab ducimus tempora ullam quidem iste facere culpa vitae aut iure non autem perferendis sit ipsam sint eaque aliquid itaque et est est tenetur provident hic a quae ipsum dolorum facilis ut quasi voluptatum labore facere mollitia et sit ducimus qui similique necessitatibus dicta quas eum sit recusandae quia delectus sed dolores iusto consequuntur odio rem esse accusantium voluptatem.', 'Et fuga sequi sunt.', 'Sit rem sint sint voluptates ex eos explicabo et et nostrum nihil id eaque velit exercitationem fugiat perspiciatis sunt harum nostrum dolorem commodi dignissimos eum doloribus ex laborum dolorem ratione at non voluptas aut suscipit incidunt eum aperiam qui ratione quo omnis reprehenderit nemo quaerat mollitia aut quis iste adipisci enim rerum inventore quidem quisquam illum quam aliquid molestiae similique expedita quo nulla possimus et rerum occaecati qui sint facilis molestiae quasi quidem qui porro sed libero aut eum fugiat sit sequi et atque quos magni repudiandae libero doloribus autem autem omnis omnis dolor ut optio quia porro eligendi illum harum error voluptatibus eaque non libero aspernatur nostrum rerum sint quia est vero et quia eius fugiat qui omnis temporibus tempora maxime omnis eius et omnis qui aut commodi et est natus eligendi quae voluptatem doloremque facere et sunt nostrum optio perspiciatis fugiat vitae in facilis ut officia ut nam laboriosam sint magni magnam esse voluptas magnam quo impedit temporibus error amet earum et corrupti sunt veniam non minus sed et sunt illo ut aperiam repellendus consequatur earum sunt et repellendus eos quos voluptatem dicta ipsum ut modi nesciunt in amet eos mollitia quos impedit nemo voluptas minus aut similique dolore minus occaecati unde magnam laboriosam dolor voluptatem nisi quam aliquam qui accusamus commodi laudantium laudantium earum alias beatae sit et rem accusamus.', 'molestiae,vel,ducimus', 'Eveniet dolorum perspiciatis quas.', 'consequatur,laborum,et', 0, 1, '2022-11-05 13:48:26', '2022-11-05 13:48:26', NULL),
(17, 8, 'Sed excepturi est.', 'sed-excepturi-est', 18316, 924, 9289, 5413, 8625, 832, 1, 'products/03.jpg', '[\"products/02.webp\", \"products/05.webp\"]', 'Consectetur maiores consequatur nulla aliquam fuga dicta consequatur eaque velit autem autem cupiditate aut optio quidem tempore amet vel deleniti est laboriosam doloribus ut ex doloremque et neque delectus dolorum aliquam est repellendus veritatis dolores unde omnis blanditiis beatae doloribus aut est ad voluptatem accusantium asperiores molestiae quis consectetur doloremque ab alias eligendi voluptatem veritatis nihil sit quas fuga officiis aut pariatur ut facilis aut at assumenda id debitis eos et magnam dolorem illum labore temporibus dignissimos impedit mollitia temporibus illo pariatur rerum saepe aspernatur delectus ipsa cum quo molestiae at tenetur omnis reprehenderit consectetur sapiente ab et eos sed perspiciatis ut sunt dolores maiores magnam sint sapiente fuga aut inventore autem quasi tempora ipsam tempora sunt aut qui cupiditate eos illum veniam nesciunt provident totam aut voluptatem ut ut dicta id et sequi sunt aut repudiandae sed et vero fugit quis eos voluptatem similique dolores sint velit eos maiores nemo qui veritatis dolores dolorem culpa enim molestiae quaerat voluptas aut quia quasi porro ut quasi quod sit quasi fugit quaerat eveniet aut omnis iure nulla expedita eos praesentium nam fugit rerum id sit incidunt nesciunt reprehenderit praesentium rem corporis ut ea et aperiam explicabo nesciunt velit reiciendis qui laboriosam nihil odit sed alias qui est labore quia nostrum ipsam cupiditate explicabo iure illum ipsa similique magnam aut quas et quibusdam architecto labore exercitationem repudiandae explicabo nulla voluptatem aperiam placeat provident pariatur modi nihil et est omnis et consectetur accusantium blanditiis quidem non accusantium et maiores sunt explicabo eveniet pariatur reiciendis quam doloremque tenetur facilis recusandae voluptatem itaque hic tempore blanditiis quae doloremque doloribus asperiores magnam delectus praesentium dolorum et repudiandae et nihil officiis aut in dolorem magnam officia voluptatem repudiandae provident non est quas nihil et voluptates similique repudiandae earum accusantium ipsam ipsa voluptatem dolor atque repellendus deleniti asperiores temporibus recusandae assumenda dolorem quia libero voluptates aut necessitatibus neque ut reprehenderit consequuntur quis ad expedita et eum ad nihil aut ut voluptas dolorum labore et quis ut praesentium officiis rem et libero quod nulla et numquam soluta ratione molestiae.', 'Ea sint placeat quisquam voluptatem.', 'Minima odit eveniet rerum sit ullam commodi eligendi aut esse consequuntur quia quos est eum nisi quidem inventore veritatis et qui consequatur non voluptatem molestiae beatae quia asperiores fugiat ducimus a sed quia dolor dolore odit asperiores perferendis sunt minima est labore saepe ad veniam illo quia quas aut blanditiis molestiae sunt corrupti dolores quasi sunt est id impedit aut maxime distinctio numquam accusantium eum quam voluptatem quo error blanditiis facilis sit fuga at quia nihil ipsam vel et qui quaerat aperiam non pariatur sint occaecati distinctio temporibus itaque rerum rerum officia beatae tempora provident optio doloremque eligendi reprehenderit quia amet sapiente ratione et quo aut occaecati quod quia mollitia aspernatur eum molestiae doloremque repellendus officiis vel nihil hic vel reprehenderit nisi dolorem quam fuga veniam id ut quia velit ad aut aut vitae unde quae debitis qui aspernatur et temporibus esse distinctio debitis architecto dolores atque quia voluptatem voluptates quasi voluptate optio sed id qui assumenda debitis aspernatur dolore a et modi dolor quia est temporibus et laboriosam qui maxime voluptatem culpa aut doloribus error cupiditate deleniti soluta itaque accusantium ad illo molestias dolore quo maiores in deserunt corrupti ut quam quia ad dolorum corporis quae quia dolorum sit pariatur consectetur voluptas doloremque assumenda possimus nihil ut itaque assumenda sunt sint ut consequatur in sequi quibusdam quo illo voluptatem repellat voluptatem iure veniam reprehenderit ea reiciendis animi suscipit aut in ex est nobis commodi cum natus eveniet doloremque facilis ut dolores nulla sit sed possimus reprehenderit ut illo sunt non quis temporibus laboriosam reprehenderit soluta quia in molestiae est quos autem quis et et.', 'officiis,et,aperiam', 'Sed ut corporis in illo.', 'suscipit,eius,magni', 0, 0, '2022-11-05 13:48:26', '2022-11-05 13:48:26', NULL),
(18, 4, 'Occaecati qui dolor iure labore.', 'occaecati-qui-dolor-iure-labore', 2635, 733, 8969, 5651, 252, 3711, 1, 'products/03.jpg', '[\"products/02.webp\", \"products/05.webp\"]', 'Voluptas quo deleniti alias excepturi blanditiis qui laborum tenetur repellendus exercitationem hic repellendus rerum accusamus harum doloribus omnis aspernatur et alias et nisi quia distinctio neque consequuntur ut excepturi consequatur corrupti laudantium aut ullam provident similique fugit et soluta natus omnis voluptas cum itaque inventore doloribus eius maiores aut commodi odit itaque rerum sit velit et minima quis qui sunt ut iure vel quidem iure culpa suscipit nihil facilis ea minima qui consectetur cupiditate voluptatibus animi veritatis voluptatem soluta ad possimus quaerat non vel sit ut sapiente et est voluptatibus numquam doloremque delectus consequatur accusamus et dolorem tempora et voluptatibus soluta rerum voluptatem totam aut ut in quis repellendus repudiandae est neque est pariatur quia fugit asperiores accusamus fuga aut illo sit omnis eum illo accusantium saepe distinctio ut sunt ipsum eaque fugiat tempore vel id dolore fuga necessitatibus ut iste architecto minus deleniti nihil et ut sit sunt officiis perspiciatis sed odio nisi sapiente et eum corrupti aut temporibus nostrum architecto porro impedit aliquid asperiores quia optio magni sit deserunt reiciendis rerum error saepe neque ut et quo maxime labore tenetur omnis aut optio placeat numquam voluptatum voluptatem ut nisi qui corporis nulla quo saepe voluptates rerum aliquid quidem enim voluptatem veritatis sint quae amet laudantium impedit repellendus qui est et omnis aut sed velit deleniti veniam amet exercitationem culpa et eius nulla sint est eos laboriosam ipsa molestiae consequatur porro sequi perspiciatis officiis voluptatem veniam corporis qui numquam libero quis fuga et amet laudantium eius numquam atque tenetur cum laboriosam ad adipisci modi libero sit omnis assumenda maxime ad esse ut magnam nulla ut corrupti libero cum quisquam ab dolore eveniet consectetur et similique quibusdam modi sint incidunt at quidem sunt aliquam eligendi quo porro illo magni odio dolores ut optio voluptatibus enim unde blanditiis nostrum praesentium consequatur aspernatur atque quae aut at harum est ipsum adipisci deserunt magnam suscipit pariatur eos distinctio molestias quam eos quisquam quo assumenda et accusamus ab autem hic tempore libero laboriosam dolores perspiciatis repudiandae veritatis eius accusamus illo alias veniam rerum vel et aut facilis magnam ut modi nobis reprehenderit voluptate alias eos voluptas saepe omnis maxime repudiandae aut aliquid officiis commodi quidem non dicta magnam nihil est eos vel rerum sint nemo distinctio qui qui corporis voluptas et magnam velit et itaque dolore ea ipsum ut illo autem voluptas ut odit rerum quia est possimus consequatur suscipit dolor voluptatem iste impedit non deleniti eum blanditiis deleniti aut magnam voluptatem in.', 'Porro id.', 'Minima et nostrum enim reprehenderit accusantium qui enim voluptatem sunt similique et iure maiores illum omnis voluptatem aut alias ad esse tenetur et dolores corporis vitae quis modi eos exercitationem recusandae excepturi deserunt ut reiciendis et rem veritatis fuga illo optio consequatur magni voluptatem dolores aut ducimus vero ipsum provident animi dolor sequi error aperiam eum sint ex tenetur sint aut quia blanditiis non enim et dignissimos dolorum sunt expedita molestiae deleniti non excepturi et ut sint minus officiis blanditiis optio illo alias id optio veniam asperiores adipisci eius et veritatis et eos qui corrupti commodi cumque qui deserunt asperiores magnam perferendis sit harum exercitationem voluptatem natus nemo vitae voluptatem et quas harum ducimus incidunt nam sint sequi sint eius rerum rerum enim quia asperiores repellat ut et qui quas alias recusandae itaque et nam magni aliquid quia minus incidunt quia eos recusandae porro officiis aut pariatur repellendus distinctio explicabo perspiciatis rerum sed omnis mollitia veritatis qui quam consequatur ea dolores voluptas reiciendis sit est ea soluta consequuntur praesentium alias aut eum quaerat atque ullam sed impedit iure rerum facilis sapiente soluta aut sapiente asperiores in rerum nemo odio accusamus officiis qui saepe assumenda eaque molestias incidunt natus culpa consectetur non dolores amet nobis repudiandae animi tenetur quia ipsum est voluptatum architecto aut commodi voluptas voluptates laborum odit exercitationem quia consequatur aut quae eveniet et earum expedita optio blanditiis quo architecto earum vero dolores vero dignissimos tenetur ex laborum quam aut ad doloribus doloremque omnis qui rerum sint sed voluptas qui illo cumque dicta aut est quam quas accusamus aliquid asperiores quo dolores aspernatur repellendus voluptas excepturi rem dolores et nostrum quod illum quas atque nisi quo quibusdam in et rem nostrum nostrum quos facilis nihil cupiditate quis aut facilis accusamus consequuntur accusantium quisquam ipsam quo non dolor aut praesentium eius esse quia sint quia corrupti neque autem et magni laborum eligendi praesentium doloremque rerum quia eos explicabo facere laborum quis qui fuga est labore quo aspernatur quos doloribus quod vel provident ea molestiae iste asperiores enim nesciunt qui dolores ullam molestiae cum distinctio ipsum aperiam omnis laudantium fugiat non odit cumque fugiat saepe suscipit sint ut nobis incidunt voluptatem voluptates ut deserunt culpa eum maiores perferendis et sint a cupiditate quia ut ut rem voluptatem nisi vel eligendi tempora et beatae rerum dolor et perferendis non rerum et labore necessitatibus aliquid est reiciendis ut quibusdam doloribus sunt quia tenetur id dolores iste quaerat ipsam debitis.', 'praesentium,accusamus,magni', 'Enim ut adipisci rem consequuntur.', 'est,praesentium,doloremque', 0, 0, '2022-11-05 13:48:26', '2022-11-05 13:48:26', NULL),
(19, 3, 'Dolorum et nihil facilis.', 'dolorum-et-nihil-facilis', 31942, 15, 1742, 7197, 4338, 3778, 0, 'products/03.jpg', '[\"products/02.webp\", \"products/05.webp\"]', 'Dolor et est esse ut ullam velit reiciendis voluptate consequatur voluptas quia minima ratione at aut nobis temporibus molestiae dolor ipsa sit necessitatibus cumque eaque exercitationem ipsum aut sint consectetur qui minus maxime ab voluptas ipsa eum fugit itaque magnam laudantium corporis eos minima corporis veritatis rerum porro vel voluptatibus doloribus dicta voluptate suscipit cumque magni nesciunt aspernatur soluta necessitatibus omnis dolores ullam ullam sit ducimus neque quasi occaecati earum rerum officiis est rerum accusamus a eos ipsam sit laboriosam sint ut facilis repellendus excepturi magnam aperiam dolores quibusdam dolores nostrum perspiciatis enim delectus cum omnis quia iure iusto natus sequi sed et doloribus ea voluptatem ipsam sunt ab repellendus molestiae earum impedit omnis temporibus libero quisquam autem voluptatum sunt nisi eius illum velit natus et dolore qui delectus aut aut quisquam laudantium fuga et voluptatem inventore voluptatem earum ipsam qui deleniti illum sit dolor blanditiis voluptatem voluptatem sit dolores exercitationem natus nemo delectus fuga rerum consequatur omnis veritatis quam ad quidem sit quis ut est ipsam dolor nulla et eaque quisquam velit quis consequatur esse voluptatem ab qui eius laboriosam vel quisquam molestiae voluptatibus adipisci ut voluptatem blanditiis tenetur nihil iusto est sit voluptas et deleniti ea aut quia rerum quas in fuga accusamus veniam impedit ut ducimus tempora dolor sed ut sit quia et praesentium iusto nemo ut aliquid aut nulla sit qui quia nam quasi autem sit quidem officiis quia eum nemo enim aperiam repellendus et et laborum dolorem eos ipsum vitae qui perferendis eaque eum fugit non et repellendus in sapiente vel cupiditate officia aut sed pariatur rerum sunt odit ut quaerat eos laudantium adipisci est quia quis quisquam quo natus facere ut id nesciunt nihil ut sunt maiores consequatur laborum ullam officiis suscipit omnis reiciendis facilis eveniet nostrum adipisci aliquid praesentium eligendi qui corrupti odit nihil quia aut officia quia quisquam quod qui quos ut mollitia tempora veritatis dicta consequatur ex pariatur blanditiis in sunt impedit officiis aut et molestiae et qui ipsam ad nisi esse consequatur tempore culpa consequatur ut non dolorem soluta officia ut eos voluptatum nesciunt alias ea nisi aliquid assumenda officia odio et voluptatem provident nemo rerum id ratione.', 'Et eos dignissimos quis.', 'Et sint doloribus nobis incidunt consequatur ipsum neque aut perferendis consectetur sint dolor odit aut eum ab ut incidunt doloremque consequuntur repudiandae voluptatem et explicabo aut qui dolorem eligendi reiciendis commodi consequatur placeat eum numquam nihil provident et aliquid occaecati commodi commodi illum doloremque in magni rerum ea sed aut et officia voluptatem repudiandae autem eos et a fugit reprehenderit ipsum molestias quia consequatur dolorem laborum inventore rerum deleniti et ullam sint et praesentium et corporis repudiandae quaerat at quia cumque quis laudantium voluptatem quod tempora error est quos eos aliquam doloribus quae dolor quasi velit libero atque voluptas voluptatum non eos magni aut odio rerum debitis sit aut illum consequatur eos quis est maiores officia magnam sit corrupti odit earum repellat voluptate non cumque temporibus non laudantium impedit quod in reiciendis et voluptatem quas incidunt aliquid sint veritatis enim dolorum adipisci accusamus voluptas tenetur ex voluptas quia nemo asperiores in provident consequatur esse veritatis inventore nihil perferendis in ipsum nulla modi est aliquam qui culpa quasi aspernatur consequatur et quidem rerum vel earum adipisci repudiandae est aut harum earum velit incidunt ipsam iste est molestias et.', 'est,nam,nulla', 'Iure accusamus ex.', 'eos,molestiae,ex', 0, 0, '2022-11-05 13:48:26', '2022-11-05 13:48:26', NULL),
(20, 5, 'Ea iure reiciendis.', 'ea-iure-reiciendis', 6330, 15, 5594, 6118, 8380, 2693, 0, 'products/03.jpg', '[\"products/02.webp\", \"products/05.webp\"]', 'Dolorem occaecati accusantium temporibus enim voluptatem expedita itaque natus dolores quaerat repudiandae nulla voluptates nihil unde molestias at reiciendis commodi est perferendis omnis et nihil qui rerum consequatur commodi id dolores iusto facilis a repudiandae dignissimos et officia voluptatibus id quasi est a autem et consequatur ut dolorem laboriosam omnis molestiae et recusandae dolorum cupiditate distinctio nemo quod qui rerum qui dolores cumque tenetur illo consequatur molestiae accusantium possimus aliquam quod dolores libero dicta tenetur neque at quia saepe et et excepturi sunt fuga cum tenetur voluptatem alias sapiente reprehenderit eos consequatur rem in hic aut ut fuga totam dolorum et ea consequatur laboriosam et et voluptatem odio eveniet rerum est ullam rerum qui magni aut ut consectetur sapiente libero libero vel corporis qui doloribus non inventore officiis eius quod officiis sit accusamus ut dolores labore voluptas rerum in quo placeat laudantium illo quo est ipsam quae aut dolorem possimus doloremque ut fugiat dignissimos facilis est aliquam quisquam est quibusdam incidunt doloremque dignissimos necessitatibus doloribus laboriosam beatae quis aut delectus veniam rerum distinctio hic et veniam architecto suscipit aperiam laudantium consectetur laudantium eaque incidunt quasi sed voluptatem qui sunt dolorem optio nihil sequi alias quidem officiis quisquam vel laboriosam aliquam ducimus assumenda vel repellat explicabo ad ut earum ducimus excepturi non est reprehenderit aut nobis molestiae tempore aliquid exercitationem adipisci repellendus odit provident iure molestiae earum est dicta sit dicta et voluptatum consequuntur alias voluptate consequatur neque labore delectus recusandae voluptate hic soluta est assumenda deleniti nihil labore soluta est laboriosam voluptatibus consequatur consequatur et eum necessitatibus qui qui numquam dicta fugiat ut quas quia est dolorem qui id qui vitae ducimus eius ut ipsum molestias sit est minus provident vitae distinctio enim quo veniam est et facere voluptatem officiis at consectetur eius aut voluptatibus nobis sed pariatur sed tempore doloribus veniam mollitia placeat dolorum similique veniam quaerat occaecati ad animi quia dignissimos ipsam laudantium ad quis ut perferendis ut ipsam maxime aut et accusamus et laudantium non minus debitis perferendis libero laudantium est nisi saepe et qui est qui deserunt quos voluptas laudantium illum dolores sit est repellat quisquam unde consectetur quaerat necessitatibus aut repellendus nihil quasi numquam facere laudantium dolores placeat id minus ex consectetur est eos ut quod amet qui aut dolores et reiciendis minima rerum pariatur ut in et deleniti sint et autem quia amet commodi aut commodi quia laudantium mollitia vitae quo error sit est vel debitis cumque possimus et necessitatibus voluptatem ipsa placeat numquam dolores vel perspiciatis delectus dolores magnam nobis rerum.', 'Pariatur aliquam voluptatem.', 'Natus sunt optio voluptas voluptatem velit nulla minima sed quidem sint excepturi eum dicta voluptate et ut itaque occaecati et suscipit officiis blanditiis velit ut eius ex aut nobis alias et eum quos nobis impedit rerum exercitationem autem eligendi ullam facere enim eius est numquam aspernatur veritatis odio quidem vitae animi aperiam nihil nulla enim molestias aspernatur velit in aut molestias praesentium incidunt illum aliquid qui reiciendis unde qui minima maxime ipsa voluptas est nisi ad natus fuga incidunt ex non quo iusto odit ut atque quaerat architecto consequatur tenetur nostrum rerum aut aliquid neque odit blanditiis maiores dolor qui dolorem et voluptatem nihil est provident rerum accusamus ducimus iure dicta repellendus ea minima iusto veritatis vero sit labore hic recusandae nemo aut rem molestiae et incidunt voluptatum inventore blanditiis modi qui maxime voluptas qui quisquam aliquam natus ab consectetur tenetur qui iusto nam delectus enim nesciunt amet ut minima deleniti soluta possimus et repudiandae et id et laborum sunt voluptas amet esse et non eum et dignissimos cupiditate ipsam accusantium ut nobis commodi qui sapiente quod cumque delectus eveniet qui.', 'saepe,vel,quo', 'Voluptatibus veritatis ea aut.', 'reiciendis,deleniti,doloremque', 0, 0, '2022-11-05 13:48:26', '2022-11-05 13:48:26', NULL),
(21, 4, 'Cupiditate cumque in enim consequatur.', 'cupiditate-cumque-in-enim-consequatur', 99395, 580, 3565, 4906, 9973, 9744, 0, 'products/03.jpg', '[\"products/02.webp\", \"products/05.webp\"]', 'Dolorum voluptas fugiat autem quos magnam rerum est aperiam non saepe eum veniam quaerat qui aut at iure sint cum quam ratione accusantium rerum veritatis facilis sed sint et eius expedita nihil eligendi optio minus est consequatur debitis nemo suscipit iusto modi modi omnis rem nemo consequatur eum numquam ullam dignissimos libero alias rerum omnis soluta excepturi et iure qui iste et adipisci quis labore numquam eos quia quas qui aliquid esse consequatur repellat non ut omnis nostrum est velit tempore et enim quia deserunt aut est libero non est iusto quis pariatur dolores minus enim quisquam cumque quia nemo soluta officia enim placeat odio ut unde eveniet iste vel doloribus cupiditate minima sunt rem voluptas autem qui repudiandae dicta sed adipisci et voluptatem ut earum iure veniam dolorum adipisci dolores dolorem eveniet quis et eum at neque reiciendis aut blanditiis aut voluptas qui consequatur deserunt error deserunt magnam praesentium hic dolorum accusantium deleniti saepe veritatis repellendus doloribus nesciunt et cum voluptatem sapiente fugit ab qui illo doloremque ut quaerat at laudantium ex autem ipsum dolorem repudiandae ut voluptas eum iste aliquam ad quam cum accusamus minus id ullam voluptas dolor beatae ratione laboriosam velit maxime aut impedit dolorem consequuntur ipsum voluptatem temporibus perferendis aut et nisi alias quam corporis minus repudiandae qui animi facere ea totam officia eum omnis ratione earum debitis et facilis culpa quia aliquam totam qui accusamus totam delectus est ut reprehenderit sunt necessitatibus et dolores illo odit totam ipsam animi sit dolor eum iure sed quas numquam blanditiis ut ut dolore ullam odio at quod voluptatum doloribus sequi iusto tenetur pariatur velit id dolorum aut quia eos sed illo eius unde qui quidem tempore sint reiciendis a vel porro accusantium cum vitae occaecati culpa sequi cupiditate et sunt quia explicabo est porro eum sapiente accusamus sed qui et voluptatem dicta nam delectus consequatur ut et quia facilis accusantium eum omnis aut et adipisci dignissimos et voluptatum perferendis necessitatibus in enim et aliquam modi quo quisquam recusandae sed cumque nostrum fugiat quam omnis non delectus recusandae et dolorem cum eos voluptatem possimus eum ex possimus voluptas aperiam officia animi est ut ipsum consequatur aspernatur.', 'Animi esse corrupti odio.', 'Facere quo et expedita voluptas quibusdam consequuntur velit dolores est excepturi deserunt rerum labore laboriosam ipsum dolor cumque et et recusandae ipsum atque accusamus voluptatem aut eius est explicabo aut dignissimos id excepturi veritatis aut harum consequatur quod qui sint exercitationem dolor porro ratione adipisci non et fugiat et rerum amet ipsam voluptas porro enim corporis et facere dolores architecto id impedit molestias expedita aspernatur error dolore perspiciatis sapiente quo perferendis consequatur odio impedit et facilis sed quas ducimus mollitia rerum ducimus non pariatur aut modi eaque beatae aspernatur nobis impedit minus quidem sapiente quaerat consequatur temporibus aperiam quas illum amet amet illum voluptas magnam dolor autem rerum expedita non saepe eligendi illum ut aut neque neque fugit temporibus illo reiciendis aut nobis quasi qui unde consequatur quisquam enim aut in dolores ipsum sint eveniet et cumque est ullam nam libero culpa odio maxime et sit iusto eveniet quibusdam qui excepturi alias sint incidunt est voluptatem et magni nisi ut et ullam aut porro ut asperiores quaerat provident et sed dolorem cum quas tenetur distinctio est quos molestias tempore omnis repellendus labore architecto consequatur tenetur voluptate eum ex ut iste culpa qui ipsum fuga officia asperiores omnis voluptatum velit tempora pariatur ipsum veritatis est ea inventore vero natus quos soluta aut error porro nam consequatur exercitationem expedita magnam sed et labore fugit et molestiae veritatis voluptatem tempora delectus incidunt vel laboriosam ut dolorum omnis fuga et quos totam facere quis suscipit inventore molestias mollitia facere ad deserunt dolorem ea ea vel cupiditate laboriosam odio quaerat debitis numquam id rerum aut cumque sit quia cumque cum aperiam dolorum optio fugit aliquam ut beatae est iure odit qui voluptatibus in qui magni reprehenderit et accusamus aut id voluptate voluptate sapiente enim corporis sed quia sint aut consequatur saepe iusto earum earum nulla ratione ipsa nihil id aspernatur consequatur enim aut porro necessitatibus magnam eligendi aut fuga voluptatem consequatur distinctio mollitia quam.', 'eos,rem,quo', 'Autem dolorem eius.', 'et,occaecati,dignissimos', 0, 1, '2022-11-05 13:48:26', '2022-11-05 13:48:26', NULL),
(22, 4, 'Et consequatur eius quasi.', 'et-consequatur-eius-quasi', 62247, 282, 3292, 3430, 996, 5015, 0, 'products/03.jpg', '[\"products/02.webp\", \"products/05.webp\"]', 'Quia consequuntur voluptates et aliquam ullam molestiae provident occaecati qui magnam ut reiciendis est consequuntur perspiciatis odit veniam perferendis molestias cum repellendus error eos unde voluptas laudantium ab odit et omnis iste tempore quibusdam eveniet voluptatem maiores sequi ut voluptatem necessitatibus repellat tenetur consequatur nihil illo ea in qui quisquam eligendi fugiat dolor magni non reiciendis non id quia quam quia blanditiis sed iure sunt non consectetur laboriosam vel assumenda rerum quasi iste perferendis qui et optio suscipit rerum saepe maiores non aperiam dolorum vero repellat voluptatem nisi voluptate animi sapiente error omnis dolor quibusdam itaque molestias dolores officia vero quo et et soluta cupiditate eos aut corporis reprehenderit omnis ad fugit iste ut quae ut quisquam est numquam et rem aut nihil aliquid corrupti sed eos nostrum ea voluptatem ut velit eligendi voluptas dolorum magni quisquam rem recusandae quia ut animi velit recusandae et voluptatem dolor sed iste aspernatur sequi quia non quia sint molestiae dolore in natus quis deleniti consectetur voluptatem odit vitae illo ut natus ut in voluptatem id sunt quidem aut omnis aut excepturi consequatur saepe consectetur possimus qui commodi et nulla harum neque voluptas placeat a porro odit velit quo rerum blanditiis qui ea nostrum et aut et quia et quia provident quo tempora necessitatibus rerum dolorem provident et temporibus et eius rerum provident aliquam ipsam velit voluptatem quis provident dolor qui nihil facilis minima quis vero quia velit voluptas sit iusto debitis in illo quo veritatis cum suscipit inventore consequatur temporibus nesciunt recusandae maiores quidem nobis totam quia error ea error adipisci alias esse recusandae est doloribus maxime ut laboriosam odio dolores minus dicta eveniet autem quis ut quia nisi est odio quod ut provident asperiores recusandae est magni nihil.', 'Incidunt consequatur ad nihil.', 'Quo dolor incidunt numquam voluptates quas nobis id doloremque ex a libero quibusdam aperiam minima nihil optio sequi tempore cumque qui aspernatur autem suscipit aliquam in vel ut placeat rem eveniet qui voluptatum et exercitationem aut inventore maiores est sunt quidem eaque possimus soluta optio consequatur non voluptatem praesentium ut adipisci ut modi natus sit qui aliquam enim est itaque illo explicabo nesciunt et maxime dignissimos illo nemo tempore possimus dolorum adipisci minus modi qui ullam est aspernatur quaerat ipsum sint sunt sed rerum commodi occaecati repudiandae aliquid optio sunt excepturi perspiciatis sunt itaque rerum veniam facere magnam quisquam quia commodi mollitia eos quia aut iure iste aut debitis voluptatem eum adipisci mollitia error nam quia non commodi sunt voluptas nostrum nostrum autem doloremque odit repellendus similique voluptatem est sed vel et inventore quod ratione nesciunt quia accusamus sed necessitatibus at tempora ut tenetur voluptatem at doloremque et vitae aspernatur libero facere commodi quae pariatur laborum eaque dolores quia libero corporis reiciendis totam nobis deserunt exercitationem non dolor atque eos sit quibusdam sit est accusamus qui ullam reiciendis perspiciatis ut accusamus ut amet sint qui impedit quos sint numquam natus nihil porro voluptas dolores molestias doloribus consectetur voluptatum et nihil numquam adipisci voluptatem nemo voluptatem non qui laboriosam perspiciatis voluptatem provident doloribus aut corporis atque enim doloribus corporis ipsum ratione similique quos quia esse eos sunt ipsam aut omnis tenetur consequuntur nisi non nemo minus repudiandae vel est maxime perspiciatis voluptatem ut nobis accusantium perspiciatis voluptas sed itaque non eos veniam rerum esse laborum vel porro suscipit voluptate beatae tempora sapiente voluptatem est debitis voluptas rerum in voluptatum ab molestias asperiores cumque possimus in blanditiis quidem perspiciatis ut id quaerat iste quod maxime aut commodi maiores temporibus ea quaerat quas sed iure aperiam sequi autem impedit quae ut aliquam voluptas aspernatur aliquid labore et illo minus placeat ut dicta itaque explicabo harum veniam incidunt quam nihil quae id qui et doloremque autem recusandae est nemo omnis corrupti sapiente cupiditate et consequatur quas et est ea culpa reprehenderit.', 'dolor,qui,tempore', 'Et nobis.', 'aut,amet,veritatis', 0, 1, '2022-11-05 13:48:26', '2022-11-05 13:48:26', NULL);
INSERT INTO `products` (`id`, `category_id`, `name0`, `slug`, `price`, `size`, `thc`, `cbd`, `sku`, `discount`, `discount_enable`, `img_main`, `images`, `description`, `title_seo`, `description_seo`, `keywords`, `plant_type`, `effects`, `rating`, `is_published`, `created_at`, `updated_at`, `deleted_at`) VALUES
(23, 8, 'Voluptate ratione voluptas laudantium perspiciatis.', 'voluptate-ratione-voluptas-laudantium-perspiciatis', 45527, 558, 6907, 9415, 9032, 9859, 1, 'products/03.jpg', '[\"products/02.webp\", \"products/05.webp\"]', 'Sit consequatur impedit adipisci dolores ad dicta accusantium sapiente quidem quia nobis est aperiam eligendi nesciunt assumenda doloribus porro soluta rem quos quidem quos non itaque quae qui facere nemo corrupti error optio rerum aut dicta tempora minus veniam aut vel impedit asperiores voluptates ea optio voluptas quidem qui eveniet aut molestias quod adipisci est veniam et repellat eum sit inventore soluta quos et molestiae quia praesentium eius aliquam eaque fugit sed tenetur et impedit culpa veniam in vel placeat id porro dolor voluptatum qui eum velit id nihil tempore et placeat nesciunt ullam voluptate molestiae et voluptatum voluptatem voluptatem in laudantium dolor eos eos aliquid rerum saepe et aut sed molestiae ad blanditiis amet velit rerum suscipit impedit in aliquam accusamus exercitationem rerum non cum ut dignissimos sed vel illum qui et ut officiis voluptatem cupiditate soluta officiis quis quidem quae repellendus voluptatem saepe necessitatibus voluptatem quibusdam dolores et veritatis ut rerum voluptatem reprehenderit voluptas odit facilis repellendus eaque aut facere dolorem sed impedit quibusdam omnis et molestiae minus officia incidunt fugiat quasi aliquid quisquam officiis sed ipsum labore consequatur velit vel et ipsum in maxime quo placeat omnis nam dolore at officia earum id odio tenetur sed aut ducimus numquam aut dolorem quos ut est dolorem reprehenderit et velit maxime quo voluptatibus et ullam esse iure consequatur et facilis architecto quia nisi eaque voluptas et alias vero voluptate vitae velit vero ut voluptate voluptate aut velit ipsum quia alias est expedita amet eveniet nesciunt et adipisci odio repellat nobis ducimus nihil necessitatibus deleniti tempora iusto qui impedit quisquam perspiciatis odit illo dolorem molestias at fugit nihil eum qui incidunt non deleniti aut quas sint rerum alias ut earum qui ab dolor et hic sapiente molestiae ab id rerum aut soluta et praesentium dolor harum laboriosam ipsa incidunt aliquid nobis est et officia rerum non beatae quidem ea doloribus adipisci qui eius molestiae quia modi distinctio nostrum voluptatem officia dolor consequuntur doloribus voluptatem qui reiciendis quod pariatur voluptas ducimus ullam autem delectus eum consectetur neque vel excepturi nemo nihil impedit sed id architecto qui distinctio ipsum laudantium eos laudantium vero libero quis enim tempore omnis fugiat corrupti natus enim exercitationem accusantium repellendus dolor voluptatem voluptatem mollitia sit animi occaecati debitis reiciendis non magni quasi et odio vel neque vero sit id quasi quidem recusandae ducimus eos qui consequuntur voluptatem ut nihil repellat accusamus deserunt pariatur eos occaecati id omnis fugiat placeat omnis ut et eius velit adipisci dicta odit aliquam sint id qui omnis.', 'Eveniet ratione libero.', 'Dolorem natus quidem et omnis dolorem consequatur quidem et aut ipsa minima quia reprehenderit natus dolore alias et autem alias expedita autem corrupti suscipit fugiat architecto sit est odio ab quisquam laudantium cum quia cupiditate autem in maiores voluptates rerum modi voluptatibus quae animi occaecati dignissimos ut corrupti ut asperiores enim eos velit corporis et expedita beatae sint vel repellendus qui unde aut est facere sequi ullam voluptas facilis dolor architecto et et ex repellat est alias asperiores beatae iure et aut iure excepturi ut vel id tempore blanditiis minima dolorum odio deserunt necessitatibus repudiandae sit rerum corrupti ut et quis minus rerum ullam cumque quam qui blanditiis vero quia cupiditate et atque omnis corrupti amet incidunt dolorem eaque ea vel fugiat autem ea dolorem labore illum porro qui neque illo accusantium error autem qui dolorem in quas optio aut nobis quo beatae beatae est et et blanditiis blanditiis quia quo autem ut nesciunt cumque quia repellat placeat in sunt aperiam ea corrupti corporis laborum culpa facilis doloremque illum quae consequatur et facere vel temporibus maiores suscipit perspiciatis officiis numquam recusandae et quibusdam eum aspernatur dolorem incidunt tempore molestiae consequatur quis et animi molestias sapiente nihil quas et nihil omnis qui voluptatem perferendis quia non labore id id architecto voluptas et et amet aperiam rerum iusto error.', 'consectetur,magni,sint', 'Tempore ab occaecati sed.', 'ut,ab,reiciendis', 0, 0, '2022-11-05 13:48:26', '2022-11-05 13:48:26', NULL),
(24, 10, 'Porro eaque eaque.', 'porro-eaque-eaque', 55828, 953, 6374, 1784, 532, 2833, 1, 'products/03.jpg', '[\"products/02.webp\", \"products/05.webp\"]', 'Id illum quisquam voluptates beatae voluptas temporibus dolores incidunt in quo asperiores et consequuntur non possimus ad et voluptatibus qui esse odit cumque recusandae atque qui beatae id libero nobis suscipit pariatur modi repellat deleniti qui qui incidunt in id optio odio incidunt autem sit aut similique atque provident tenetur expedita reprehenderit aut nobis magnam maiores voluptatem quia sunt officiis eligendi non soluta sequi ut nulla eum dicta sunt placeat ipsa voluptate velit quod ea explicabo molestias perferendis deleniti blanditiis iure et dignissimos ab quis similique debitis aperiam velit eaque quasi quia vel cumque veniam et ea omnis repellat id est voluptatem aut facilis et possimus quae ut qui voluptatem neque ea rerum qui vero aut omnis facilis deleniti beatae vel doloremque quaerat soluta soluta mollitia quod quidem ea esse asperiores qui harum a reiciendis inventore tenetur numquam ut eligendi eligendi et quo voluptatum pariatur maxime dolore eum laudantium maiores nemo inventore iusto aut mollitia harum praesentium et quod consectetur quam animi dicta autem dolores nobis voluptatem possimus commodi nobis sequi libero quibusdam dolor laboriosam dolorem nulla omnis ut et animi consequatur ab hic consequuntur sed tempora temporibus perspiciatis quam ut ab quae ratione perspiciatis molestias iusto aut et dolorem sequi consequatur et possimus dolor ex quidem odio est assumenda nulla eius et laudantium autem facere officiis voluptatem ad corporis ut non repellat non nihil et assumenda ad qui consequatur rerum odio eveniet laborum adipisci id pariatur et illum autem et aut non qui veniam necessitatibus ipsam numquam voluptates repellendus necessitatibus magnam facere illo voluptas aperiam deserunt dolore necessitatibus neque cupiditate occaecati est odio rerum maiores consequatur amet omnis molestias voluptas nemo et sed hic ipsa consectetur fugit reiciendis quos est necessitatibus sed assumenda non praesentium voluptas nihil numquam provident ut qui voluptatum dolorum ut quia cum aperiam voluptatem occaecati omnis quisquam deserunt ea aut quia velit itaque eos vero quae et voluptatem inventore eligendi cupiditate error ducimus voluptatum eum est omnis.', 'Libero vel nihil.', 'Nihil perspiciatis eveniet minima numquam earum excepturi et officiis quia vitae quia dolorem iure eos facere nihil saepe eligendi enim cupiditate blanditiis dolor quam asperiores sint laudantium maxime amet earum nam ut in commodi ut enim doloribus provident voluptatem deserunt eum accusantium consequatur voluptatem assumenda repellendus quod id ut similique vel aut temporibus voluptatum porro distinctio dolorum quis doloremque autem nulla et quidem sit ex similique et quod in quo eos in facere ipsum expedita et repellendus voluptatem alias minus minima ipsum quaerat nam corporis expedita rerum quae fuga et tempora quo et dignissimos officiis eum totam omnis officiis qui quae pariatur sed consequatur nesciunt laborum pariatur ea sint nobis consequatur hic tempore velit inventore et animi nesciunt cumque cum eius autem molestias cumque illo fuga ad porro rem repudiandae in rem ut omnis perferendis voluptas autem dolorum nemo similique aut dicta cumque omnis quam saepe quis voluptatem reprehenderit aut temporibus ut ut et ullam cum quam sequi ad rerum quam eos sunt fugiat et nemo minima voluptas occaecati aliquid eligendi vel eius architecto quia possimus culpa rem delectus provident dolorem enim quis ut error quisquam et ea at quia omnis atque fugit voluptatibus numquam cupiditate ab minus quis at saepe dolor ab nesciunt ea cupiditate voluptatem ut eius voluptate consequatur ipsam sit velit laudantium minima necessitatibus est id voluptatibus possimus et et cumque vitae dolorum dolorem et vero et qui quia eum officia illum doloremque magni ea iste similique in perspiciatis error suscipit laboriosam consequuntur necessitatibus voluptates quis provident quo quam est nemo adipisci vero non praesentium nihil laboriosam ducimus perferendis veniam dolores minima sed eos recusandae laboriosam dignissimos consectetur quos architecto et fugit enim at sit ratione eos omnis iste officia itaque quas quidem quisquam enim non fugiat et consequatur.', 'molestiae,dignissimos,fugiat', 'Officiis quis tempora.', 'quae,tempore,quo', 0, 0, '2022-11-05 13:48:26', '2022-11-05 13:48:26', NULL),
(25, 6, 'Deserunt placeat sed autem id.', 'deserunt-placeat-sed-autem-id', 75556, 629, 8966, 448, 3100, 8680, 1, 'products/03.jpg', '[\"products/02.webp\", \"products/05.webp\"]', 'Dolorem quos vel quis laborum laudantium reiciendis iure voluptatum harum quos accusamus et voluptas sunt repellendus minus rerum maiores qui non expedita doloremque et soluta id hic quaerat omnis quis ut voluptas quis vero pariatur dignissimos fugiat possimus ipsum ut sed nisi unde blanditiis quia et sit sit rem unde quia aperiam labore omnis voluptatum libero quo necessitatibus modi rerum nemo nam molestiae ex ex inventore vitae aperiam occaecati voluptas illo a pariatur qui aspernatur dolores animi soluta voluptatem quae est ex velit cumque sunt ea saepe ut in distinctio quasi corporis qui commodi et facere labore aperiam quas et enim ipsum accusamus perferendis eum iure provident soluta temporibus quasi hic voluptas saepe animi similique eligendi accusamus vitae numquam veniam ducimus doloribus ad consequatur debitis molestiae quam et adipisci reiciendis provident aliquam qui laboriosam eos sit omnis saepe molestiae et similique voluptatibus deleniti sed saepe quam nulla odio quos quis aut reprehenderit voluptates deserunt magni sit est vel repellendus quas voluptatem odio dolorem ut dolor tempore eos temporibus laudantium voluptatem at nihil possimus eaque iusto non nam mollitia nostrum rerum fugiat et minus amet aut deserunt qui quia ducimus sapiente sed deserunt magni et molestiae magnam dolorum dolor velit voluptatibus veritatis et aliquid ipsum nesciunt fugiat nemo est autem necessitatibus quam iste a repellendus natus aut non laboriosam et cum aut tenetur et vero beatae nobis id ut quia vero provident et qui mollitia voluptatum reprehenderit magni quo atque saepe totam nihil natus mollitia consequatur voluptatem qui ut aut repudiandae voluptatem eveniet enim praesentium ut deleniti velit ea reprehenderit incidunt cum in deleniti architecto quaerat esse maiores dolor quia perspiciatis fugit dolorum veritatis modi ut quo itaque consequatur ut voluptatem maiores eius magnam nostrum non dicta modi molestias esse natus vero ipsum dicta qui earum sapiente rerum sed eum illum impedit expedita iure rerum et molestias enim modi magni maiores voluptas voluptatem quos molestiae eos consequatur eius possimus sit itaque ut impedit aliquid corrupti ullam ea ipsa dolor consequuntur vitae distinctio aut cum sint facere commodi ipsa optio commodi nobis tempore ut iure dolores veritatis voluptas quibusdam aperiam odio doloremque corrupti mollitia neque omnis eos voluptatem explicabo voluptas quam quia nulla unde quidem enim ipsa facere veniam tempora in dolorum ducimus asperiores repellendus est rem laborum aspernatur id velit quaerat omnis perspiciatis ut ducimus iure cum quo dolorem facere mollitia omnis ad et aut eligendi qui inventore.', 'Eos aut voluptatibus.', 'Et blanditiis nihil officiis et perspiciatis sit ipsa excepturi vitae eius reiciendis officiis dolores neque exercitationem facilis labore perferendis modi dignissimos excepturi a et consequatur est ut sunt autem ea nesciunt ab et nesciunt officiis unde sapiente commodi doloremque est asperiores praesentium non ducimus in odio quibusdam maxime ullam rerum nostrum facilis laboriosam minima vel sit occaecati quia amet vel sit voluptatem nisi et laudantium reprehenderit iure ad dolorem blanditiis iusto voluptatibus enim aut rerum rerum quis repellendus non maiores minima aperiam omnis placeat voluptatem nihil ullam ut harum officiis nisi atque ab ipsa quis in est quis quidem totam rerum dolores quis asperiores veniam id quia porro aliquid dolore corrupti porro vitae velit nulla itaque aut qui dolorem rerum porro nulla libero commodi accusantium tempore porro velit eaque ut aliquam et provident quo ut explicabo illum maxime qui quia hic reiciendis voluptate eos rem odio ratione laborum consequatur perferendis facere fugiat ut error voluptas dolorem pariatur et architecto cupiditate placeat consequatur asperiores et voluptatem quas odit est veritatis autem delectus error consequuntur ut vitae iste dolor est aperiam explicabo recusandae deserunt commodi beatae aut et ducimus architecto cupiditate architecto enim totam esse laboriosam officiis non voluptatem omnis eaque ab dolores voluptas assumenda molestias mollitia in deleniti odit eaque repellat libero vel qui ipsum et sint ratione rerum occaecati vitae tempore qui saepe animi reprehenderit exercitationem sed blanditiis sunt velit perspiciatis dicta voluptatem nemo esse est ratione dolore incidunt vel et optio ab neque sint omnis optio aut velit blanditiis ut quia voluptatem libero saepe quae doloribus voluptate et ducimus veniam consequatur exercitationem officia illum dignissimos libero quam voluptas repudiandae et aut voluptatem velit autem qui molestiae repellat quis laudantium tenetur porro adipisci.', 'totam,maiores,aperiam', 'Enim cupiditate velit.', 'iusto,esse,sit', 0, 0, '2022-11-05 13:48:26', '2022-11-05 13:48:26', NULL),
(26, 2, 'Ad sapiente sint.', 'ad-sapiente-sint', 75215, 181, 6840, 4534, 7326, 5469, 0, 'products/03.jpg', '[\"products/02.webp\", \"products/05.webp\"]', 'Et quas nihil rerum adipisci illo est illo cum minus illum molestiae exercitationem eaque voluptas sit delectus placeat sunt commodi nihil doloribus quo occaecati sunt sed iusto id eum dolorem sint enim dolorum cupiditate odit id non cumque accusamus earum consequuntur quia ducimus placeat voluptatibus alias omnis aspernatur iusto natus explicabo voluptatibus modi est ut voluptas repellendus non tempore officiis doloremque eligendi neque voluptate ipsam distinctio quas sequi voluptas quibusdam aperiam quas iste dignissimos quos neque enim eum dolores possimus incidunt quo corporis tempora tempora beatae magnam earum labore id deserunt hic aut sunt aut qui molestiae voluptates sint nulla nemo quo qui rerum iure rerum et repellendus architecto id est porro explicabo doloribus accusamus saepe consequatur iusto et eveniet totam voluptas quasi illo aut est corporis est voluptas non sunt sed rerum quis dolor dolor quia est est dolore officiis ut nihil fugit sit voluptatum dicta iste reprehenderit architecto consequuntur aut quo fuga tempore corporis iste laboriosam dignissimos quo alias eum et sint quod distinctio mollitia ullam officia vel voluptas ea iure quia aut eos explicabo sed quia mollitia suscipit quam illum fugiat commodi qui voluptatibus quibusdam non qui expedita quo enim maiores ut et odio eum explicabo fuga deserunt tenetur rerum ex inventore quia ad sunt cupiditate eveniet a delectus voluptatem in omnis alias reiciendis atque molestiae sed necessitatibus qui ut voluptatem consectetur similique omnis vel rerum sed vel animi nobis dolor et ea eius enim assumenda necessitatibus deleniti vitae accusantium odio qui culpa quas debitis laudantium ut et animi facilis et et non quis tenetur asperiores vitae alias qui provident nobis cum nisi ipsum nemo culpa omnis dicta illum odio est eius animi quo consequuntur eius laborum cumque quia nihil aut omnis vel ea rerum expedita voluptatem ea voluptates minima sequi asperiores quia ducimus sed sit sapiente inventore autem omnis rerum autem sunt eligendi sapiente excepturi suscipit consequatur repellat assumenda voluptas repellendus voluptas iusto dolorem laborum autem earum cum explicabo est illo et eos inventore eos quia porro magni id ex consequatur deleniti amet soluta quia nulla rerum architecto ut aliquam rerum consectetur quam provident neque autem alias ea animi magnam harum assumenda exercitationem in at recusandae aperiam sed accusantium quae et non repudiandae dolorem provident quos quo quis repudiandae explicabo quis explicabo assumenda porro dolorem pariatur non tempore omnis qui consequuntur maxime sapiente nobis aut aut officia illo officiis nulla nobis voluptas qui.', 'Non magni velit culpa.', 'Deleniti eveniet sapiente voluptatum amet voluptatem sunt rerum rerum et ad qui repudiandae et velit eum vero commodi voluptatem molestias quia quod vero minima delectus nostrum ut quos vitae perferendis nisi dolor quos odio aspernatur saepe illum et dolorem eos rerum corporis cum quo et nostrum veritatis quos molestiae dolore autem dolorem soluta eum suscipit quia ipsam dolor modi neque explicabo deleniti totam illum doloremque blanditiis sequi nihil expedita a odit occaecati dolores sapiente occaecati voluptatibus quia aut est non sed minima aut eos doloribus illum quos ut qui et nulla sapiente est qui tempore dolor commodi sunt ut quasi est nam alias possimus accusantium ut est modi est eos omnis et cupiditate recusandae est cumque quia voluptates voluptatem illum similique culpa qui eum fuga autem adipisci eos et nihil quia officiis aut consectetur ad doloremque quia sit tenetur id vel possimus temporibus reprehenderit deserunt corrupti quo exercitationem doloremque occaecati est error enim et optio aperiam cumque et iste inventore ea ipsa qui possimus aut eligendi reiciendis eum tempora voluptates sint quo delectus voluptas veritatis dolor consequatur enim natus iste at soluta eligendi amet reprehenderit et provident quidem consequatur error similique voluptatem officiis fuga aut nihil enim omnis vitae ut quos minus alias nam est voluptatum non minima quisquam earum asperiores dolorem molestiae velit similique molestias quae et at aut ut quae tempore tempore et recusandae eveniet sint aliquam ducimus consequatur qui nostrum voluptatem minima odio eum nam sunt officia animi fugit iure consequuntur esse dignissimos fuga ea quia atque labore deleniti repudiandae sint reiciendis ipsam modi adipisci labore harum officia suscipit aut perspiciatis molestias repellat quo temporibus saepe est ducimus suscipit quo nisi ipsa ipsam voluptatibus architecto earum odio doloremque ex illum voluptas alias non magni et sit aut vel sint cupiditate qui totam voluptas dolores voluptatem et iste voluptatem atque unde aut voluptate iure omnis inventore qui iste explicabo a totam mollitia vel deserunt eos quo quis et eum autem dolores nobis eum non et et iusto vero sunt alias rerum fuga quia natus tempora quae molestias ut accusamus iusto libero natus quibusdam deleniti dicta ut et qui voluptas aspernatur dolores natus voluptatem labore quis atque mollitia laudantium sunt totam minus omnis quasi ut qui officia incidunt est est error deleniti itaque quaerat est animi rerum enim vel aut qui.', 'ut,similique,pariatur', 'Enim minus ab.', 'explicabo,libero,molestias', 0, 1, '2022-11-05 13:48:26', '2022-11-05 13:48:26', NULL),
(27, 2, 'Eveniet qui quisquam aspernatur.', 'eveniet-qui-quisquam-aspernatur', 54564, 568, 6532, 236, 3722, 6506, 1, 'products/03.jpg', '[\"products/02.webp\", \"products/05.webp\"]', 'Unde et doloremque reprehenderit cumque voluptatem corporis accusantium repudiandae omnis vitae rerum enim eveniet perferendis dolor earum molestiae explicabo voluptates porro dolorem qui earum necessitatibus perferendis aut iure facere commodi ut voluptatibus non expedita ducimus magnam velit error quia et voluptatum atque nemo totam incidunt maiores quia doloribus autem ut et rem voluptatem non ut autem molestiae eum voluptatem natus excepturi qui impedit adipisci ut omnis earum asperiores odio reprehenderit atque vel reprehenderit impedit maxime velit autem incidunt nihil hic animi laboriosam qui illo ut sed pariatur quia assumenda reprehenderit at asperiores et dolorem quam repudiandae tempora unde cupiditate deserunt est iste maxime sed omnis et officia dolorem aut illo quo asperiores tempore natus dolorem est architecto amet nihil qui corporis eum ut laborum ipsum eos iure non tempora sapiente incidunt necessitatibus quo porro voluptatem culpa illum voluptas assumenda iste aut ut quisquam mollitia sit omnis quaerat at autem eius laboriosam aliquam et ducimus qui necessitatibus molestias magnam quaerat rem esse velit ullam et voluptatum facere omnis qui possimus quia odit ullam non aut nisi veniam distinctio velit amet rem cumque esse harum ut distinctio reprehenderit sunt repudiandae odio odio aut voluptatem quis maxime laboriosam eveniet autem perspiciatis quod officia quisquam distinctio consequuntur dolor dolores ut sunt deleniti sit eaque inventore quaerat incidunt autem nesciunt aut ut non harum animi qui suscipit in provident natus occaecati laboriosam et facilis rem exercitationem cupiditate qui accusamus sint natus eum sunt totam in doloribus omnis nihil voluptatem adipisci fugiat similique dignissimos possimus assumenda illum quod voluptatum eos dicta tenetur ea harum doloremque nesciunt in recusandae nulla recusandae optio voluptate veniam praesentium amet nulla atque quia voluptatibus fugiat enim quia omnis et sunt quam voluptatem et non molestiae quia quibusdam et natus cupiditate modi temporibus officia fugit harum at nulla et provident velit maiores autem deleniti quisquam explicabo voluptatibus tempora tempore nihil saepe fuga et voluptatem quam id ut occaecati molestiae accusamus amet voluptate ut eligendi optio explicabo quas quia aut qui autem esse distinctio dignissimos doloribus natus at qui sed illo consequatur omnis minima iusto rem illo est et rerum voluptas qui officiis provident molestias molestias repellat corporis reprehenderit error voluptates sit odit sed recusandae adipisci libero omnis incidunt harum dolor a aut repellat et atque ipsa sapiente ea architecto minima ea.', 'Dignissimos dicta ex.', 'Nobis temporibus vel assumenda similique aut quam sunt possimus ducimus exercitationem soluta earum perferendis illo velit consectetur soluta veniam similique quo dolorem voluptas ut sed ea maxime a odio sit consectetur illum cum fugit tempore repellendus assumenda expedita iusto repellat omnis error quidem nemo ut quia qui numquam voluptate ab provident nam eveniet ea voluptatibus sed expedita inventore quo autem molestiae id eius id et excepturi odio eveniet eveniet dolor ut architecto aperiam repudiandae hic consequuntur aspernatur expedita est recusandae veniam consequuntur ipsam sequi debitis sit nostrum unde quo esse atque amet esse esse magnam consectetur explicabo sunt non ipsa voluptatem sed deleniti aspernatur dolor neque ad recusandae eum provident et in esse et nam suscipit et saepe et cupiditate suscipit officia tempore sed nostrum omnis rerum qui qui minus fuga voluptas minus enim temporibus rerum voluptas voluptatem officia ipsum ut deleniti temporibus est est et amet a ut rerum expedita saepe repudiandae et consequuntur quia laboriosam occaecati autem voluptatem nostrum omnis molestiae atque vero quia dolor vero dolorum qui recusandae labore voluptatem reiciendis magnam facere necessitatibus et id sit nisi voluptatem enim aut repudiandae tempore nam voluptatem doloremque sint et modi sint iure expedita sint quo sint dolore neque et autem molestiae reiciendis doloremque quam aut doloribus cupiditate nihil blanditiis repellat quibusdam non odio sit rerum molestiae nemo dolore asperiores molestiae minima occaecati ipsam et et non ex et maxime autem sint molestiae non nesciunt unde dolorum molestias eius tenetur porro vero tenetur deserunt veritatis porro eum mollitia dolor consequatur blanditiis eos iusto optio non aspernatur debitis molestiae assumenda consequatur sapiente quidem minima nihil et ullam minus enim placeat eius qui quasi aliquam ut et reiciendis laboriosam quas beatae autem cum earum aut culpa suscipit porro rerum adipisci perspiciatis occaecati dolorem voluptatem rerum aperiam dolore sit laboriosam quos impedit eius atque et sed cupiditate nihil qui et aut necessitatibus distinctio excepturi ut quis explicabo voluptatibus ut ullam consequatur a quod excepturi ut dolorem quaerat quis eos porro libero ut quibusdam eaque sint ratione et illum eius natus laboriosam ex voluptatem nihil non ex excepturi consequatur vero alias aut illo rerum dolores laboriosam laboriosam est omnis et necessitatibus qui voluptate impedit voluptas et perspiciatis ab nemo est qui ut quo sit quo cum.', 'laborum,id,voluptas', 'Accusamus nostrum et.', 'et,qui,aspernatur', 0, 1, '2022-11-05 13:48:26', '2022-11-05 13:48:26', NULL),
(28, 8, 'Sapiente molestias cumque.', 'sapiente-molestias-cumque', 47156, 957, 11, 7605, 166, 9364, 0, 'products/03.jpg', '[\"products/02.webp\", \"products/05.webp\"]', 'Consequuntur velit sint rerum velit fuga in in repudiandae vero ducimus rerum quisquam rerum natus suscipit aliquid porro sunt quia repellendus enim voluptatum omnis impedit expedita molestias nihil necessitatibus non eius quasi perspiciatis quis et architecto qui consequatur labore est itaque velit omnis id voluptatem et voluptas et fuga amet quibusdam enim iste ullam consequatur nihil vel recusandae laboriosam possimus modi vero amet aut ut sed laboriosam quam similique sit est molestiae quia laborum expedita esse quisquam dolorem atque aliquam qui vero ipsa voluptate qui necessitatibus vitae ratione modi et itaque tenetur accusamus eos libero asperiores quo quae doloribus consectetur consequatur voluptas aut a tempore et fugit commodi maiores officiis similique delectus totam et voluptas ut ut sit incidunt voluptatem occaecati dolor odit dicta sed rerum in quaerat rerum quasi voluptas dolorum quaerat est nesciunt molestias ex qui in blanditiis suscipit saepe aut quia doloribus laudantium sapiente amet explicabo debitis voluptas ratione autem dolores distinctio est expedita non sapiente quisquam in ut dolores odio autem assumenda aut dicta nesciunt doloribus eos saepe nisi aliquam natus voluptatum facilis dolor animi unde similique placeat fugiat sed voluptatem et ad soluta voluptatem possimus molestiae dolores cum quod cupiditate deserunt sit consequuntur veritatis dolores quas saepe molestiae qui est quia nobis nobis ad laborum nisi deserunt dolores suscipit mollitia earum magni ea nemo consequatur repudiandae tempora omnis ipsum eum mollitia eligendi mollitia impedit molestiae alias ut dolorem fugiat cupiditate et et blanditiis tenetur quia est voluptatibus non provident ut dicta suscipit quia quia fugit nihil aperiam voluptatem omnis molestias illo fuga voluptatem voluptatem non voluptatum totam dolores enim voluptatem est ut nostrum voluptas ab quasi distinctio deleniti dolorem minus vero rerum aliquam aliquid earum saepe a assumenda est sint rerum accusamus dolorum amet.', 'Ut quia inventore.', 'Reprehenderit nihil quam reprehenderit neque ut repellat aut laborum qui modi est est iste pariatur omnis rerum cum doloribus iste aliquid et excepturi quos et facilis eos aut earum repudiandae sint sint rerum et ullam quaerat repellat aut id consequuntur nihil ut magni quidem nulla qui qui molestias ipsam iusto unde quo debitis nisi debitis id velit harum est voluptas illo eius recusandae quia vitae assumenda quis quam similique reprehenderit aliquid ea voluptas autem omnis expedita consequatur omnis ut dolorum fuga minima perferendis et rerum nemo maiores voluptate est enim est aliquid veritatis consequuntur quisquam illo et est consectetur necessitatibus nihil et similique voluptates et voluptatem aut voluptates rem voluptatibus ut facere tenetur eum accusantium sequi odio dolore voluptatum eligendi iste rerum soluta eos eum quia autem illum tempora nihil sunt non deleniti quibusdam voluptatem consequatur nihil sed temporibus dicta eos quisquam tempore aut sit et voluptatem quae qui ratione quia quo libero ratione sint similique sequi id rem odio ea aut iure modi aut nam hic rem inventore assumenda laborum delectus maxime dolorem nesciunt iusto maiores doloribus quasi illum labore veritatis eos dolor quas dolore impedit dolorem iusto nihil non velit quia aut praesentium aut et voluptatem eligendi consequatur sapiente eum magnam placeat rerum explicabo doloribus expedita numquam soluta delectus enim numquam voluptates ut quasi corrupti voluptas vitae voluptatem repellendus et ut eius non saepe saepe eum repellendus eveniet sunt temporibus maxime qui accusamus vel accusantium laudantium soluta dignissimos quis hic molestiae reprehenderit saepe dolor odio in amet aliquid et quisquam adipisci et rerum quos fuga sunt et nostrum ut eum non ratione aut aut nam commodi atque adipisci aut maiores harum placeat ut impedit rerum reprehenderit ut nam porro quia doloremque voluptatibus est iusto ab distinctio laboriosam sed qui maxime quod nesciunt maiores possimus natus illum molestiae iusto quam sunt perferendis a qui minima quisquam est accusantium suscipit nihil est tenetur sunt neque aut.', 'et,dolor,ex', 'Veritatis provident eum.', 'praesentium,et,sit', 0, 0, '2022-11-05 13:48:26', '2022-11-05 13:48:26', NULL),
(29, 3, 'Ullam odio dolore.', 'ullam-odio-dolore', 12045, 937, 8897, 461, 6965, 4518, 1, 'products/03.jpg', '[\"products/02.webp\", \"products/05.webp\"]', 'Rerum quaerat consequatur dolorum impedit recusandae nobis illum voluptas aut sunt sed in ipsa harum nihil voluptates eum autem quis est fugit aut nemo rerum vero quaerat itaque repellat iusto et officiis accusantium autem placeat molestiae velit fugit tempora placeat asperiores doloribus voluptatem cupiditate laborum dignissimos accusamus deleniti maxime id rerum aut in aspernatur molestiae facere deserunt adipisci molestiae excepturi qui dolores ex est voluptas officiis explicabo voluptatem ipsam consequatur pariatur natus a ratione consectetur aut blanditiis consequatur incidunt libero facere minima tempore sunt vero dolorem rerum quis perspiciatis animi fugit doloribus dolor incidunt et occaecati assumenda enim qui odio repudiandae sit corporis dolorum nisi nisi pariatur excepturi et omnis et neque reiciendis nostrum aut delectus perspiciatis repellendus tempora molestiae hic corrupti explicabo ducimus et minima qui iusto cum temporibus sit asperiores et ea quis quod quos voluptas officia accusamus pariatur sed asperiores dignissimos ut hic voluptatem omnis rerum dignissimos unde deserunt aperiam ut expedita odit a qui eius blanditiis occaecati sequi non qui earum iure cupiditate repellat sunt dolores asperiores pariatur quos sit qui molestias est error eum delectus neque perspiciatis cum deserunt asperiores consequuntur modi fuga eaque maxime et impedit eius vel ut ut in maiores non qui earum et commodi veniam suscipit est quis nesciunt quidem est quae ducimus voluptate omnis nam nihil qui dolorem dolorum quia odit et voluptatum ad consequatur non necessitatibus qui in optio voluptatem repellat qui veniam nulla voluptatem aut natus accusamus sapiente quos sed porro tempore voluptate voluptatum vel autem quia praesentium assumenda et ut officia odio unde quia aspernatur voluptatibus culpa in odio a sunt numquam ipsa placeat rerum pariatur culpa et et explicabo amet sit soluta cupiditate adipisci dolores quos sed perferendis et magnam cupiditate non vitae dolorem voluptas quod dolor corrupti facilis eos et quia vel qui quia explicabo iusto delectus ipsa quia excepturi commodi provident necessitatibus labore doloribus libero voluptatem voluptatem ratione in enim fugit animi vel sint consequatur doloremque veritatis ex est et sunt et perspiciatis et molestiae ut exercitationem eum est et quia rerum laborum nulla rerum autem aut et quae officia et sit culpa ipsa est laborum vitae nulla iste optio voluptas aut voluptatum unde ea sint sit accusamus facilis saepe similique aut facilis soluta similique eaque ratione totam eum quos sit et et ipsam et dolor et iste architecto voluptates vitae magnam excepturi hic magnam ut corrupti dolor ipsa quia tempora sunt dolores molestiae ut tenetur quia accusamus voluptatibus itaque quasi autem voluptatibus distinctio numquam esse.', 'Saepe dolor laborum perferendis error.', 'A voluptatum voluptates fuga enim cumque necessitatibus inventore aut dolorum id impedit voluptas officiis tenetur libero quia excepturi eum consectetur iure corporis eos omnis deleniti quas consectetur dignissimos eum perferendis quo commodi et explicabo in ut maiores veritatis vitae quibusdam nemo ea aliquam explicabo dolorem non eos porro consequatur omnis vel voluptatem quidem voluptatem sed et vel et delectus eos repellendus accusamus dolores est ut quos in modi placeat ea illum alias reprehenderit quis sapiente ut nihil sequi a enim voluptatem velit et fuga est illum dolorem eveniet corrupti et sed ipsum sed ducimus laborum architecto eos dolore repellat omnis et ab eum et veniam sint distinctio provident recusandae perspiciatis voluptatibus modi optio soluta dolor eos sint blanditiis sint nesciunt odit aspernatur velit ducimus modi voluptatem sit similique cum distinctio ea quae vero incidunt repudiandae et dolores recusandae sit quis est maxime iusto nihil modi iusto consequatur sapiente sit qui voluptate necessitatibus laboriosam quod esse et et saepe repudiandae ab eius repudiandae praesentium impedit eveniet consectetur ad provident velit quisquam ullam officia et optio nobis dolores mollitia quia tempore maiores ab nobis repellendus consequatur nihil incidunt vero mollitia reiciendis ab.', 'qui,veniam,expedita', 'Sed reiciendis consectetur.', 'voluptas,minima,exercitationem', 0, 0, '2022-11-05 13:48:26', '2022-11-05 13:48:26', NULL),
(30, 7, 'Aut optio atque.', 'aut-optio-atque', 25740, 698, 2304, 7380, 6249, 419, 1, 'products/03.jpg', '[\"products/02.webp\", \"products/05.webp\"]', 'Est incidunt impedit voluptates in quisquam qui ea iure at et officia aliquid quia modi ad soluta blanditiis non quis nostrum necessitatibus quis ut tenetur quam et veritatis aut cupiditate sequi quia aut non eos eos occaecati facere voluptas molestiae sapiente animi nam sed dolorum odio omnis cum ipsum omnis enim dicta necessitatibus enim dolor reiciendis ut voluptates asperiores iusto aperiam voluptatem ipsam odio magni expedita ipsum numquam et excepturi blanditiis et maiores quaerat voluptate earum possimus aut molestias vel atque ad illo perferendis ut in nam quod consequatur eos dolor ea exercitationem nemo ut rerum sed vitae nihil quia corporis magnam tempore quas assumenda cum qui et ut laboriosam dolorum repudiandae non est ea odit aut inventore quisquam neque minima eveniet nihil quo esse unde aut labore vel eum minus aperiam ex molestiae veniam et quo ducimus autem aut nisi architecto porro est odio facilis architecto culpa eos ea cupiditate adipisci velit earum omnis possimus consectetur ut amet cumque dolorem aut et ea nihil veniam tenetur accusamus iste commodi aut est eum optio molestiae quia repellendus consequatur autem maiores accusamus possimus odio doloribus aut enim beatae fugiat nulla qui at debitis labore sint est sunt laudantium distinctio asperiores tempora qui sit facere maxime porro aut voluptatem praesentium maiores quisquam iste dolores et nemo enim cumque dolor reiciendis aspernatur magnam deserunt et voluptas qui asperiores quo accusamus ab aliquam quasi est tempora omnis quia dolore impedit eligendi quia quis dicta corrupti atque delectus esse dolores soluta quis aut similique architecto assumenda maiores accusantium et et dolorum fugiat tenetur consectetur aspernatur voluptatem ipsa tempora quia mollitia ut quod dolorem quam ipsam qui minima neque similique voluptas voluptas qui aut sed quas laboriosam non dolorem rem dicta ad reiciendis in possimus unde nam non temporibus omnis ipsam similique rem rem aspernatur nostrum quia vero ut sed deserunt voluptates ut culpa quo id aliquid sed qui itaque eveniet laudantium qui rem explicabo placeat eaque rem magni sequi rerum doloribus aliquam nulla ut non suscipit illum perspiciatis sunt pariatur ut non corporis pariatur aliquam voluptates et et temporibus rerum dolor perferendis optio blanditiis aperiam sit ut culpa accusamus et dolor enim accusantium qui est accusamus rerum voluptatem doloremque repellat eveniet harum aut quia officia dignissimos quia rerum voluptate cum sit non eos aut consequuntur porro consectetur adipisci placeat harum laboriosam natus asperiores.', 'Beatae quae minus aspernatur.', 'Minus distinctio est corrupti est quasi sequi alias ut ea qui officia aspernatur beatae est porro et error sunt nihil aspernatur cum doloremque ab deleniti quia aliquam et pariatur illum eum debitis repellat maiores dolor et officia est dolor aut quia fuga qui laudantium odio nam omnis eos quas voluptates repudiandae dolorem sequi dolore aliquid rerum aut modi dolorem eos nisi molestias beatae voluptatem dignissimos et et optio optio voluptatem qui eligendi dignissimos praesentium quidem animi et corrupti laboriosam aut dolores dolorem doloremque est ut sed sit voluptas est consectetur alias laboriosam adipisci consequatur veniam quidem unde cumque rerum voluptas qui maiores at et architecto ea ea aut facere aperiam nostrum ab reprehenderit voluptatem est consequatur earum molestiae facilis et dolores libero doloremque eius quia dolorum aspernatur est dolor odit consequatur quas suscipit exercitationem vel illo placeat repudiandae officiis eum eveniet ducimus iusto rerum itaque eum aut veritatis ea consequatur eveniet ut enim impedit voluptatem accusantium in consectetur dignissimos non blanditiis et et nihil et soluta molestiae ullam illum illum voluptas libero expedita dolor dolores vel aut aut voluptas eos maxime nesciunt dignissimos sequi et quia ut vel error rerum quidem corporis et atque sint odit at et ut eum libero magni et laborum nam eligendi hic sit iure sit et autem in et eaque illo aut quasi non et optio quod in quia veniam non ut ab aut nisi quas ad quis repellat ut provident quam eum aspernatur voluptatem hic est earum assumenda sint eum fugit assumenda dignissimos voluptatem impedit voluptate dolorem ea et odio facere debitis maiores nobis quia perferendis maiores iure quod.', 'itaque,ut,sit', 'Aut illum eius nulla.', 'non,expedita,quasi', 0, 0, '2022-11-05 13:48:26', '2022-11-05 13:48:26', NULL),
(31, 1, 'In autem praesentium.', 'in-autem-praesentium', 47647, 446, 9670, 5407, 4033, 993, 0, 'products/03.jpg', '[\"products/02.webp\", \"products/05.webp\"]', 'Voluptatem et nesciunt ut et dolorem quos cumque voluptate magni iure maiores pariatur et aut aut debitis non quo quod aliquam voluptatem placeat quod alias quia quia dolorum commodi quia quis dolore eos voluptates ipsam blanditiis omnis ullam autem velit vero provident expedita ea ut qui dolores sit rerum sunt a distinctio sint inventore magni dolorem repellat tempora sit adipisci qui corrupti architecto voluptas repudiandae officiis dolorum corporis quam est iusto qui quisquam assumenda odio excepturi quo alias delectus error dolorem sunt alias a rerum voluptatem autem consequatur qui aliquam molestiae dolorum nisi enim est molestiae exercitationem impedit quisquam qui voluptatem in velit et nam officiis dolor nulla commodi quis quo asperiores non ut quasi consequuntur minus et repellat in libero consequatur velit voluptatem et dicta non quam dicta et ab quidem fugiat ab atque deleniti corrupti et esse autem fugiat harum beatae aut consequuntur hic id officia cupiditate est optio vel enim nobis cupiditate et impedit non dolorem maiores exercitationem odio omnis perferendis nisi quod eligendi id et id incidunt voluptas consequatur corporis eaque voluptatem quo ut sit qui architecto beatae quia minus eveniet eligendi quaerat assumenda aliquid eveniet magni tempore voluptas sed harum nisi non deserunt corrupti odio impedit minima atque quasi voluptatem quia quia ut magni dolor quasi itaque vel ullam et magni magni voluptate facere ut consequatur placeat omnis dignissimos qui neque minima magnam aut corrupti possimus explicabo fugit minus maxime culpa ut est enim odit id sequi libero aut iusto sit et adipisci quisquam dicta labore aperiam iste unde molestiae repellendus vero quia fugiat recusandae non dolor aut doloremque unde praesentium aperiam in assumenda sed sapiente aperiam delectus dignissimos necessitatibus eveniet qui asperiores voluptatum et in aut sunt minima voluptatem voluptatem cumque quia perferendis saepe itaque qui molestias dolorum esse voluptatem vel magni quia reiciendis eum eius magnam explicabo explicabo veritatis dolor explicabo quibusdam sit et nulla voluptatem ipsam occaecati minima maiores accusamus tenetur dolor assumenda nisi nemo labore quae exercitationem qui debitis quis pariatur dolore quisquam et id rerum nesciunt blanditiis error eos asperiores dolorum nesciunt dolores.', 'Suscipit voluptatem architecto quisquam.', 'In ut mollitia ut sunt neque nesciunt minus est eos dolor aut libero voluptate repellat odio illo dolores debitis quia fuga cupiditate aut qui minima veniam excepturi saepe molestias et odio laboriosam ut dolorum possimus iusto nobis expedita facilis provident odio est est accusantium aperiam aperiam quod dicta est sapiente possimus non tempora eos quia id explicabo et aut facere molestias neque harum aut beatae veritatis nihil consequatur ea nostrum nesciunt minima earum eius repellat non voluptatibus non rerum et est et id nesciunt qui molestias esse esse ipsa ratione molestiae laborum earum iste nihil repudiandae delectus sequi nemo dolorem excepturi dolore et et ut voluptatibus architecto corrupti quas eius autem quam perspiciatis eum dolorem aut voluptas odio ipsa facilis facere enim cum facilis aut minima et voluptas molestias velit omnis quidem ea et omnis perspiciatis corporis temporibus distinctio rerum ex eius nisi dolorem quam animi aut omnis quibusdam distinctio et porro iusto voluptas esse unde non molestias dolores est commodi dignissimos sunt est ut quia voluptatem nulla et reprehenderit suscipit dolore aliquid voluptatum porro rerum est porro temporibus pariatur numquam ut debitis tempore qui architecto quam similique expedita suscipit quod amet id quae cumque voluptatem sit fuga ipsam et facilis rem ut nobis aut iusto est beatae possimus praesentium dolores tempora illum ad maiores in ut et dolore fuga nobis voluptatem sed eos et quia itaque deleniti quis.', 'ratione,vel,excepturi', 'Veritatis quisquam.', 'corrupti,reiciendis,aperiam', 0, 1, '2022-11-05 13:48:26', '2022-11-05 13:48:26', NULL),
(32, 3, 'Nihil odio sunt est.', 'nihil-odio-sunt-est', 61585, 714, 4482, 1755, 5270, 4740, 0, 'products/03.jpg', '[\"products/02.webp\", \"products/05.webp\"]', 'Consequatur repudiandae tenetur consequatur non architecto totam dolore doloremque eveniet incidunt qui praesentium perferendis delectus nemo quis provident corrupti qui tenetur commodi culpa qui veniam molestiae et assumenda sunt dolore quia ut quis natus qui corrupti cupiditate deleniti vitae dolore rerum illo aut blanditiis cum totam incidunt sunt est nihil accusantium vel et voluptatem et id dignissimos nobis incidunt non est odit non doloribus sit voluptatum consectetur voluptatibus ipsam eum dolor enim voluptas earum voluptatibus excepturi facilis sequi voluptas nulla earum animi et veritatis quas eius inventore beatae ab corporis ipsam dicta quis qui rerum aperiam fugit ducimus tempore numquam est eligendi aut ea omnis est iusto totam nihil ipsum non inventore aut ullam in consequuntur ab qui ut a repudiandae exercitationem autem enim soluta minima sint et quidem quia facilis consequatur et libero minus sint quam aut et et quas ullam qui voluptatibus eos deserunt voluptatum voluptatem consequatur porro exercitationem totam at et ad corrupti explicabo molestias magnam doloribus neque error nesciunt sit incidunt dicta asperiores quos laborum quidem repudiandae animi repudiandae harum quibusdam vel mollitia temporibus eligendi aperiam non et rerum consequatur error perferendis cumque sunt nemo error id aut ipsam qui possimus alias et nemo dolor laboriosam voluptatibus laborum facere qui esse architecto sequi dolor praesentium a quia et odit est.', 'Ut sed est.', 'Et quae velit placeat quia sit tempora ut nesciunt est ipsum ut iusto fugit quia possimus qui voluptate repellat vel soluta et nam facere porro consequatur sapiente illum odio suscipit iste inventore inventore delectus iusto laudantium natus modi numquam officia ut nemo et harum ut nulla voluptas qui aut pariatur quisquam totam illum rerum qui a maxime iure quisquam amet nihil ad aut blanditiis voluptas perferendis autem et rem officia modi voluptatibus id aut ab eligendi corrupti ea molestiae maiores nihil ullam autem voluptates repellendus qui voluptatem facere dolores quis ut sed et sed veritatis consequatur nihil perferendis et et eos rerum sunt et beatae voluptatum tenetur necessitatibus repellendus atque nesciunt minus ut nihil voluptatem qui explicabo itaque quis voluptates esse et quas earum consequatur est velit earum consequatur sit et quasi ab molestiae dolorem temporibus quo et est tempora eos voluptatem molestiae maiores nihil et aliquam sit voluptas quia fugiat voluptas vero rem exercitationem animi qui repudiandae accusantium dolor atque amet accusantium architecto possimus nemo id consequatur autem ut inventore cupiditate eveniet sunt quibusdam est dicta vitae eveniet voluptate cupiditate ab vel qui aut dolorem deleniti rerum non excepturi repellat facere necessitatibus expedita fugiat id facilis nostrum voluptas consequuntur est et recusandae numquam veritatis aut alias ipsa est voluptatem corporis rerum sequi odit aut corporis vel voluptate libero perspiciatis deleniti dolorem sed consequatur dolor ducimus rerum accusantium cum exercitationem id cumque saepe aliquam unde est incidunt eligendi illum consequuntur molestiae voluptas autem molestiae a ipsum ut.', 'est,sunt,et', 'Reprehenderit iusto ut dolores.', 'ut,hic,asperiores', 0, 1, '2022-11-05 13:48:27', '2022-11-05 13:48:27', NULL);
INSERT INTO `products` (`id`, `category_id`, `name0`, `slug`, `price`, `size`, `thc`, `cbd`, `sku`, `discount`, `discount_enable`, `img_main`, `images`, `description`, `title_seo`, `description_seo`, `keywords`, `plant_type`, `effects`, `rating`, `is_published`, `created_at`, `updated_at`, `deleted_at`) VALUES
(33, 1, 'Explicabo et illum accusantium.', 'explicabo-et-illum-accusantium', 79188, 749, 3079, 9251, 8545, 6759, 0, 'products/03.jpg', '[\"products/02.webp\", \"products/05.webp\"]', 'Sed facere alias et blanditiis nobis sint sint alias tempora hic molestias libero aut a ut et nisi esse voluptatum debitis laboriosam consequatur vel nihil porro praesentium quae culpa voluptatibus dolorem impedit expedita harum voluptatibus aspernatur dolorem cum doloribus ut fugiat voluptatem at sequi minus corporis quasi est dolores at qui quas accusamus non veniam impedit veritatis porro ut consectetur molestiae omnis laborum aut autem voluptas dolorum ducimus aut est sequi aperiam non molestiae ipsa incidunt et quisquam dolores voluptatem aut doloremque et et eum non ullam fuga corrupti omnis sunt autem natus vel atque id accusamus mollitia quis et placeat velit adipisci amet dolorum modi voluptatem beatae ea quae et aut fuga est magni veniam corporis ea eius et deleniti rerum reprehenderit necessitatibus eligendi aut sed mollitia dicta aut officiis similique eaque porro nesciunt quia similique similique deserunt magni quia consectetur cupiditate quos hic pariatur numquam nesciunt sunt optio deleniti eveniet quod consequuntur praesentium praesentium similique laudantium dicta sed maiores est adipisci facere error est aut repellat molestias unde reiciendis dolor culpa optio aliquid quibusdam impedit quidem doloribus ad voluptatem ipsum et quia ut sit quae et minus nam nihil distinctio et et distinctio nesciunt ullam voluptas in eveniet possimus qui perspiciatis reprehenderit voluptatem dolorum adipisci modi praesentium placeat molestiae numquam odit porro et et voluptatem nihil qui molestias autem rerum adipisci laborum aut architecto explicabo repudiandae velit corporis non possimus architecto sed sed voluptas debitis sint officia adipisci quis molestias perspiciatis ipsum eaque voluptatum ut quisquam tempora velit temporibus sint accusantium rerum tempora tenetur nisi veniam consequatur consequatur saepe ducimus sit a suscipit deleniti aliquid consequatur vero dolores sit dolores earum unde sed culpa vitae similique qui blanditiis molestiae magni ea nobis quos non autem unde sed consequatur facilis neque aut officiis deserunt cumque rerum distinctio eum sint nihil voluptatum harum nulla amet quas aperiam quod enim voluptates dignissimos impedit officiis tempore nesciunt voluptatem mollitia architecto temporibus cum quia eos eligendi quia inventore eos accusamus aut autem impedit non possimus voluptates doloribus quos laudantium consectetur velit eos sunt maiores sequi perferendis non in repudiandae aut molestias dolore sed et sunt suscipit nihil quas autem officiis explicabo quas ducimus non fuga laboriosam eos neque officiis sint iste nemo in mollitia omnis sit ipsam dolorem itaque eligendi nostrum enim corrupti minima ea.', 'Dolores fugiat et et.', 'Enim sed deleniti tenetur natus minus ipsum aliquam corporis aut esse nihil at et animi et sit optio fugit libero assumenda blanditiis accusamus possimus dicta dolor enim dignissimos perferendis tempore illo corrupti dolorem a porro accusantium numquam iste maiores qui aut aliquam minus odit praesentium quod qui quaerat expedita nihil vel eum ut dolores tenetur rerum nam ullam consectetur laboriosam voluptatem est reprehenderit est quos nisi expedita explicabo assumenda ut placeat sed labore asperiores voluptatem id consequatur vel fuga placeat ipsa iure ab veniam aliquam sapiente minima nam eos ipsum libero aliquam non harum error ipsam alias hic magnam dicta aut cum veritatis qui sit aut in dicta sed optio necessitatibus quibusdam eaque eum corrupti voluptatibus dolorem impedit sed distinctio eos fugiat soluta totam praesentium eos ipsam voluptatem nisi non adipisci atque eum doloribus autem aliquid laboriosam qui explicabo tempora optio reiciendis expedita quidem ut laborum quo debitis doloremque perferendis vel totam sit sed iure sit quo perferendis dolorem et ut in atque dolorem consectetur id esse ad quidem est non et iure qui debitis animi animi est dolorum facilis quia.', 'nobis,dolorem,est', 'Dicta est sed quia.', 'fugit,voluptatem,ea', 0, 0, '2022-11-05 13:48:27', '2022-11-05 13:48:27', NULL),
(34, 3, 'Optio quod et laboriosam.', 'optio-quod-et-laboriosam', 98444, 724, 6815, 4061, 9125, 21, 0, 'products/03.jpg', '[\"products/02.webp\", \"products/05.webp\"]', 'Consequatur excepturi omnis et facilis non quaerat sunt dolorem rerum quod minus laudantium dolorem molestias laudantium dolore accusamus doloribus voluptas fugit tenetur et incidunt necessitatibus cupiditate aut aut possimus distinctio omnis possimus perferendis excepturi aut quo illo provident distinctio enim culpa id enim in provident nihil quasi expedita voluptatibus officia aperiam cupiditate repellendus autem fugit eos quos perspiciatis voluptatem et libero dolores iusto aspernatur quas totam autem et eligendi facere suscipit nesciunt rerum soluta enim non itaque dolor animi ducimus similique libero placeat et voluptas quia beatae enim quasi consequatur eos natus sed iure magnam id consequuntur iusto labore molestiae sed occaecati aut iste modi nulla enim deserunt et rerum sit doloribus omnis consequuntur veritatis est at molestias nemo eum eveniet voluptas blanditiis ut vel quia nemo harum voluptas quod minus veritatis voluptas corrupti et nostrum pariatur sapiente modi quasi odit illum non nobis consequuntur suscipit tenetur quaerat sed repellat quidem numquam veritatis excepturi sit eveniet ut tenetur et et ea totam dolores possimus nihil quia exercitationem minima repellat quidem dicta et quia voluptas itaque cum ducimus nobis magni illo assumenda modi deleniti consequatur qui neque excepturi nisi dicta autem consequatur ut totam quia voluptas ut ut eveniet facilis laborum fugit et minima ullam maiores quas eum repellat molestias ipsam aut similique numquam sed aspernatur occaecati dolores eos illo reprehenderit ipsam aperiam esse.', 'Et eos voluptates.', 'Deleniti ad vel maiores voluptatum nesciunt doloremque ipsa facilis exercitationem quisquam quia esse amet repellat et temporibus modi ut illo explicabo aspernatur recusandae quo qui officiis sapiente enim qui et culpa nisi id molestias ullam labore voluptatem at laudantium maxime non deserunt consequuntur quas non ut illum sint dolores doloremque quae veniam quis autem qui ut quas labore voluptatem optio ab sint voluptate dolor minus alias adipisci quia sit provident ut suscipit voluptatum dolorem aperiam pariatur ex saepe esse distinctio dolores hic saepe distinctio cumque facilis inventore sint non odio iste totam quia recusandae molestiae praesentium cupiditate voluptas harum voluptate odit voluptatum qui perspiciatis neque beatae voluptate dolores quo facilis doloribus debitis amet labore laboriosam qui et sunt nihil enim nihil molestiae consequatur ducimus a reiciendis sed explicabo esse similique natus qui provident libero est et distinctio eos aut repellat quibusdam ab natus totam dolores dolorum totam maiores ea sint consectetur adipisci tempore praesentium magnam accusantium totam ab provident voluptas ratione aut velit libero earum ipsam laborum dolores omnis deleniti a et assumenda culpa qui quasi sequi ad ab aliquid dolorem id natus officia quisquam qui aspernatur quae assumenda in nesciunt sequi in eius enim error qui tempora in consectetur quas quos quia tenetur sit tenetur officia aspernatur earum vitae soluta facilis molestiae voluptatem reprehenderit et non animi voluptas ea aut ducimus excepturi dolorum laudantium aut consequatur incidunt ut blanditiis aspernatur sed eos sit consequatur nihil consequuntur incidunt sed corrupti iusto ipsum quia ratione sit ut tempore fugit magni aspernatur qui mollitia cum sint explicabo non ad saepe non eius eius quo soluta mollitia ullam nobis qui in eveniet rerum enim quo sunt tempore possimus voluptas similique deserunt earum temporibus vel impedit nihil suscipit sunt veniam recusandae esse non officia consequatur sed fuga iure voluptatibus nesciunt vitae voluptas dolorem optio molestias soluta ea vitae eveniet tenetur ducimus placeat excepturi quas non qui animi velit quibusdam ipsum itaque itaque vero dolor et rerum aspernatur quo dicta consequuntur qui aut fuga aspernatur laboriosam non molestiae veniam nesciunt quibusdam occaecati rerum praesentium reprehenderit quia asperiores accusamus unde excepturi sunt deserunt dolor error et non nam nulla et officia error explicabo sit.', 'ducimus,eum,qui', 'Sunt a.', 'rerum,omnis,illo', 0, 0, '2022-11-05 13:48:27', '2022-11-05 13:48:27', NULL),
(35, 5, 'Quibusdam sed deserunt.', 'quibusdam-sed-deserunt', 63112, 693, 2087, 247, 2203, 6881, 0, 'products/03.jpg', '[\"products/02.webp\", \"products/05.webp\"]', 'Dolore neque ea sunt eligendi occaecati ut non ab sed deserunt dolor beatae eveniet officiis ut non eum consectetur autem itaque rerum animi nihil ut consectetur accusamus vel repellat minus libero iure dolorem fuga in nisi adipisci perferendis sequi natus vel aut laborum dolorum omnis in dolor ratione voluptas quis neque impedit sapiente temporibus iusto id labore magnam rerum quod nihil fugit iure nisi quasi ut at veritatis itaque hic perferendis adipisci totam eum eum autem facere qui expedita aperiam minus porro suscipit amet nihil incidunt rerum nobis quasi dignissimos quae perspiciatis maxime autem pariatur quia et amet mollitia accusamus aliquam voluptatibus non aut aliquid et consequatur et sit doloremque eveniet eaque explicabo voluptates quidem fugit quas qui asperiores provident fuga ipsum necessitatibus libero hic mollitia assumenda officiis alias quam quas est vel culpa nisi voluptates labore natus quis aut et provident hic blanditiis nulla corrupti voluptas aut non quaerat impedit quis ea vel sequi quis est cumque omnis sed eius voluptas consectetur dolorem explicabo placeat dolore voluptates in qui beatae quod dicta quisquam possimus debitis qui consequatur similique ut sint dolore molestiae quasi atque omnis eos in pariatur ducimus voluptatem sapiente consequatur optio sint totam repudiandae sit aut non dignissimos officiis nihil in neque repudiandae ut nisi provident natus dolorem culpa a facere autem totam magni aliquam itaque nihil quo tempore aut perspiciatis voluptatum qui explicabo consequatur facilis enim doloremque nisi enim ab ad ratione consequatur consequuntur qui quasi adipisci iusto quaerat repudiandae omnis eligendi et aut aut deleniti et et praesentium voluptatem reprehenderit et nulla est est et ex nesciunt consectetur impedit doloremque est at tempore ullam numquam totam aliquam magnam in sint inventore expedita illo iusto incidunt dolores quo harum dolore dicta voluptates cumque optio ut nemo ipsa dolorum aspernatur eaque deserunt omnis voluptatem ipsam laudantium qui ut quidem cupiditate sequi harum impedit est omnis rem quis neque mollitia necessitatibus repellendus occaecati voluptatem.', 'Adipisci iusto deleniti molestias.', 'Saepe illum repudiandae dolor maiores maiores voluptatem sed saepe nesciunt odio minima odit sit corrupti aut nulla voluptas fugit dolor laborum quasi est consectetur nulla amet earum voluptatem impedit nulla hic reprehenderit molestiae ratione dicta veritatis sunt laboriosam magni itaque autem dolore dolorum quia ratione cumque in veniam quia est quos debitis in nihil veritatis dolor iure omnis non doloribus quis dolores unde aut iusto voluptatem nihil fugit et ut nulla quis accusamus quasi quaerat voluptatem dolorem et est sunt hic pariatur repellendus aperiam facilis soluta eos sint vel explicabo nulla cum dolores tempora eaque sapiente dolores aspernatur aut modi quo labore sequi et voluptas et eos tempore consequatur fugiat atque voluptates voluptatem dolor et architecto eos consequuntur maxime nesciunt quidem incidunt doloribus eveniet tempora incidunt pariatur voluptatem rerum unde laudantium consequatur accusamus dolor unde quas et aperiam earum sint saepe sit impedit nihil et ipsa doloremque et nulla eum sed quam ullam distinctio qui distinctio deserunt ad officia laboriosam quam ea aut atque commodi quia quo deserunt est impedit odio aut exercitationem voluptates omnis odit vel id reiciendis temporibus dolor nihil ducimus provident at velit sint accusantium laborum voluptatem sed non qui ut quia quam qui occaecati amet aliquam quae sunt neque et adipisci voluptatem atque nam necessitatibus occaecati aliquid accusantium qui magnam aut excepturi quam accusamus debitis impedit voluptatem non incidunt velit suscipit est consequatur illum accusantium qui nobis necessitatibus vel voluptas nobis possimus aliquam quo eum distinctio aut nisi illo aliquid voluptatem mollitia voluptatibus itaque veniam excepturi aliquid similique rerum occaecati at adipisci omnis distinctio ea dolor cum quas dolor praesentium nulla repellendus reiciendis optio magni vero rerum corrupti blanditiis temporibus consequatur unde quod ex cum magni qui beatae asperiores in nam tempora quis eaque nostrum quibusdam vero sit dolorem dolorem est ut eius odit illum iure voluptatem sit accusamus accusantium neque nam et eos recusandae eius quia ut minus inventore ab non omnis beatae fugit vel magni nostrum unde deleniti ex quos tempora esse iusto maiores id voluptatem adipisci voluptas nesciunt consequatur vero et non neque vitae sunt beatae eligendi laudantium deleniti autem ea possimus aut ipsa in delectus quis dolorem.', 'dignissimos,id,animi', 'Autem sequi.', 'aut,qui,et', 0, 1, '2022-11-05 13:48:27', '2022-11-05 13:48:27', NULL),
(36, 6, 'Pariatur natus quae.', 'pariatur-natus-quae', 92256, 70, 4517, 5631, 4158, 8818, 0, 'products/03.jpg', '[\"products/02.webp\", \"products/05.webp\"]', 'Aspernatur est maxime modi cupiditate eum ea sed adipisci velit ducimus tempora nesciunt tempora quas suscipit eos illum numquam est vel beatae ex sint id dolore delectus omnis est consequuntur est consequuntur quae reiciendis et et eligendi repellendus in repellat nostrum eaque repellendus quisquam veritatis dolor quis sapiente voluptas molestiae optio recusandae praesentium modi architecto magnam repudiandae molestias qui mollitia occaecati ad et quidem iusto beatae minus eum quam commodi et molestiae labore nesciunt ab cum vero vero repudiandae cumque architecto id autem quia aut saepe et nulla porro consequatur quas est maxime dolores aut in iste voluptatem cum nihil quasi libero fuga possimus aut est dolor corrupti sed nam quos iste debitis asperiores ut nostrum quas omnis adipisci quam fugit est et exercitationem et id qui velit cum nemo dolorem dolores nihil tempora qui earum praesentium ipsam odit cupiditate dicta praesentium at aut dolorem autem optio consequatur unde corporis officiis dolorem eveniet culpa nulla tenetur soluta praesentium aut rerum ab dolor suscipit at assumenda voluptas officia distinctio explicabo aperiam placeat quibusdam architecto et reprehenderit quaerat necessitatibus vero quis nihil quae et neque corrupti consequuntur architecto hic sit incidunt consectetur autem corrupti vero et repudiandae perferendis vel impedit error dolor omnis quis magni ad cum aut ex eos quia nemo hic sed nesciunt quisquam optio officia culpa itaque nihil quidem perferendis aut explicabo.', 'Mollitia necessitatibus.', 'Rerum ratione et aut itaque aut temporibus aut dolorum dolor aut non dolorum voluptates mollitia ducimus enim ea accusamus voluptatum nostrum eligendi facere numquam vel qui velit quae cum ea iure quam voluptatem vel id est aperiam unde rerum magnam voluptas animi omnis impedit rem aut dolorem omnis exercitationem rem et incidunt ipsum eligendi voluptatum consequatur quasi omnis consequatur sed facilis eveniet nostrum velit et sed ipsum adipisci veritatis quia ab et sed delectus ut in dolorum quis explicabo suscipit unde nam provident commodi dolorem facilis autem ipsa et illo aut consequuntur sit provident odit reiciendis molestiae ut est architecto velit repellendus maxime illum delectus ipsa officiis officia enim et explicabo tempora corrupti esse et ratione in dignissimos nemo perferendis dolorem sint rerum nemo illum odio culpa fugiat modi officia expedita qui natus voluptas veritatis voluptates sunt totam perferendis aut omnis quas facere aperiam eius nisi non facere sint temporibus ut veniam in aut ratione commodi nostrum rerum fugiat similique ut natus sed est architecto deserunt quaerat ut non sed officia rem numquam inventore ipsum velit doloribus qui corrupti aut sequi aliquid quas et amet labore cupiditate reprehenderit tenetur ab tempore consequuntur quis enim fugit quia ut non ut consequatur aliquid quia quam magni fuga soluta inventore doloremque odit cumque culpa ut atque dolorum quo exercitationem veritatis et dolor nesciunt adipisci dicta fuga aut velit ut eligendi inventore voluptates molestias atque aliquam qui asperiores et laboriosam qui veniam fugit odit quia expedita sint saepe dicta nihil voluptatem aspernatur accusamus doloribus ea voluptate deleniti aut qui cupiditate velit officiis praesentium tempora ipsa sed tempora amet ea placeat voluptate assumenda quae accusamus expedita optio aut impedit.', 'nemo,sit,officia', 'Qui voluptate itaque quam.', 'tempore,autem,velit', 0, 0, '2022-11-05 13:48:27', '2022-11-05 13:48:27', NULL),
(37, 4, 'Magni rerum fugit.', 'magni-rerum-fugit', 59116, 670, 5197, 9841, 952, 4577, 1, 'products/03.jpg', '[\"products/02.webp\", \"products/05.webp\"]', 'Necessitatibus voluptatem accusantium quisquam est natus qui sunt magnam laudantium illo dolores recusandae minima aliquid quidem tempore qui tempora autem eos dolor quisquam laudantium est quos sit perspiciatis cumque animi quo repellat dolores occaecati facilis sint ut facere et perspiciatis et voluptate nemo non accusamus eveniet nihil ullam tempora vitae iure totam commodi eaque nobis tempore adipisci repudiandae occaecati id ad necessitatibus ut harum labore esse temporibus et non accusamus vero quasi neque soluta recusandae quia consequatur earum perspiciatis quos ut soluta recusandae repellendus maiores quia animi accusamus reiciendis molestiae est eos quidem laudantium dolorem quidem ipsum et provident quasi explicabo est omnis aspernatur omnis ut amet quis ullam nihil fugiat enim optio dolor dolorem distinctio similique voluptas nam aut architecto dicta rem molestiae vel doloribus voluptatem harum amet est doloribus architecto qui et molestiae esse molestiae fuga possimus vel qui id possimus sit aut libero sit quis et tempora quia ex labore velit vel est veniam et sunt dignissimos aut animi qui aperiam et sapiente vel aut eos a ipsa aliquam voluptatem asperiores id necessitatibus neque molestiae numquam perspiciatis nobis repudiandae modi explicabo qui distinctio omnis odit iste alias commodi enim omnis facere rerum consequatur ullam natus culpa enim aut quisquam nam voluptatem consequuntur quo natus necessitatibus animi et ipsam quod alias unde modi fuga in est nisi saepe aliquam sit est saepe ipsum culpa veniam natus magni nulla qui quo optio aut est qui officiis aliquam dicta blanditiis dolore accusantium aut impedit ad non est soluta voluptas nobis aliquam voluptate qui ut porro ullam in repudiandae ut sed maiores incidunt recusandae et et cumque accusamus quisquam enim aut magnam architecto laudantium quidem odit eum quas non veniam atque et iusto aspernatur necessitatibus consequuntur temporibus sit ut nihil ad nemo ut inventore corrupti quo quo sunt esse atque ducimus veniam quo enim hic et veritatis magni sit laboriosam in sit aut ipsam illum esse aliquam repellendus sunt praesentium quia eum eos voluptas et illum et eum sapiente ex omnis odio autem possimus voluptates voluptatem minima amet sed velit libero labore explicabo quasi ipsa quia in soluta aut et quidem nobis voluptatem qui quaerat fugit unde accusantium hic magnam consequatur vitae quis qui reiciendis iusto alias repellat veritatis aut dignissimos amet non qui nam consequuntur in occaecati quisquam iste sed quaerat veritatis neque vero accusamus optio sint aliquam animi et sed saepe qui porro ut eligendi exercitationem dicta rem velit libero autem reiciendis non eum cupiditate voluptate laudantium esse.', 'Quisquam consequuntur quis.', 'Id et sint tempora quia excepturi facere voluptas doloremque similique qui quia et ratione voluptatem et sit ullam alias qui porro dolores eum quis doloribus soluta fuga aut ex minima dolorem eligendi ipsam eum omnis at laborum suscipit nemo id sed quia deleniti vitae magni quia aut et reprehenderit omnis aliquam sapiente vel qui architecto eum sed rem est exercitationem voluptatem earum omnis tempore deserunt qui quae et adipisci vel tempora error voluptatem eos et quidem beatae sed delectus maiores aut perspiciatis ut animi veritatis modi non harum qui ut quam est facere ut sunt molestiae hic doloribus eum sed et omnis error culpa voluptas libero repudiandae tenetur enim facilis hic numquam voluptatem id molestiae est cum et id debitis cum quod neque totam quaerat voluptates et vero atque omnis illum est aliquid officia est non rerum officiis alias tempora et non et dignissimos in ut qui molestias qui autem sunt est aliquid qui est perferendis molestias nesciunt aut et non eveniet quo minus id a et eos ut perspiciatis id facere consectetur iste quo amet et sit veritatis impedit occaecati est sed nesciunt itaque temporibus quo velit ullam ut inventore aperiam non nisi quibusdam beatae ea nemo sunt libero non in at consequuntur qui excepturi aut labore voluptate placeat esse error quidem in nisi voluptatem sapiente totam asperiores dolor consequatur quas et rem quis et magnam aut magnam at nihil aut ex fuga et sit veniam enim nostrum a sed odit reiciendis quis vitae saepe enim natus tempora sed minima iusto suscipit architecto nostrum nam vel accusamus nesciunt magni deleniti error nobis voluptas facilis et in dolores excepturi nemo eius vel aut rerum odio ea qui in ratione quaerat tempore ducimus non ut earum quasi in est explicabo dolorem illo voluptate et dolorem perferendis autem et temporibus ea amet in nulla quod sit dolores architecto laborum aut suscipit veniam sed ut quae.', 'ad,asperiores,excepturi', 'Ipsum explicabo repellendus necessitatibus.', 'inventore,dignissimos,omnis', 0, 0, '2022-11-05 13:48:27', '2022-11-05 13:48:27', NULL),
(38, 1, 'Ad ut enim.', 'ad-ut-enim', 3922, 347, 3907, 6845, 4284, 5354, 1, 'products/555-06-48-49-13-11-2022.png', '[\"products/483-06-48-49-13-11-2022.png\", \"products/362-06-48-50-13-11-2022.png\"]', '<p>Praesentium eius illo eum aspernatur nam et officia molestiae minima a non occaecati eius eligendi praesentium possimus voluptatem voluptatem blanditiis consequatur aut molestiae eligendi voluptatum est veniam dolorum aut delectus voluptatem voluptatum quia quas excepturi ab repudiandae occaecati tempora natus et nisi autem nihil et quia aut qui voluptatibus dolorem tenetur placeat dicta dolores tempore et sunt perspiciatis nemo ad rerum qui ducimus sunt ullam eos et optio totam ipsum consequatur sapiente autem explicabo exercitationem necessitatibus dolorem nam ab tenetur eos sunt quibusdam totam officiis inventore molestias rerum dolores quo sed doloremque illum consequatur est voluptatem est aspernatur corrupti necessitatibus repellat corporis sunt perspiciatis et veniam temporibus in nesciunt voluptatem dicta repudiandae consequuntur aspernatur non laborum id adipisci perferendis sunt aut natus dolorem vero laborum cupiditate esse odit vel optio quidem quia molestias placeat aut quisquam excepturi et sit deserunt ea ab est quo enim et qui dolor rerum voluptas nihil porro id asperiores rerum et tenetur et deleniti voluptatem excepturi et repellat quis architecto expedita qui reprehenderit et perferendis itaque et voluptatem laborum aliquam ut veritatis ut at sed qui consequuntur cum eum itaque quasi quaerat ut cupiditate earum ut a praesentium quo ut harum hic commodi et magni et eveniet officia incidunt ut eaque quia possimus voluptates recusandae officiis rerum nobis ipsum vero fugit debitis veniam ut error est dignissimos dolore labore dolorum maxime molestiae voluptas quidem harum quae ducimus rerum sunt voluptates sapiente vero mollitia natus est ut rerum deserunt temporibus molestiae nihil perspiciatis temporibus at sed repudiandae cum itaque quas qui eos voluptatem natus et ad voluptatem nesciunt aperiam adipisci qui ut dolorem voluptatem molestiae esse rerum cupiditate quisquam consequuntur iusto distinctio commodi voluptatem ut quas reiciendis est voluptate nobis iste labore aspernatur sit quasi ullam et sapiente.</p>', 'Eaque ut officia ipsa.', 'Suscipit eos minima consequatur aut occaecati neque sit nostrum rerum et est accusantium vel assumenda dolor quibusdam aut veritatis nemo ut dolorem quia itaque autem earum ut blanditiis deserunt dicta omnis commodi eligendi quis dolorem et iusto autem aut optio rerum est maxime aut sint aut consequatur aspernatur reprehenderit perferendis laudantium voluptate libero molestiae totam laborum est molestiae magni repellendus earum dolor doloribus rerum nesciunt rem ut sint officia soluta eius qui debitis autem ut ex ratione autem quaerat quasi eius dolor voluptatibus inventore eius aspernatur veniam omnis voluptatem placeat tempora voluptatem accusamus qui est voluptatem pariatur laboriosam deserunt ad reiciendis ad autem id nemo veritatis architecto laboriosam ut omnis quia accusantium aut perferendis voluptates ea molestias omnis sit animi dolores provident recusandae quidem quam velit ipsam suscipit est ut quis dolores eius voluptatem esse aspernatur omnis nostrum natus eaque sequi voluptatem dolores unde vitae in quas sint inventore et nobis natus possimus eius magnam occaecati ea voluptatem ab quaerat a dolores et quidem velit aut veniam vel sed maiores ducimus facilis sed consequuntur qui aliquam iste quas voluptate qui itaque animi reprehenderit debitis corporis nemo facilis et blanditiis delectus aut voluptatem explicabo quia unde totam ut est autem odio rerum exercitationem reprehenderit aut placeat eligendi natus facilis dolorum est quia expedita repudiandae ab eos optio rerum neque quia reiciendis porro dicta excepturi pariatur ut voluptatem a ipsum aut quo eius qui similique recusandae sapiente enim ut possimus dolores ut enim eos ad et in occaecati maiores reprehenderit autem omnis quia voluptatum esse voluptatem animi similique et harum rerum libero corrupti et iure esse suscipit a quaerat dignissimos quia deserunt labore et accusamus quia magni vel assumenda sunt ipsa a alias consequatur neque numquam nihil praesentium eveniet quia et ut reprehenderit porro enim est rerum ratione molestiae sed praesentium et totam quasi ut itaque qui ipsa corrupti et molestiae eveniet in ut sed sit consequatur vero nihil quas et nemo et libero enim aut mollitia sed quia sint et tempore in vitae vitae quasi unde accusamus aut magnam et molestiae sed libero sint est et blanditiis voluptates enim veniam ea deleniti totam est qui rerum dolores autem saepe soluta aut molestiae doloribus numquam in cumque dolorem dignissimos quia quam voluptatem et aliquid ea qui perspiciatis facere quia ad libero eum laudantium maxime soluta asperiores quia recusandae numquam eos suscipit voluptatem sequi quia atque aut eum omnis consequatur qui eius repellat cupiditate tenetur est voluptate molestiae quisquam a adipisci eum.', 'ducimus,est,autem', 'Et provident dolore.', 'veritatis,quos,sunt', 0, 1, '2022-11-05 13:48:27', '2022-11-14 08:08:07', '2022-11-14 08:08:07'),
(39, 9, 'At consequatur ducimus aut.', 'at-consequatur-ducimus-aut', 51689, 35, 7973, 8492, 8319, 7937, 1, 'products/03.jpg', '[\"products/02.webp\", \"products/05.webp\"]', 'Nam eos officia omnis debitis neque odio nobis molestiae id in id a non qui sed ipsum iusto et vitae similique est temporibus aut consequatur nesciunt harum provident maxime deleniti rem sed dolores autem et et illo et natus omnis dolor natus dolore modi quisquam dolor porro eius aliquam veritatis non ea possimus et et dignissimos sunt iusto sint reiciendis dolorum quaerat consequatur dolor sit aut doloribus expedita modi minima qui aut tempore ut et sequi similique nemo animi voluptatem repellat quos consequatur iste voluptatum consequatur sint laudantium fugiat ut enim consequatur nihil omnis quam nobis dolor in tenetur exercitationem aliquam eos necessitatibus culpa quo ad voluptas culpa consectetur at quis tenetur fuga earum veritatis architecto veniam enim voluptas aut porro placeat sit iusto et debitis velit soluta debitis eum ad quisquam ut qui doloremque pariatur et veniam iure illum sunt dolorem quisquam et sit eos distinctio velit est sit aut asperiores magni quod quidem quidem natus odio quidem dolorem reiciendis ut perferendis voluptas facere sit eum similique temporibus et ipsam incidunt et harum temporibus porro dolorem ipsam enim ullam magnam ab et at aperiam officia assumenda quia placeat et similique facilis eligendi magnam natus est occaecati non sit quod impedit ut perferendis eaque assumenda quo occaecati sint adipisci qui dolor et sint ipsa reiciendis ipsa quaerat et dolorem libero qui reprehenderit nihil nemo asperiores provident ullam odit rerum accusamus dolor laborum voluptatem necessitatibus dolores molestiae ipsa dolores tempore ut consectetur rerum labore tenetur esse natus dicta rerum ipsam quibusdam sequi eligendi quia totam sint repellat rem tempora non illo nihil dolorem vero qui excepturi dolor consequatur dolorem reprehenderit necessitatibus hic excepturi autem iure cupiditate laborum inventore reprehenderit molestiae debitis et quaerat consequuntur sit impedit minima vel perferendis sit consectetur natus autem voluptas qui facilis et consequuntur magni pariatur saepe tempora illum quae recusandae exercitationem recusandae facere tempora ab eos voluptatem rerum qui neque sunt facere pariatur dolor sed officia natus earum accusamus dignissimos molestiae inventore sit aut commodi dolore et et quasi sed et tempore totam maxime autem ex corrupti minus ea ullam consequatur natus occaecati velit ut quod ullam aut laudantium atque soluta nihil asperiores qui ratione ut ea nihil reiciendis vitae et in ipsa enim cumque et ea qui error nam magni qui aliquam architecto consequatur quos magnam officiis est perferendis impedit deserunt accusantium incidunt enim nihil quisquam explicabo consequatur maxime velit sit ad accusantium error accusamus consequuntur dignissimos accusamus.', 'Nobis facere provident temporibus provident.', 'Officia neque suscipit est vitae enim dolorem deserunt excepturi quisquam nam dolores dolores itaque non quod blanditiis nulla minima laudantium consequatur in voluptate autem nisi ut corporis et non exercitationem placeat cumque pariatur in ratione quisquam labore aut quia rerum iste hic qui dolore quis corrupti necessitatibus cum facilis id mollitia cum alias et excepturi voluptas animi quia voluptatem autem dolores qui est consequatur occaecati commodi similique veritatis et sequi doloribus iste mollitia commodi consequatur eaque quod et ut in adipisci aut et et molestias quia est in ea iusto vero at nihil expedita rem adipisci autem voluptatem doloremque corporis consequatur possimus tempore vero porro ut fugiat hic ut omnis aliquam veniam quia nulla rerum consequatur et maxime tempore occaecati reprehenderit occaecati occaecati culpa est laborum ratione sed ab magni vitae incidunt tenetur et dicta non cumque veniam earum nisi sunt et aut omnis mollitia aspernatur et nulla sequi esse ipsam magni ad itaque excepturi dolorem magni blanditiis quos et eius doloremque sapiente autem ut laborum ipsa asperiores molestias beatae quam blanditiis et doloribus tempore impedit illum corporis porro et culpa adipisci similique et possimus alias et dolores officiis aliquam dolorem doloribus nostrum ut laudantium inventore iste tempore ipsum exercitationem repudiandae commodi error aliquid sint magni soluta assumenda nam dolores quisquam culpa quam et velit nihil ipsum recusandae fugiat quo illo inventore dolorum aut dolorum vitae nesciunt voluptatem tenetur reprehenderit a qui et possimus temporibus vel rerum qui sint a omnis est qui doloribus molestiae commodi facilis numquam sequi magnam iusto adipisci quo eaque quos est omnis architecto qui voluptatum vitae expedita nihil id quo et excepturi harum reiciendis mollitia similique enim esse nobis minima eum quam qui et laboriosam corrupti neque accusamus est qui quam odit repellat veritatis rem ut debitis sit non maiores aut et rem sapiente tenetur totam placeat nihil et itaque recusandae eos laboriosam aut odit culpa hic tenetur quidem ad quas quo dolor non fugiat aspernatur earum a ut iusto quo dolor expedita exercitationem aspernatur dolores ducimus enim mollitia porro fuga sunt aliquam culpa quia harum corporis et aliquam consequatur tempora rerum ullam consequatur consequatur omnis quia ducimus possimus sed corrupti voluptatem quod veritatis culpa est est aut aut cumque qui maxime quaerat a exercitationem ad voluptatem qui consequatur voluptatem deserunt officiis sed id accusantium quo quas rerum velit odit accusantium quia quia dolore expedita aut fugit et quos aut sed corrupti.', 'velit,et,facilis', 'Quisquam dolor explicabo accusamus optio.', 'nam,commodi,maxime', 0, 0, '2022-11-05 13:48:27', '2022-11-05 13:48:27', NULL),
(40, 7, 'Autem qui ea officia.', 'autem-qui-ea-officia', 95603, 555, 7995, 1578, 9588, 4443, 0, 'products/03.jpg', '[\"products/02.webp\", \"products/05.webp\"]', 'Ratione voluptatem autem labore qui sint sed similique libero fuga id optio animi non non et similique consequatur et nihil culpa hic neque repudiandae nemo harum est dolorem vel eum quibusdam odio deleniti ipsa iste qui quas aut nihil est quo quo esse nesciunt voluptatem unde ut dolor quae sapiente nostrum dolor tempora nobis iste quam placeat enim pariatur ut voluptatem incidunt perferendis in doloremque et libero quod rem quo harum saepe nostrum similique illo quis nisi omnis et architecto reiciendis nemo qui ut sit voluptatem dicta nobis veniam aut sit at voluptate ratione aliquid amet voluptatem vero ad et doloremque qui error est vel consequuntur ducimus cumque mollitia rerum qui cupiditate eaque aperiam alias velit esse corrupti aut quaerat sit blanditiis qui qui distinctio non odio in aut dolorem aperiam officia architecto et voluptas quod et omnis qui nam dignissimos minus qui quisquam enim qui aliquam minima blanditiis doloribus fugit consequatur fugiat debitis corrupti qui rerum sed in ea odio optio sit reiciendis debitis assumenda officiis qui et iste esse sed dolores sit ea excepturi voluptatum repudiandae et est consequatur quae sed iste architecto tenetur quia quo sequi optio quaerat aut consequuntur.', 'Rem perspiciatis odit.', 'Qui itaque saepe molestiae quam doloremque ullam pariatur doloremque dicta ullam illo velit corrupti saepe assumenda et placeat officiis quos accusantium vel corporis suscipit necessitatibus et quibusdam consectetur nobis rem quaerat sunt ducimus nisi possimus odio eaque culpa facere officiis dolor dolores quisquam cum et consequuntur provident corporis sit fugiat sit doloribus dolorum in vero dicta quia est inventore aspernatur voluptates repellendus animi necessitatibus ipsam pariatur nemo rerum perferendis consequatur est aliquid eum voluptas quo dolor quae non facere qui molestias inventore dolorem incidunt occaecati eum sunt neque delectus tenetur aut id totam quos iusto aliquid ullam tempore beatae sed sint aut et aut sunt explicabo tempora molestiae nisi id qui eius consectetur voluptatem et doloremque possimus reiciendis aliquam voluptates sed eum minus tempore dolorem corrupti suscipit necessitatibus ipsam impedit hic molestiae id quaerat consequatur ut asperiores iure est sed neque error nihil laboriosam aut distinctio est a sint voluptatum expedita aut soluta aliquid et ut veritatis eligendi soluta est perferendis in est et iure quisquam at accusantium fugit et inventore mollitia in quidem nihil labore necessitatibus ab consectetur qui consequuntur fugiat distinctio sed iure occaecati deleniti tempora labore mollitia deleniti natus natus sit aut est voluptatem veniam ut tenetur omnis quos sit dolores nostrum vel aliquam nemo magni perspiciatis sunt impedit omnis sint dolor molestiae illo sapiente harum laboriosam aut voluptates voluptates amet est sapiente dolore omnis fugiat soluta quis dolores iusto velit repellendus vel rem et libero incidunt odit illo ratione molestias amet ut eveniet sit doloribus voluptatem sed nihil qui et aut soluta sed suscipit eum ea sapiente non labore quis est id nostrum dolorem eos maxime ut deleniti et nemo aut iusto illo omnis doloremque suscipit non et consequatur suscipit corrupti et et beatae qui ut delectus debitis id soluta quia cum qui nobis quia quod consequatur quasi possimus commodi et nisi animi eligendi consectetur cum tenetur laborum dolor corrupti quibusdam aut.', 'numquam,vel,consectetur', 'Asperiores incidunt quos eaque.', 'odio,quis,est', 0, 1, '2022-11-05 13:48:27', '2022-11-05 13:48:27', NULL),
(41, 1, 'Reiciendis qui ut id est.', 'reiciendis-qui-ut-id-est', 87933, 890, 5604, 3765, 3278, 2159, 1, 'products/03.jpg', '[\"products/02.webp\", \"products/05.webp\"]', 'Non nihil beatae voluptas corporis sunt ut unde libero dolorum non possimus provident omnis exercitationem aperiam et quos dignissimos temporibus occaecati qui aut distinctio quod et repudiandae iure sed reprehenderit aut non et dolor ipsum impedit et ipsam dolorum asperiores vel est omnis tenetur eligendi et illo sed ut voluptatem perferendis quis quia voluptatem maiores sint nemo iste ex eum accusantium illum fugit quo necessitatibus sint quisquam magni aut aliquid odio asperiores qui necessitatibus voluptas dolor eum ipsam ex similique vero voluptates quibusdam veritatis aut nihil omnis omnis ipsa veniam libero nam quaerat sed quidem doloribus distinctio qui et provident illo rem eos quia sint et officia nostrum rerum libero et voluptate delectus rerum in praesentium est autem quas rerum sit dolorem ut est unde eos qui qui voluptatum ut voluptas et perferendis harum enim quam sapiente nisi et vitae aperiam sunt doloribus qui eum et est exercitationem error omnis id est qui neque ipsam ad odio minus sed magni quis et consequatur mollitia quia iure assumenda aliquam ipsa voluptatum unde nisi tenetur eaque omnis itaque non neque quam eum consectetur quisquam repellat dolores quod labore ducimus qui accusamus explicabo et et aut laboriosam architecto sit sint debitis minima incidunt rerum delectus vero velit fugit harum veniam similique vel molestias cum blanditiis in reprehenderit sed voluptas enim libero pariatur consectetur id tempora iure qui atque quibusdam repudiandae maxime minima quia odio aut reiciendis est non distinctio reprehenderit quod modi minus modi et aspernatur consequuntur in labore nemo quae qui doloribus vel voluptas voluptate non laboriosam tempore qui quia libero quia quas quia autem voluptatem impedit sunt aut voluptate aut veniam assumenda quibusdam repudiandae reprehenderit voluptas qui minus nostrum saepe est repellendus nam cum laborum ut aut maiores voluptas accusantium incidunt reprehenderit nesciunt delectus non blanditiis sit saepe officia perspiciatis reprehenderit atque dolorem iure repudiandae quibusdam quae est velit iure dolores illum reiciendis perspiciatis praesentium non molestiae provident deserunt perspiciatis aspernatur ex quo provident officia dolorem numquam nesciunt consequatur exercitationem qui qui assumenda vero aut eveniet ratione sunt voluptatem labore autem non pariatur voluptas repellat eius consectetur ea tenetur aliquam perferendis voluptas sed iure perferendis voluptatem dicta laudantium non eum non non at blanditiis ab aut voluptate ut ullam doloremque est id consequuntur perferendis sed quis amet fugiat et non unde aut accusamus cum sed incidunt perferendis ipsum quam quas quae ut.', 'Eum non libero.', 'Deserunt excepturi laborum dolorum pariatur tenetur qui et accusamus sit tenetur quod eum modi qui tempora iusto perferendis libero molestias veniam et laudantium quos harum alias et et dolorem quia eum est odio atque perferendis dicta beatae consequuntur dolores quas ut fugiat et explicabo quo voluptatibus et ut laborum est consequatur cumque vel ad dolorem porro incidunt repellendus fuga perferendis ut aut officia ea cupiditate reprehenderit magnam officiis beatae temporibus omnis quas et in inventore quidem rerum rerum laudantium occaecati dolorem voluptatem assumenda laborum impedit distinctio repellat et ratione et perferendis vel id nostrum reiciendis et ut facere voluptatem nesciunt est sunt totam beatae a omnis sint rem maxime occaecati amet ipsum est maxime sint tempora quibusdam unde magnam voluptatibus ea quos nesciunt perspiciatis totam fugiat esse veritatis est cumque similique perferendis sed maxime ipsa ea molestiae amet ullam optio voluptatum aliquam aut occaecati autem ex dolores animi laboriosam delectus distinctio et asperiores reprehenderit ipsa ut dolorem quod ipsa pariatur officiis omnis ea labore aut qui odit qui eveniet provident dolorum dignissimos vel ullam nihil vel qui consequatur laudantium eum nemo nesciunt in qui quos et odit atque ut velit et et eveniet earum impedit saepe eos repudiandae et non unde sed ipsam quam magni quidem quaerat quo fugit quo repellat vel molestias accusantium nesciunt dolor voluptatem perspiciatis officia aut ut beatae consequatur quo molestiae ea deserunt mollitia corrupti labore corrupti saepe qui et quam est doloremque doloremque error eius fuga facere dicta explicabo consequatur enim autem distinctio aut asperiores aspernatur asperiores asperiores mollitia quas quod error error aperiam vel est est quis dolorem rerum doloribus occaecati dolorem deleniti alias et ipsa occaecati voluptas sed autem et non animi a et voluptas facilis facere et labore hic quia aliquid dicta inventore eaque rerum occaecati ea tenetur magni accusamus dolorem dolore et ex dignissimos commodi voluptatem autem delectus nobis minus architecto accusantium et enim magni iusto soluta porro sit rem iste quisquam omnis reprehenderit cumque suscipit non atque magni qui eaque qui sed nisi corrupti cupiditate tempore esse et dolorem ea incidunt perspiciatis quas ratione dolor deserunt.', 'doloribus,vero,dolorem', 'Aut eligendi maiores accusamus.', 'numquam,aut,ipsam', 0, 1, '2022-11-05 13:48:27', '2022-11-05 13:48:27', NULL),
(42, 8, 'Repellat eum dolor.', 'repellat-eum-dolor', 8906, 998, 7847, 656, 7411, 4166, 0, 'products/03.jpg', '[\"products/02.webp\", \"products/05.webp\"]', 'Et qui perspiciatis magnam et non delectus quia aliquid enim est ut sint eum minima perspiciatis odio qui ipsum consequatur aut voluptatum id dignissimos aut dolorem dolore illum voluptatum asperiores quia et nam repudiandae ipsa rerum quam cumque odio cumque aut sed et sunt non tempore aspernatur molestiae cupiditate consequuntur repellendus labore eius suscipit iste repellendus nemo ut doloribus fuga consectetur et non architecto vel maiores corrupti et nobis aut enim facilis reiciendis quis sapiente ad dolorum dolor laudantium et non dolore accusamus hic dolores quidem non vel dignissimos veniam earum eaque reiciendis laudantium illum eius consequatur repellendus ut adipisci qui cum ut et animi quis facere quod sequi cumque rerum omnis omnis dignissimos pariatur amet eius ratione voluptas aut nemo accusantium ipsa qui dignissimos architecto magni dolore quia ipsum at ipsum sed qui quisquam odit nostrum consequatur sed quis neque rerum fugit dignissimos dolores earum error officiis reprehenderit et autem sed dolorem vitae modi sed doloribus quia modi officia omnis quas ratione aut aut harum similique nesciunt iure architecto et mollitia et ut eligendi amet iure voluptates maxime perferendis enim quam tempore optio eius nobis delectus et cum molestias voluptatem eum corporis sed fugiat reprehenderit dolor voluptatem quis voluptatibus ipsam impedit voluptatem accusantium et aut minima quo tempora ducimus consequatur ut et placeat exercitationem sint quasi cupiditate qui ut ea aut modi ratione deleniti dolore iure dolores ex sint nobis enim nam nulla error nemo iste porro ipsa incidunt quidem et possimus ullam recusandae ea harum quaerat fugit suscipit molestiae officia quia expedita hic aut voluptatibus cumque quas aut omnis quis asperiores quae eligendi magni similique qui officia illum sequi aspernatur quo quaerat suscipit odit fugiat id dolorem ut et cumque quae dolorem asperiores est.', 'Cum velit quasi est.', 'Est est minima sint eum ipsum quis libero eius aut quo possimus officia voluptatem aut qui nihil eos corrupti quia est quo est laudantium neque dolorem facere quae dignissimos velit commodi dolor maxime excepturi consequatur id iusto vero qui non eos atque amet doloremque ipsum quidem explicabo velit maiores magnam qui non nihil cupiditate magnam in dolor nostrum et iusto qui amet quis placeat illo mollitia esse ipsam eveniet tempore est magnam aspernatur saepe voluptas nisi amet qui labore porro minima est velit maxime cupiditate omnis magni quae aliquam et dicta expedita est eos dolor error doloribus autem quibusdam veniam alias voluptatibus quidem omnis sunt tempora quia fugit accusamus deserunt mollitia sint et tempora tenetur dolor labore nulla expedita mollitia soluta ut iste ut eius dolorum et quae maiores laudantium fugiat cupiditate error ad sint autem nihil qui molestiae et autem vitae cum aut est ut excepturi repudiandae molestias laudantium consectetur unde dolorum id consectetur ut sed enim fuga aut nesciunt nihil voluptate quod earum et recusandae maxime voluptatum reprehenderit consectetur nesciunt pariatur nemo qui doloribus dolorem architecto consequuntur dolorem accusantium exercitationem autem delectus et mollitia veniam aut dolores sint.', 'quo,non,voluptas', 'Excepturi voluptates saepe.', 'minus,ullam,velit', 0, 1, '2022-11-05 13:48:27', '2022-11-05 13:48:27', NULL),
(43, 4, 'Dolor ut deleniti architecto.', 'dolor-ut-deleniti-architecto', 13621, 219, 59, 2305, 6717, 281, 0, 'products/03.jpg', '[\"products/02.webp\", \"products/05.webp\"]', 'Debitis minus nam quisquam quia pariatur rerum enim laudantium voluptatem omnis dignissimos culpa et voluptatem dolorum ipsa laborum quis exercitationem repudiandae exercitationem eius magni assumenda quia occaecati eos qui voluptatem saepe est non libero nesciunt qui vero non veritatis commodi illum et exercitationem est commodi doloribus aut omnis illum sapiente qui suscipit ullam iure qui optio dignissimos adipisci eos ipsum alias dolores nobis velit laudantium debitis ad quidem suscipit mollitia non magnam veritatis qui ut et veniam culpa debitis unde distinctio est voluptate vitae quibusdam dicta numquam est alias aut est similique ut iste dolores ullam doloribus aut in rerum est sapiente temporibus ad quod ea eos unde qui at sint et quia tempora atque illo delectus non expedita aut dolores sed corrupti perferendis perspiciatis vel eaque in error quo optio sunt molestiae quas deleniti et ut aspernatur nihil voluptatem amet quam ipsum et qui ea voluptates vitae praesentium necessitatibus eum error dolorem dolorem eveniet facere aut officia natus omnis placeat quia velit voluptatem consequatur voluptatum aut vero sit architecto praesentium ratione qui natus dolorum molestiae fugit iusto labore incidunt et beatae itaque et impedit quis odit dolore est mollitia.', 'Libero voluptate.', 'Et quisquam occaecati reiciendis iste iure sint voluptas consequatur et et aut nostrum facilis eos iusto cumque ullam et quo deserunt suscipit voluptatum omnis reprehenderit rerum assumenda voluptatem aliquid quos at beatae itaque repudiandae ullam dicta dignissimos esse et facilis enim fugit consectetur qui vel accusamus eum id sed consequatur delectus sed inventore est iusto qui officiis deleniti tenetur earum molestiae nisi autem veniam consequatur nostrum consequatur perspiciatis assumenda provident consequatur non eum possimus error mollitia qui hic quidem rerum id qui tempora non ab placeat eaque magni ducimus vel quas eius quam et eius harum velit voluptatem id nihil rerum qui sunt eveniet sint nulla rem ut ea voluptatem error quo et voluptatem perferendis aut animi amet minus et incidunt soluta omnis consequuntur ducimus harum tempore quod fugiat et fuga sunt consequatur labore nam quod minima totam ullam quod a rem repellat mollitia ipsum assumenda voluptas maiores dolorem ut minima odio error sint adipisci aut velit atque impedit qui consequuntur tenetur deserunt iure sed magni enim in dolorem minus minima dolor aliquam ea voluptatem rerum tempora eos aut natus eos non voluptatem molestias consectetur illo deserunt nemo magnam sequi culpa id praesentium minima soluta asperiores sed ab ad quis quia perferendis non deserunt nam eum repellat fugit dolorem itaque dolor sequi pariatur nulla molestiae aspernatur similique sit aut at voluptatum reiciendis sed recusandae id reprehenderit at quasi optio eaque aut excepturi omnis qui fuga enim quasi nam ex et amet ea nostrum dolores sint officia voluptatem omnis saepe eos reiciendis velit saepe inventore ut repudiandae enim porro quibusdam animi quisquam debitis maiores voluptatum qui unde sapiente mollitia totam ab iure velit consequatur magni quia quasi ut dicta corrupti vitae et iste provident nam sit est quis blanditiis qui qui maiores voluptate sequi quisquam et ea est atque veritatis tempora aut alias officia incidunt tenetur architecto laudantium vel numquam dolores molestiae ut non incidunt libero dicta sint aut qui asperiores quasi voluptas fuga quidem praesentium pariatur voluptatibus velit autem corrupti delectus.', 'velit,accusamus,sunt', 'Quia nihil.', 'omnis,assumenda,est', 0, 0, '2022-11-05 13:48:27', '2022-11-05 13:48:27', NULL);
INSERT INTO `products` (`id`, `category_id`, `name0`, `slug`, `price`, `size`, `thc`, `cbd`, `sku`, `discount`, `discount_enable`, `img_main`, `images`, `description`, `title_seo`, `description_seo`, `keywords`, `plant_type`, `effects`, `rating`, `is_published`, `created_at`, `updated_at`, `deleted_at`) VALUES
(44, 5, 'Aliquid voluptates.', 'aliquid-voluptates', 60327, 108, 6842, 7913, 8067, 6851, 0, 'products/03.jpg', '[\"products/02.webp\", \"products/05.webp\"]', 'Laborum ea ad consequatur molestiae dignissimos ut ratione officia voluptas eligendi sed consequatur nostrum vero iste labore aut illo est qui earum deleniti et nihil nulla minima sint omnis placeat placeat aut voluptatem voluptas laboriosam quasi quasi qui soluta dolores doloribus minus et optio voluptatem illum rerum assumenda ex perspiciatis et id perferendis provident quia ipsam iste aut omnis cumque quidem non exercitationem illo doloribus consectetur quia amet voluptate consequatur qui exercitationem qui quia quae tempora qui quasi nobis deserunt praesentium non ipsum sunt aliquam corrupti necessitatibus aspernatur in facere sint corrupti distinctio quibusdam ratione corporis totam sapiente commodi ea rerum ut voluptates incidunt sit dignissimos id est culpa sint qui provident velit possimus blanditiis ut iste eum ratione perspiciatis eos sit ipsa consequatur porro veritatis impedit reiciendis reiciendis non sint accusamus enim optio aut sapiente nulla id sed id quaerat illo similique molestiae voluptatem neque architecto aut id occaecati omnis consequuntur consequatur voluptas earum ipsam in sed aut eos incidunt cupiditate id vel ratione harum cum aspernatur omnis quia quas quas autem inventore laboriosam sint voluptas consequatur excepturi quae omnis debitis dicta exercitationem sunt suscipit est dolorem facilis dolor nulla eius ut.', 'Illo quos sequi quia.', 'At est ad dolorem autem odio ea distinctio pariatur ut quis autem alias nihil quia ratione et ut quasi consequatur explicabo doloribus velit est aut minima at vero non voluptas ex omnis ipsa dolores est tenetur fuga porro occaecati quia voluptatum sunt a eaque architecto minus suscipit reprehenderit voluptas repellat aspernatur fugiat maiores amet modi quaerat quo asperiores maiores ratione quis nisi pariatur amet dolore fugiat qui delectus et incidunt et alias iure tempore voluptatem tempora molestiae tenetur ratione porro ut modi id architecto repellat voluptatum adipisci at nesciunt reiciendis minus dolorem sapiente quis et consequuntur sed est est molestiae harum molestias odio temporibus minus natus eum dolores deserunt necessitatibus quam recusandae alias neque totam error et ducimus quia aut odio atque fugiat officia omnis veniam vel dignissimos modi ut laudantium veritatis esse laborum reprehenderit ab sed fuga quasi optio consequuntur corrupti et itaque quas et impedit excepturi voluptatem incidunt vel ea totam rerum tempore eum est ut est odio tenetur saepe eius sunt dolor inventore ut harum illo soluta odit id aut dolorem iste sit nihil sit aut sint veniam consequatur ratione rerum quaerat sit numquam est est impedit in et ut minus vel et ex voluptatem tempore a veniam quae aperiam consequatur magni eos animi doloremque vel praesentium dolor omnis modi mollitia ab explicabo laborum sequi debitis assumenda cumque hic beatae ut ab neque eum dolorem ratione autem consequatur totam est nam ab possimus dolores iusto.', 'aliquid,qui,aut', 'In natus voluptatum distinctio.', 'aut,accusantium,amet', 0, 1, '2022-11-05 13:48:27', '2022-11-05 13:48:27', NULL),
(45, 4, 'Sed maiores ut est.', 'sed-maiores-ut-est', 38741, 803, 1328, 4772, 9863, 2738, 0, 'products/03.jpg', '[\"products/02.webp\", \"products/05.webp\"]', 'Perspiciatis debitis praesentium esse distinctio iusto nam rerum eligendi doloremque quod dolorem ab tenetur minima accusamus itaque adipisci occaecati quia tempora maiores voluptate doloribus maxime tempore beatae qui nihil culpa harum quisquam aut expedita aspernatur ducimus distinctio architecto omnis libero est aut id ea esse totam facere aliquam nobis molestiae sed ea dolor blanditiis magnam perspiciatis rerum quod voluptatem perspiciatis pariatur aperiam magni architecto et harum expedita veritatis harum ex et esse quo ipsam non facilis nihil dolores sit magni suscipit velit omnis deserunt rerum iusto quaerat voluptatibus aut qui aut dolorum enim et eum provident eaque nihil qui incidunt sed magnam omnis harum nesciunt et quod et architecto consectetur accusantium et laudantium autem velit quo sit vitae aut et asperiores dolore ut et eius recusandae iusto exercitationem quo est harum quidem consectetur minima repellat fugiat libero ipsum quis quos velit id mollitia est laboriosam temporibus praesentium omnis quo optio est aut sapiente delectus saepe omnis corrupti eligendi sunt vitae facilis suscipit vero cupiditate facere tempore inventore reprehenderit placeat molestiae vel illum minus nulla et nemo totam tenetur sint asperiores deserunt nulla magnam nemo et ab voluptatibus nemo quia est vel odit eum ut quasi necessitatibus soluta nobis quis sapiente libero eveniet corrupti repellat nihil laborum eos illum non et facere dolor corporis id placeat repudiandae ut quaerat qui vitae labore enim cum ut eveniet ex natus animi soluta est minus in autem a molestiae quaerat quasi blanditiis perspiciatis tempora sequi.', 'Laboriosam dolor velit asperiores saepe.', 'Nostrum dolores ad eveniet non excepturi quis dolor molestiae illo eius iste reprehenderit ea id ut ullam dolorum et error harum fugiat enim facilis velit temporibus ut necessitatibus aut sed inventore explicabo officia illo cumque accusantium voluptatem et quis magni et rerum quia est quia ut consequatur sunt molestias quam ipsam deleniti nulla cupiditate qui quis officiis et cupiditate voluptatem id consequatur ducimus nihil perferendis ullam cupiditate optio ad quibusdam cum eos dignissimos tenetur consequatur qui quibusdam nemo dolorum tempore ut sint dignissimos et vitae minus impedit distinctio aperiam vel expedita voluptatem cupiditate ea occaecati distinctio commodi deserunt consequatur natus quia ratione in rerum et in maxime ad facilis omnis eaque enim et quae ut nihil vitae dicta pariatur repellendus earum ducimus consectetur cum sequi ducimus modi dignissimos doloribus aspernatur nihil iusto incidunt aliquid dolor autem fuga qui adipisci saepe ipsum et sed repellendus maxime delectus corrupti nihil rerum commodi quo ex repellendus qui saepe adipisci ut laboriosam reprehenderit officiis dolores sed commodi voluptate fugiat eius quia impedit ea qui magnam cupiditate ut doloremque facilis aspernatur saepe consequuntur dolor adipisci quo occaecati quia et.', 'est,sed,quos', 'Rerum facere in.', 'voluptas,quo,sit', 0, 1, '2022-11-05 13:48:27', '2022-11-05 13:48:27', NULL),
(46, 10, 'Id impedit quod fuga nihil.', 'id-impedit-quod-fuga-nihil', 65726, 451, 7956, 224, 3655, 6620, 1, 'products/03.jpg', '[\"products/02.webp\", \"products/05.webp\"]', 'Nemo earum excepturi consequatur molestias at accusamus cumque dolores ipsum quia incidunt magni id et corporis vero aut aut minima et consequuntur voluptas voluptatem nisi rerum minus voluptas mollitia voluptates qui voluptates eos deserunt nisi esse ea sint dolor omnis id assumenda quam molestiae in sit inventore aut facilis eum qui expedita voluptates est odio corporis minus optio eum accusantium nesciunt omnis ea tempore ab sed sed maxime maiores eligendi omnis excepturi consequuntur ut sequi non nihil ut minima aut dolores velit ut culpa et eaque ipsum vel facere sit autem perferendis aut molestiae voluptatibus repellendus ut velit aut quibusdam vitae ipsum nesciunt voluptatem illo blanditiis accusamus eaque praesentium similique repellendus quia autem laudantium nihil ut laborum sunt qui inventore qui voluptatem quibusdam aperiam asperiores occaecati quia reiciendis est at ratione doloribus quia aspernatur eos ut molestiae et labore laborum autem temporibus qui et dolorum ut impedit debitis omnis qui culpa et aut et et alias sed rem ducimus expedita rerum fugit eaque illum aliquam officiis fugiat est explicabo et explicabo iusto rerum blanditiis labore et sunt ex a quas rerum nemo et quibusdam aut quis asperiores ut corrupti et numquam delectus ipsa eaque enim delectus labore molestiae sint aut ratione officia odio fugit sit porro beatae aperiam unde vero nostrum rem sed accusantium nobis voluptatum consequatur voluptatem quia eveniet neque aperiam qui libero corrupti et provident et qui ut nobis et vitae magnam tempore excepturi corrupti molestiae nobis iste accusamus nesciunt voluptas mollitia debitis eum rerum corrupti totam esse odio vel tempora ut cum autem quia sed non autem iusto sint recusandae ut laudantium voluptas nesciunt sit blanditiis reiciendis aliquid voluptas et incidunt sit sunt mollitia eos illo vero eum quisquam culpa molestiae aliquam facere in soluta quia ad numquam velit repellat nam et corporis nam voluptates ratione asperiores minus at dolores voluptatibus consequatur ut et et aut ut sint expedita qui reprehenderit rerum sint neque nesciunt et esse possimus in eligendi praesentium vel architecto earum quod tenetur esse quo voluptatem non exercitationem delectus illo enim fugiat ea consectetur voluptas eum illo ipsum voluptas ut et dicta sunt recusandae quia officiis dolorum iure reprehenderit consequuntur voluptas accusamus suscipit ab et voluptates est incidunt.', 'Et sed culpa.', 'Est rerum ipsa ex iure asperiores illum laboriosam quo odio dolores vitae deserunt ea autem officia neque et quos totam doloremque quis rem blanditiis ut nostrum quidem rem natus voluptas itaque quam natus et sapiente voluptas deserunt ut alias ut ullam amet rerum vel voluptatem totam vitae est modi nemo sit ad rerum et numquam dicta est laboriosam eveniet vero nobis et et quas sed ut molestiae ea tenetur sunt quidem accusamus aut est ipsam ipsum omnis alias at quis deleniti quae maxime necessitatibus at sed deserunt voluptatem ut ducimus ab sapiente aut sed explicabo ratione eos vitae velit neque qui quis iste ut amet perspiciatis rerum aut ipsa voluptatibus tempora sed in rerum error sint totam asperiores itaque perspiciatis minima sit id aliquid magni voluptatem quia est sunt pariatur nam illo debitis praesentium necessitatibus eum voluptatum rerum reiciendis veritatis aspernatur modi totam ea et illum labore voluptas recusandae labore quis non adipisci laudantium necessitatibus sed quia impedit dolore mollitia rerum minus laudantium nesciunt quos veniam culpa ratione modi et nam similique est ratione ut voluptas vitae nulla reiciendis enim consequatur qui necessitatibus id quia et voluptatem et est cum sapiente sapiente perferendis qui illum et repellat ratione cumque velit harum quidem sit rerum illo et et qui et iusto velit libero amet deserunt asperiores aut consequatur nostrum aliquid non est quia velit beatae amet sit nobis facere aut voluptatibus et voluptate enim et voluptates quisquam tempora quia id ut facere cumque eos libero quas laudantium temporibus omnis dolore quaerat hic doloremque voluptates animi reiciendis et laudantium qui sed a porro dolorem ex ad qui ullam iusto et doloribus facilis molestiae sapiente numquam nulla ratione optio quo fuga sequi sed nihil ipsum maxime quasi aliquid doloribus pariatur placeat aut rerum dolorem accusantium molestias eum soluta sint commodi maiores quo sit qui eos ex provident quasi cumque quo fugit ut odit eum necessitatibus repudiandae dolorem aut rerum vero fuga consectetur quis iste occaecati voluptate sint iusto soluta ratione est tenetur explicabo aut blanditiis quisquam doloribus dolores corrupti nesciunt dolorem dolor optio reiciendis neque et esse voluptatem sit ut quia non est aperiam facere nostrum voluptas dolores consequatur magni et illo qui magni laudantium impedit consequuntur optio porro asperiores quis iure velit unde aliquam commodi recusandae exercitationem nihil velit nemo itaque in accusamus fugiat eveniet dolor occaecati consequuntur sint autem sed totam dolor est quaerat quia a vero unde expedita ut vel quasi quis et saepe sunt velit et ex in quod illo excepturi laboriosam id temporibus.', 'quaerat,ea,accusamus', 'Voluptate voluptate amet.', 'vel,eveniet,exercitationem', 0, 1, '2022-11-05 13:48:27', '2022-11-05 13:48:27', NULL),
(47, 7, 'Et voluptatem voluptatem sunt.', 'et-voluptatem-voluptatem-sunt', 42210, 644, 4328, 6437, 5216, 6283, 1, 'products/03.jpg', '[\"products/02.webp\", \"products/05.webp\"]', 'Veritatis exercitationem veniam consectetur accusantium enim qui qui ab molestiae aliquid praesentium soluta aut molestiae qui repellat adipisci eos voluptates sed voluptas dignissimos nostrum hic eos ullam assumenda beatae ipsum sed vel facilis suscipit sapiente dolorum debitis voluptatibus et dolorum molestias id tempora nihil corrupti iure beatae porro repudiandae molestias aspernatur vel cupiditate incidunt sequi harum deleniti sed recusandae repellendus dolorum quasi nihil debitis reiciendis et culpa veritatis fuga expedita quibusdam vitae excepturi aut quos voluptas ut omnis alias aut rem ipsa quis quos dicta rem voluptas dolorem aperiam dolorem vitae in architecto ut minima omnis non ratione rerum impedit voluptatibus provident dolor deleniti nam quos nihil eum qui ut ipsum voluptatem aut vel ab libero quia facere molestias dolores voluptate architecto aperiam ad et nihil tempore nulla delectus omnis dolores consequatur odio modi qui ea cum distinctio dolor quaerat aut amet velit tempora possimus dolor voluptatibus dolores voluptas fugit qui provident exercitationem voluptatem dolorum et sunt blanditiis sit impedit quasi facere voluptatum doloremque fugit quisquam quidem a quam ullam deleniti sed cumque cum autem ipsum magni ipsum porro ea veritatis repudiandae et quis vel accusantium pariatur ut labore quos aut ad error aliquid nostrum totam debitis voluptatibus quidem vero molestiae neque aperiam doloribus aperiam quia velit voluptatem facilis vel ipsum repudiandae dolores laborum aliquam culpa omnis non maxime dicta rem ut ullam perspiciatis aspernatur aut ea fuga est quia autem cum quis ut qui ut adipisci eos quidem assumenda dolorem distinctio at provident quibusdam magnam est aut est ex veniam iste eaque nemo eos est dolores consequatur excepturi autem vel provident voluptas excepturi ducimus perspiciatis sequi repudiandae.', 'Qui ut nam.', 'Ipsam mollitia dolore eos dolore dolores dolore id voluptatem aliquam unde soluta atque quia molestiae ipsam saepe perspiciatis perferendis inventore eaque excepturi et dolores fugit possimus et est repudiandae rerum enim blanditiis nulla reiciendis animi sunt laborum recusandae ratione repellendus et ducimus molestiae modi earum et inventore est distinctio totam nihil nihil sit consectetur repudiandae et odio repudiandae omnis qui nisi reprehenderit architecto ipsa aperiam consequatur repudiandae animi fugiat voluptates facere ratione voluptas consequatur autem corporis vitae labore consequatur iusto magni explicabo mollitia id sed qui veniam repellendus maxime laudantium ullam sed et et provident quidem autem maxime ab dolorem necessitatibus inventore sed voluptatibus ut velit corporis quo est in in ut ea repellendus aut modi qui qui porro repudiandae nulla rerum omnis enim doloremque facilis sapiente repellendus ab consequatur itaque et similique et eaque esse est sunt quibusdam et quia rerum et eum suscipit sunt et sed ratione provident omnis porro incidunt sed ad qui natus dolor quia pariatur veritatis tenetur qui voluptatem repudiandae aut aperiam optio placeat consectetur qui consequatur sequi nihil excepturi enim dolorem tempore nisi totam aperiam natus dolores eveniet sunt in dolorem aspernatur voluptatibus excepturi delectus laborum necessitatibus.', 'odit,qui,commodi', 'Voluptatem commodi dolores voluptas.', 'laborum,nesciunt,autem', 0, 1, '2022-11-05 13:48:27', '2022-11-05 13:48:27', NULL),
(48, 3, 'Delectus ipsam quaerat assumenda sit.', 'delectus-ipsam-quaerat-assumenda-sit', 67919, 815, 7310, 7768, 8989, 4506, 0, 'products/03.jpg', '[\"products/02.webp\", \"products/05.webp\"]', 'Voluptate id fugit fugit ut suscipit impedit quaerat mollitia beatae dolorem vero reiciendis molestiae dolores occaecati et quibusdam sed reiciendis quisquam qui perspiciatis autem soluta omnis deleniti id quis quo ratione sed iste repudiandae delectus quas quo aspernatur delectus exercitationem ea doloribus soluta molestias excepturi quas nostrum praesentium perferendis repudiandae odio nesciunt molestiae possimus rerum maiores ex deserunt optio velit vitae nulla eum quisquam ut est consequatur hic molestiae quis accusamus possimus necessitatibus et repellat beatae veritatis rerum aut qui quo molestias rerum qui non incidunt recusandae non aspernatur excepturi adipisci quam quis et autem illum minima illo expedita perspiciatis fugiat optio quas consequatur blanditiis ea accusantium dolores consectetur quam nobis eaque quis aliquam magnam ea voluptatem alias quod cupiditate ut autem porro voluptatem quis distinctio consectetur assumenda ea aspernatur quisquam sapiente quod iste neque ea rerum minima corporis natus aut aut sint harum modi accusantium sed a voluptatem est vero iste aliquid ratione alias accusamus magni in blanditiis sed omnis aut officia omnis ut perferendis modi sint alias et possimus voluptatem magni voluptate molestias qui optio aliquam explicabo consequatur mollitia vero magni iusto sit vero et suscipit labore magni animi quia provident aliquid sunt repudiandae voluptatibus velit commodi ipsam id aliquid ab et hic aliquam quod et saepe non placeat ab quaerat blanditiis.', 'Maxime quibusdam porro at.', 'Voluptas voluptatem ea in rerum a fugit consectetur quos eos et sed nihil voluptatem iste veritatis sed aliquid aut aliquid laborum nihil nemo doloribus quo natus molestiae in et quisquam dolorem dolorem laudantium velit nesciunt temporibus a nisi odit qui modi placeat ipsum deleniti odio voluptas repellat reprehenderit ut aliquam et laboriosam necessitatibus eos et id molestias occaecati tenetur iste ea dolores tenetur quia qui magni aut itaque voluptatem qui sit consequatur perferendis itaque libero inventore recusandae enim perspiciatis nemo atque architecto doloremque quos suscipit quam incidunt veniam non repudiandae voluptate autem qui consequatur eos vel commodi officiis quasi autem est quia magni voluptatem incidunt aspernatur commodi quo id ipsam ut iusto dolores aut ex eligendi aut aliquam aut ducimus magni qui consectetur quam et quia nisi sit asperiores aut dicta repellat ullam aut eos debitis dolores labore non vel sit et voluptas provident voluptatem tempora sint sint velit quia itaque autem aliquid autem nesciunt omnis soluta dicta odio quaerat ipsum vel ut unde in quas aut dolores provident sed quia voluptatem placeat provident sed exercitationem dolor suscipit amet dignissimos in repellat tenetur numquam eos deserunt ea non ad ut aut quae error soluta qui consequatur quia aut expedita asperiores corrupti neque animi eaque voluptatum quia dolorem officiis fuga voluptas ut est sapiente asperiores non perspiciatis impedit impedit necessitatibus ut sint voluptatem eum et quas minima eaque exercitationem quasi aut deleniti est eum et eum et maiores repellendus perspiciatis nulla rerum optio qui non ducimus rerum hic qui totam laborum quas voluptates qui fugiat eum delectus totam cum quis ipsam dolorem ducimus natus deserunt facere labore dicta esse occaecati blanditiis maiores magnam nihil et corrupti non enim error quo iusto autem tempora suscipit recusandae voluptatibus molestias enim eligendi occaecati qui accusamus debitis quidem dolor adipisci a et eveniet amet aut inventore unde dolorum in possimus enim ad est beatae sunt expedita amet et et quis saepe nihil inventore sed facere reprehenderit qui voluptate odio ipsam dolorem recusandae nostrum autem dolore eum molestias voluptas quis et doloribus facere provident quae consequatur a quis velit non quis et eligendi vero tempore eum aut repellat sequi nobis dicta nostrum asperiores sed non exercitationem qui consectetur voluptatem aut itaque dolores voluptatem qui quidem laudantium possimus quam corrupti minima earum nobis.', 'repellendus,dolorem,reiciendis', 'Aspernatur reiciendis deleniti.', 'molestiae,veritatis,qui', 0, 0, '2022-11-05 13:48:27', '2022-11-05 13:48:27', NULL),
(49, 8, 'Molestiae vitae incidunt neque.', 'molestiae-vitae-incidunt-neque', 9214, 680, 7687, 1583, 7624, 667, 1, 'products/03.jpg', '[\"products/02.webp\", \"products/05.webp\"]', 'In enim deleniti beatae quam omnis molestiae eligendi eaque est ad animi natus quae doloribus sunt vero nulla doloribus omnis in tempora facilis sit ut qui sequi qui laboriosam asperiores neque qui rem maxime molestiae eligendi vitae illum quod dolores praesentium maxime delectus quis tempore velit omnis odit aut molestias laudantium non iste neque et qui dolores et cum repellat quos similique temporibus magni iure sint delectus fuga quo facilis quasi maxime ex illum eum magnam ullam ea mollitia sit distinctio nihil nam ut molestiae vero dolores eveniet voluptatum ipsum ipsam nostrum ut commodi sint repudiandae pariatur rerum qui sequi fuga enim laboriosam et saepe pariatur beatae soluta omnis aperiam corporis aut fuga incidunt ea quae nihil dolorum quia voluptatem harum incidunt est odit voluptatem fugit in culpa incidunt quidem praesentium illo odio eos odit sit impedit harum fugit quis impedit sed quasi corrupti possimus porro eveniet minus velit quisquam repellendus dignissimos magnam sit aperiam qui consequatur non dicta quis tempora maiores distinctio eligendi sit ea est unde qui non eos asperiores aut vel corporis nesciunt suscipit est est nihil eos voluptas voluptatum reiciendis et voluptas aut ad nam officia est sint quia rem aliquid minus quasi quas voluptas facilis ut doloremque minus error asperiores ex numquam quis ullam eum ut voluptatem blanditiis cum distinctio quia odit voluptatibus doloribus nobis deleniti minima quisquam molestiae magni reiciendis iste expedita ut amet est voluptatem sit nostrum facere dolore atque sed sunt recusandae omnis a doloremque modi pariatur minima veniam ratione ipsam aspernatur officiis neque laborum ducimus quibusdam minima natus enim tempora ab vel fuga velit nemo sunt ex laboriosam ad dolore qui saepe deserunt dignissimos et sed dolorum ratione magnam possimus eligendi odio asperiores aut libero perspiciatis ut vel corrupti eos ut dolorem sunt qui tempore est minus iusto asperiores ut ex amet rerum adipisci enim ut culpa at nulla quo odit dignissimos et autem consequatur est dolor nemo quo quod qui officia rerum ipsam illum nulla est reprehenderit qui et quae iste explicabo voluptatum consectetur voluptates et rerum vel repellat aut consequatur enim est voluptas consequatur aut voluptatem aliquam iste dolor illo non in repudiandae iure quo error occaecati et quis nulla placeat enim nihil eos laboriosam sed ratione dignissimos vel ut itaque optio alias nostrum consequatur eius omnis omnis adipisci molestias deleniti voluptatum labore voluptate et eaque hic et veniam dolores perferendis sapiente omnis qui ullam et et quod alias magni molestias nihil.', 'Et eius iusto consectetur.', 'Sequi molestiae fugiat blanditiis consectetur recusandae esse aut ipsum dolor ut illo sit libero sint sit expedita earum hic aut omnis illum saepe explicabo accusantium distinctio sed corporis qui sunt ipsa aut veritatis perspiciatis dolorem architecto quidem accusamus aut voluptas est non quia beatae cum asperiores amet ut corrupti velit itaque voluptatem et beatae consectetur voluptas qui ut reiciendis dolore necessitatibus adipisci dolores deserunt quo numquam quam quos dicta eveniet et eos eaque cumque a id accusantium inventore eaque voluptas ex repellendus maiores error voluptatem dicta voluptatum aut quaerat voluptatibus consectetur non accusantium quae odio voluptatem est reprehenderit aut doloribus architecto provident necessitatibus excepturi natus aliquam porro corporis quia natus similique et nostrum sequi voluptatum error mollitia qui provident nihil ut in aut doloremque praesentium vitae modi et ut incidunt qui eius reprehenderit doloremque tempora et iure voluptatibus ab natus reprehenderit est a ut ea adipisci vel laborum ratione possimus sapiente consequatur est dolores recusandae consectetur et illo pariatur magnam odio qui quia ea ut sit sit cupiditate fugit veritatis eligendi mollitia sed totam omnis possimus perferendis quod impedit iure qui amet et officia ut harum dolor aut velit vel eum neque repellat ut est sequi.', 'unde,sit,et', 'Est facilis at.', 'omnis,voluptas,rem', 0, 0, '2022-11-05 13:48:27', '2022-11-05 13:48:27', NULL),
(50, 3, 'Quia aperiam sed voluptatum est.', 'quia-aperiam-sed-voluptatum-est', 90858, 851, 7508, 6475, 6975, 126, 0, 'products/03.jpg', '[\"products/02.webp\", \"products/05.webp\"]', 'Qui blanditiis est numquam delectus tenetur et eos qui ipsa eos rerum modi amet accusamus dolor eum vero libero est eum earum eum aut inventore et et sed perferendis magnam tempore sunt quidem omnis sed id nihil voluptatibus et non labore eum minima exercitationem et quibusdam nostrum quia eum ex natus ut dolor repudiandae numquam voluptas ipsam aut qui vel quos incidunt doloremque nihil et expedita et minus adipisci dignissimos cum doloremque est voluptas aperiam dolores quo impedit et eos consequatur velit aut aut labore quia qui qui deleniti voluptatem porro dignissimos qui et sit officiis totam porro placeat aut veniam et dolores libero et voluptatem velit enim ut possimus voluptatem aspernatur harum ut nostrum rerum sapiente eveniet aut ut enim libero placeat doloremque cum velit possimus ut rerum quod nobis quia quia nisi exercitationem nam impedit atque itaque repellat error in voluptatem nisi et nihil excepturi velit laudantium quas in ipsa minima nulla quam et totam eligendi voluptatem modi repellendus omnis dignissimos doloremque fugit exercitationem ut enim quo quasi facere velit quibusdam eum doloribus dicta est est beatae facilis eum et architecto qui corporis quidem tempore sit id odit et sunt numquam accusantium officiis laudantium asperiores corporis quibusdam est et commodi omnis ipsum praesentium molestias sint omnis accusamus temporibus et alias sed accusamus dolores eum quia voluptas voluptas eos aut fugit dolor optio voluptates animi ut ducimus et nam facere beatae eos alias quod repudiandae ducimus vero architecto incidunt aut omnis ut minima enim unde minus qui totam ipsum quisquam nisi explicabo et laudantium aliquid veniam praesentium est repellat ut culpa velit fugiat cupiditate quae quae expedita accusantium quis suscipit incidunt perspiciatis magni ea cupiditate eum tempore laudantium reprehenderit quidem voluptatum cupiditate enim velit consequatur.', 'Ea odit optio.', 'Voluptatem cupiditate sapiente nesciunt quidem dolorem cum distinctio quidem atque earum consequatur suscipit repellendus accusantium necessitatibus porro quae veniam amet est qui modi voluptates temporibus tenetur aut sequi et porro ipsa sunt aliquid est tempora tenetur et et voluptas accusamus voluptas quasi quia omnis quia velit et quis inventore et necessitatibus aperiam incidunt voluptate debitis eum dolorem asperiores aperiam corrupti dolores voluptate voluptas ipsa mollitia aliquam delectus deleniti dignissimos iusto beatae porro ratione nam nesciunt est amet quia vel fuga et quo facilis rerum est cupiditate expedita dignissimos est est culpa nostrum non earum qui in voluptas architecto voluptatum et aut vel deleniti commodi cupiditate autem laborum voluptatem voluptatibus est ab error perspiciatis illo nihil blanditiis sed nam rem dolorem accusamus deleniti repudiandae sit sunt quo error sit dolores nihil et aliquam unde sapiente omnis fugiat aut fuga doloribus similique et ut adipisci autem eius aut iusto itaque nulla beatae labore tenetur ipsa ut blanditiis possimus est odio sed ratione ut perspiciatis et similique dolores eum necessitatibus modi aut id ea error incidunt aut eos beatae eum incidunt dolores veritatis dicta provident eveniet porro unde facilis at vitae laboriosam qui hic ipsum repellendus assumenda quae nostrum ea dolores sapiente molestias quod deleniti unde est omnis facere tempore consectetur aperiam qui perspiciatis delectus molestias veritatis et aut enim sed qui reiciendis occaecati illum nihil sit totam dicta minus autem et reiciendis quisquam fugiat ad nulla ratione ut qui est eum harum aut repellendus esse quas fugit molestiae non veritatis dolor aut molestiae quo vel sint dolores aut ut placeat aliquam nisi enim illum saepe beatae voluptatem id beatae in possimus similique culpa accusantium impedit nam ducimus veritatis ipsum expedita similique porro occaecati quod eveniet facilis dolorem et adipisci dolore labore quia qui molestias consequatur cumque quam aut voluptatem ipsum distinctio nobis dolorem beatae dolorem qui laudantium laborum aliquam mollitia molestiae recusandae sed dolorum rerum quia dolores quo nemo quia ut accusamus tempora hic non aspernatur soluta occaecati quas reiciendis fugit ea doloribus recusandae eum nemo rerum exercitationem velit autem quia saepe delectus in libero ab ab ut voluptas quidem molestiae dolorem voluptates et nihil ipsa incidunt et minus et quasi ea harum qui reiciendis voluptates est ut nihil possimus possimus voluptas consequatur magni consectetur ab corporis molestiae qui eligendi quas fuga et minima quaerat laborum et numquam eos vel iure deleniti sed in laborum molestiae quidem voluptas iure sapiente quia id totam quis in doloremque sint non assumenda et temporibus dolorem doloremque est.', 'ipsa,ducimus,quia', 'Sed molestiae ut.', 'eius,fuga,distinctio', 0, 0, '2022-11-05 13:48:27', '2022-11-05 13:48:27', NULL),
(51, 1, 'Laborum reprehenderit molestiae dolorem.', 'laborum-reprehenderit-molestiae-dolorem', 92218, 712, 8944, 6620, 9062, 9610, 1, 'products/03.jpg', '[\"products/02.webp\", \"products/05.webp\"]', 'Id esse est qui omnis dolorum repellendus quasi placeat fugiat aut tempore nulla quidem omnis dolores maxime et fuga sed vel optio aliquid odio molestiae veniam sed saepe perspiciatis occaecati temporibus quis voluptas excepturi facilis aliquam nostrum sapiente dolore asperiores consequuntur a nihil quasi qui consectetur debitis consequatur voluptatum laboriosam suscipit aut incidunt pariatur eum aut officiis esse sunt hic aut vel ad autem quia animi rem totam voluptas non veritatis quae unde facere consequuntur soluta qui non autem aut amet error vel qui voluptatem voluptatem et nam non iste commodi delectus totam eos est minus quidem est sapiente et pariatur quia officiis dolore et et architecto facere perferendis voluptas cum sint voluptatem amet vel nulla velit earum eum ipsum libero impedit ut voluptates soluta omnis asperiores quos quas itaque voluptas soluta a quaerat similique et quis impedit impedit dolore velit architecto magnam facere provident reiciendis repellat ipsum facere minima vero voluptate unde quam sint quibusdam praesentium ducimus accusantium qui omnis ut rerum nostrum officiis consequatur accusamus esse amet enim sint placeat eaque ea nemo dolores excepturi nostrum animi omnis sit est asperiores quod porro nostrum natus molestias tempora blanditiis nemo suscipit corporis tempore dolorem ipsam ex aspernatur ut sit consequuntur ad voluptatem voluptatem est a accusantium amet nam repudiandae quia dolorem facilis id sed dolores cum corporis provident sit in rerum tempora saepe sit dolorem itaque rerum dolor consequatur maxime non ex assumenda aut at minima minus magnam ex tenetur ratione deleniti illum et enim non fuga dolor hic magni eos dolores excepturi voluptatem magnam doloribus quas est velit asperiores aliquam fugiat excepturi voluptatem nulla maiores sed occaecati est quibusdam optio dolor voluptatem ipsum et odit beatae ea rerum aut aspernatur asperiores ad tempore consequatur consequatur sed est qui blanditiis quam optio et qui illo suscipit architecto vero non quia deleniti facilis voluptas ullam nihil eveniet et ea corrupti magnam animi sunt iusto voluptatem ea nisi eum odit quo voluptate voluptas amet maiores voluptatem impedit optio hic aut exercitationem consequatur in et sed nam delectus sapiente accusantium quasi sit ut corporis voluptatem voluptas facere tempore sed qui consequatur dolorem necessitatibus ipsum voluptatem consequuntur quidem cum possimus dolor dolore eum voluptas inventore non quis culpa natus facilis est veritatis ea voluptas eos sapiente laborum optio minima accusamus similique atque non laboriosam amet sed molestias et minima aut impedit voluptas possimus cum quidem maxime ut suscipit mollitia culpa maiores quod nam accusamus animi et aliquid cupiditate rerum corrupti sed dolorem.', 'Dolorem consequatur quaerat.', 'Ex sapiente molestias non a fugit ab tempore quae culpa voluptatem voluptates neque et voluptate sed dicta quibusdam est veritatis est et similique soluta dolores doloribus delectus autem temporibus ratione id eum quos repudiandae asperiores voluptate numquam reiciendis explicabo rem quisquam et reiciendis iusto ullam et debitis rem rerum eos odit minima consequuntur sed autem sapiente sunt ratione aspernatur voluptatum ea quidem aut qui eius voluptates voluptatum quia nam voluptatem id quis ullam earum aut aliquam dicta ipsum qui et qui iste est iure quos quidem unde sit nam vel unde pariatur nostrum consequatur asperiores consequuntur perferendis sed sequi nisi hic maxime omnis expedita libero illum voluptatem enim numquam tenetur minima repellendus velit in dignissimos et excepturi quibusdam impedit ut sed soluta non et qui inventore natus recusandae voluptas qui aut ipsum ut et quis sed doloribus magnam nihil quia architecto aut labore accusamus nihil architecto aut provident aut impedit nihil sed voluptatibus ad harum molestiae error repudiandae et voluptatem dolores voluptas quam sit veniam et quo atque nihil assumenda sequi voluptatem magni aperiam ipsam dolores minima saepe eos quae accusamus ad nam vitae molestias harum dignissimos nobis repellendus architecto quia repudiandae quisquam voluptatem dolore id et nulla ipsam ut corrupti qui omnis rerum non officiis aliquid sapiente pariatur consequuntur provident nesciunt dignissimos quia repellendus omnis sed error nisi nesciunt sint aut accusantium neque sit voluptatum expedita voluptas sed perspiciatis aspernatur id voluptatem odio et enim dolor pariatur fugiat temporibus est omnis natus ea voluptatem qui voluptates saepe et corporis ipsa sequi ut incidunt quod eaque ut veritatis qui ratione quidem laboriosam rerum placeat eligendi incidunt voluptatem consequatur deleniti est voluptatibus voluptas repellat et minus laudantium et ipsam fuga veritatis qui fugit voluptatem reprehenderit libero vitae vel illo incidunt eveniet et id laborum nulla delectus temporibus aut temporibus vitae sint omnis omnis sequi repudiandae fugit dolor consequuntur cum repellendus voluptatem non tempora autem accusantium ducimus distinctio eius aut eius id repellendus exercitationem commodi reiciendis quis explicabo qui tenetur ut sed ratione.', 'molestias,quibusdam,consequuntur', 'Nisi enim pariatur assumenda.', 'eveniet,molestiae,blanditiis', 0, 1, '2022-11-05 13:48:27', '2022-11-05 13:48:27', NULL),
(52, 6, 'Aut quos voluptas nihil.', 'aut-quos-voluptas-nihil', 30873, 286, 4471, 1978, 965, 4997, 1, 'products/03.jpg', '[\"products/02.webp\", \"products/05.webp\"]', 'Fuga sed quis eveniet et corrupti harum quae ut cupiditate atque fugiat dignissimos voluptatem odio dolores et enim illo adipisci nulla repudiandae consequatur repudiandae rerum porro doloribus est et necessitatibus distinctio iusto at suscipit neque iusto nihil totam ex voluptates quibusdam nisi labore voluptatum quo nobis ut sed sed sit laudantium dicta porro velit dolore sunt nobis ipsa provident et facilis quasi minus ut delectus aperiam exercitationem modi enim nihil vitae quibusdam et temporibus et magni earum est aliquid animi sit repudiandae neque unde voluptatibus iste provident praesentium sint in sapiente sed vitae in nihil quibusdam corporis fugiat perferendis sed sunt ipsum provident odit delectus dolorem et quibusdam voluptatem et eligendi ut totam sed in et itaque minus vel dolores exercitationem dolorem labore quaerat nihil repellendus quia atque deserunt illo eum iure iure consequatur corrupti atque quis perspiciatis omnis repellendus aliquam in aut quidem laboriosam perferendis pariatur suscipit veritatis velit debitis aut pariatur dolore rerum excepturi ea optio nostrum cum mollitia et ratione eligendi dolore voluptatem magni hic reiciendis commodi est quia possimus rerum et cupiditate corrupti omnis temporibus doloremque soluta porro qui inventore vel est occaecati blanditiis error tempora voluptas est et dolor in blanditiis molestiae sunt et cupiditate in ut vel nemo qui harum dolor omnis unde soluta voluptas ut aut aperiam libero praesentium et tempora facere architecto magnam et magnam sequi nihil sed eum perspiciatis molestiae qui accusantium non eos dolorem recusandae laudantium excepturi molestiae ea fugiat illum non dolores aut provident accusamus et repellendus enim consequatur quis accusamus et est nostrum voluptatem dolorem dicta nostrum cum atque sint voluptatibus quidem aperiam a aliquid commodi voluptate et nisi temporibus eum sequi dignissimos et ad qui quae nesciunt voluptas et ad error ipsa molestias dolores ipsum natus praesentium error velit alias tempore sapiente quisquam eum odit culpa aut asperiores modi autem corporis nulla ratione officiis est totam totam.', 'Velit illo at et.', 'Rerum eligendi vero aut ut vel dolor et consequatur ut ratione assumenda aut similique non aut porro debitis sit nam corrupti magni maxime dolor tempore sed aut expedita consequatur nihil animi nesciunt quos necessitatibus est asperiores voluptas blanditiis illum ut corporis ex fugiat enim itaque laudantium ut omnis sint aut est commodi ipsa perferendis voluptatem eum sit ea voluptatem vel accusamus et nemo facere quo iusto nobis et reiciendis commodi architecto exercitationem assumenda sint ut temporibus inventore alias tenetur et saepe est alias aperiam velit blanditiis consequuntur placeat dolorem quo cupiditate quia nemo voluptatem laudantium maiores ex dolorem laborum qui sit et vitae voluptas autem quia asperiores quia doloribus culpa ex vitae laboriosam dignissimos et dolorem iste eum expedita enim et enim laudantium rerum unde aliquam optio accusantium fugit omnis sit nemo assumenda numquam sit autem amet inventore doloribus veritatis voluptatum voluptatum esse aspernatur quia sint rerum ut incidunt voluptatem in placeat eos iusto quis qui dolor doloribus et delectus vitae omnis saepe at qui perferendis excepturi enim qui praesentium ipsam et assumenda est numquam voluptatibus qui cumque ut et nostrum quisquam exercitationem soluta et nesciunt facilis odio in velit voluptatem sapiente nostrum tenetur officiis sed quia sed eos maxime fuga quia nam perspiciatis iure cupiditate facilis omnis excepturi qui quas id autem ad voluptatem dolor quis vel dolores excepturi mollitia eveniet accusantium laborum aut nam accusamus ut exercitationem laborum autem amet voluptatum tempora aut non cum eum nihil ratione cupiditate quibusdam eum voluptatem eveniet libero veritatis dolor ea inventore ut velit accusamus excepturi iusto voluptatem occaecati maxime dolor minima fugiat molestias qui fugiat aut non quos voluptates minima dolor quia qui commodi et labore debitis voluptatum nihil ratione quae veritatis sit id at nesciunt blanditiis et tempora qui.', 'natus,ut,aliquam', 'Quia rerum aut sapiente.', 'est,perferendis,qui', 0, 0, '2022-11-05 13:48:27', '2022-11-05 13:48:27', NULL),
(53, 4, 'Voluptatum fuga rerum.', 'voluptatum-fuga-rerum', 7069, 122, 6827, 1024, 7143, 491, 1, 'products/03.jpg', '[\"products/02.webp\", \"products/05.webp\"]', 'Ab accusamus est incidunt eius esse beatae est perferendis neque consequatur velit iure facere sapiente hic ut et enim assumenda est totam eveniet consequuntur laborum nulla excepturi occaecati debitis fugiat quod quo ab dolore accusamus porro vel est reprehenderit enim dolores quia minus facilis necessitatibus ut explicabo neque aut ea sunt quo ipsum et rerum molestiae fuga voluptatem ut suscipit officiis quasi magni id ullam voluptatem quo rerum animi voluptas veniam dicta rerum maxime fugiat voluptatem nesciunt vel ut cum tempora temporibus dolore ea nesciunt et reprehenderit mollitia dolor sunt veritatis est corporis est omnis magni ab earum eos eaque consequatur error nam voluptas voluptatem et laudantium non delectus nesciunt aut repellat ut maxime quaerat eum architecto cumque aut ipsum iure quia maxime ducimus id iste fuga asperiores est est saepe enim tempora aliquid amet eius cum voluptatibus ut ex libero qui quia facilis sapiente nisi expedita rerum quaerat in autem hic impedit nobis sequi voluptatem laudantium voluptatem corrupti doloremque consectetur sunt suscipit dignissimos non nulla laudantium vero in inventore blanditiis consequuntur sit rem eos iusto debitis ea et sequi cum sint autem sit voluptas dolore et voluptatem expedita autem ducimus autem fugiat esse vero voluptatem sint in deserunt fugit non vel et quaerat fugit sint impedit nihil maiores ut nihil eum omnis accusantium rem nihil et laudantium autem exercitationem rerum id magni assumenda earum quaerat qui quia temporibus ducimus fuga voluptates possimus veniam praesentium aut accusantium deleniti consectetur quia aut dicta et ad in a adipisci voluptas quis eum qui reprehenderit omnis quia sunt rerum tempore quibusdam et magni voluptatibus voluptas quae numquam itaque quia porro amet ratione aspernatur cupiditate cupiditate accusamus ducimus dolores explicabo facilis ab sint dolores id alias dolores facere nisi sunt voluptas corrupti quod aut necessitatibus sed ut alias et qui sunt exercitationem nihil dignissimos asperiores non reiciendis perferendis quidem unde esse et illo neque sunt excepturi nobis ex recusandae eos enim eum voluptas esse cumque fugit dolore autem labore omnis expedita quis dolor error qui magnam nostrum hic blanditiis reiciendis ad qui voluptatem et voluptatibus neque repudiandae voluptas aut rem.', 'Impedit consequatur voluptatem voluptate.', 'Et reiciendis quibusdam repellat ipsa facere saepe provident molestias culpa libero quidem pariatur rem quas dicta voluptate omnis consectetur vel et alias asperiores recusandae est porro et molestias et amet quis nam quod neque sequi libero ab fugiat voluptatem eveniet totam sint assumenda consequuntur pariatur reiciendis adipisci eius sunt quia et corporis eum quo consectetur sapiente et voluptatem pariatur pariatur eos facere voluptate ullam quia ducimus rerum ullam nihil reprehenderit suscipit atque eum minima veritatis quasi enim modi sed dolores cumque et repellat rem quia similique vel libero molestias ut consequatur aut qui eveniet sed deserunt necessitatibus numquam dolorum cupiditate ex laboriosam voluptas consequuntur soluta eligendi asperiores omnis rerum voluptatum quia voluptas rerum blanditiis ipsum repellendus culpa dolorum impedit cumque tempora rerum quos sapiente distinctio maxime hic quia saepe consequatur impedit dolore architecto odit deserunt et aspernatur molestiae sit aliquam impedit quisquam similique id consequatur odit rerum exercitationem possimus deserunt laborum sint soluta deleniti repellat delectus amet sit suscipit itaque ipsam inventore odio consequuntur quam temporibus voluptatem quia et et doloribus doloribus dolorem voluptatum id velit a vitae totam adipisci qui omnis quia suscipit velit suscipit ullam ea veritatis similique nesciunt placeat aut veniam est voluptas et praesentium ab quisquam labore molestias nihil ut provident minima delectus quasi autem doloribus eum veniam eos aliquam veritatis tempora ducimus est consequuntur consequatur soluta molestiae autem maiores natus molestiae dolorem vel ea ex voluptas ipsam aut exercitationem sint consequatur voluptas rerum est numquam consequatur qui iste enim amet id cumque aliquid eaque rem a et et accusantium debitis magnam sit numquam fugiat non est excepturi est ratione eum quaerat quod et necessitatibus eos nemo aut qui voluptas perspiciatis laboriosam eligendi numquam placeat consectetur amet ullam et vel eligendi in ut adipisci sit nulla ut eveniet laudantium vel rem velit eos facilis voluptatem quas quisquam suscipit cum repudiandae ut ut aut aut saepe voluptatum atque mollitia ea sed saepe autem voluptas ut consectetur quos aut deserunt enim itaque repudiandae labore dolores accusamus facere consectetur ut placeat sint recusandae aut culpa fuga ab fuga nisi perferendis tenetur cumque quo est quas quae non ducimus nihil sed placeat ut non culpa debitis earum et vel ut quam officiis ipsum optio sequi dolorem quasi dicta veniam dolorem deleniti eligendi veritatis rerum ratione odit vitae voluptatem qui ducimus ut in fugit magni ex est voluptatem enim qui exercitationem maiores qui voluptas sed id qui praesentium est ut ut dolores minima molestiae.', 'quas,aspernatur,tenetur', 'Et expedita omnis cumque.', 'quod,fugiat,similique', 0, 0, '2022-11-05 13:48:27', '2022-11-05 13:48:27', NULL),
(54, 5, 'Ut quod perferendis suscipit.', 'ut-quod-perferendis-suscipit', 71108, 213, 4489, 5687, 3494, 9196, 1, 'products/03.jpg', '[\"products/02.webp\", \"products/05.webp\"]', 'Ipsam dolores est facilis non quaerat unde animi aliquid dicta consequuntur non cupiditate sapiente enim consectetur asperiores non delectus molestias dolore qui magnam officia nam consequuntur ab illo quam est possimus ea esse sed natus quos tenetur quia molestiae id tempora hic eaque iste ipsam beatae ex soluta enim at provident accusamus voluptatum ut sit repellendus unde officia earum rerum molestias porro voluptate necessitatibus eum dolorum sit possimus harum omnis praesentium sit aperiam architecto dolorem et eius dolorem consectetur vel enim quos omnis voluptas aut commodi cupiditate sint totam labore enim velit recusandae voluptatem illo vel nulla fuga illum quibusdam placeat debitis magni optio quam ut et nihil fugit delectus aut alias voluptatibus vitae qui rerum ducimus culpa beatae ipsa deleniti quos quae quidem eum vel quia atque corporis reiciendis fugit aliquam perferendis aut qui veritatis ea sed omnis laboriosam et in et quis ut veniam earum quaerat cupiditate optio quisquam est illo itaque quasi labore distinctio voluptatibus quas est numquam necessitatibus voluptatem totam facilis suscipit quasi vitae eum et vero aperiam nemo et et sint exercitationem accusantium assumenda et qui quo quod earum quia expedita cupiditate ut alias provident ipsum sit provident ipsum culpa aliquam et ea iusto vero quia tempora vel omnis expedita omnis beatae aliquid porro tenetur et recusandae mollitia delectus voluptatem eos qui qui quod cumque repudiandae repudiandae qui nobis id rerum doloribus totam temporibus similique delectus quo blanditiis eum cupiditate.', 'Mollitia soluta aut.', 'Magnam dolores qui consequatur eaque voluptatem et totam dolor inventore voluptatem et atque totam et ut voluptates illum consequatur voluptates rem voluptatem quis magnam facere dolorum aut dolor est sit nesciunt possimus sunt id non occaecati aliquid ut laboriosam veniam esse explicabo ut qui et eos est provident fugiat voluptatem vel id numquam ab eum fugiat qui iste laboriosam voluptas cumque nisi id illum corporis magnam sed distinctio similique et maxime velit voluptas vero dolorem odit ad distinctio quia similique maiores ea voluptates sit quia cumque et ut temporibus est ducimus omnis ut sunt ipsam enim et quibusdam aut nemo aliquam dolorem consequatur aliquid cum quis et omnis earum dolores fuga rerum cum unde incidunt rerum quia et dolor ratione et necessitatibus iure vitae doloribus est voluptas similique doloribus mollitia nobis dolores fugit et rem aut repellendus quam ipsam nemo repellendus deserunt harum qui a reiciendis architecto cum porro quo aut sit molestiae incidunt consectetur totam cumque labore possimus aspernatur aperiam porro quo odit aut quia voluptate minus facere dignissimos dolore cum fuga neque ratione ea quisquam enim quisquam qui ea dicta ea qui molestias consequatur aut est laudantium cum non debitis inventore maiores et eos est magni placeat optio aut neque commodi minus quia esse velit dicta enim consequatur aperiam maiores nihil suscipit dolor autem voluptas accusamus voluptatem perspiciatis consectetur hic quam rem ut sint qui autem nobis quaerat voluptatem ut accusamus ratione ipsum est est dolore perferendis corporis nobis facilis blanditiis rem neque dolore molestiae unde molestias eos in ipsa voluptas pariatur eum fuga molestias ullam doloribus est voluptatem earum sunt mollitia minima consequatur cum beatae modi laborum maiores nam deserunt fuga nam et illo iure inventore ducimus quisquam est accusantium qui eligendi rerum in qui veritatis in aliquam hic accusamus impedit maxime dolorem laudantium quod iste distinctio enim quidem occaecati voluptatem recusandae earum et veritatis enim reiciendis voluptatem ipsa distinctio aliquid nesciunt assumenda ex cum nulla explicabo ut quidem dolorem sit consectetur itaque laudantium ea aspernatur fuga similique nam fuga voluptatibus incidunt qui mollitia inventore qui voluptates tenetur nostrum pariatur velit quo illum aut aut in.', 'quia,aut,dolores', 'Minus est suscipit libero.', 'ut,provident,delectus', 0, 0, '2022-11-05 13:48:27', '2022-11-05 13:48:27', NULL);
INSERT INTO `products` (`id`, `category_id`, `name0`, `slug`, `price`, `size`, `thc`, `cbd`, `sku`, `discount`, `discount_enable`, `img_main`, `images`, `description`, `title_seo`, `description_seo`, `keywords`, `plant_type`, `effects`, `rating`, `is_published`, `created_at`, `updated_at`, `deleted_at`) VALUES
(55, 5, 'Est ratione mollitia.', 'est-ratione-mollitia', 19985, 414, 8352, 291, 2519, 8551, 0, 'products/03.jpg', '[\"products/02.webp\", \"products/05.webp\"]', 'Illum quibusdam amet et dolores laudantium ea impedit illo at quod corporis perspiciatis cupiditate dolores reiciendis alias molestiae quasi et beatae aperiam nisi vel quia corporis dolore explicabo nihil quia cumque deserunt occaecati esse omnis deserunt quo qui sit deleniti sed ut est aut quo qui qui ex ut sed autem sed iusto consequatur enim nesciunt fugit molestias id itaque temporibus eum iste sunt ut sit et nihil odit esse est non aut rerum voluptates et sint hic nesciunt sed nesciunt rem blanditiis nemo optio tenetur placeat vel voluptas dolorum quis aut qui autem est harum distinctio omnis dignissimos quibusdam culpa quam sed error blanditiis blanditiis aperiam sed quam nulla deleniti et consequuntur libero error libero omnis dolor cum ad architecto voluptatem in error recusandae iste et doloremque similique facilis soluta architecto laborum enim earum asperiores et illo ratione sunt earum iste culpa sunt placeat voluptatem molestiae eum consequatur consequatur aut laborum vel non velit sit rem non eum non iste qui omnis sed quia nihil reprehenderit quasi sunt autem aut sunt saepe voluptatem aliquam alias vel sapiente aliquam porro et aut assumenda voluptas consectetur voluptatem ipsa iusto voluptatem provident ut veniam voluptatibus iusto amet veniam consequuntur magnam repudiandae corrupti beatae corporis maiores hic deserunt ab delectus esse consequatur rerum ab provident molestias sit voluptate recusandae minima enim id voluptas nihil rem aut harum saepe qui voluptatem asperiores voluptates praesentium vel veritatis dolorem velit unde id numquam porro maiores minima nulla magnam natus cum est cumque quibusdam esse totam fugit in eius dolor necessitatibus ex libero laborum voluptatem sunt est in veniam sed voluptates explicabo omnis sed dolor sint similique delectus fuga reiciendis exercitationem excepturi maiores numquam quis ut vitae tenetur architecto qui consequatur similique qui aut tempore suscipit asperiores aspernatur harum ab ut adipisci.', 'A laborum consequuntur perspiciatis.', 'Hic eum temporibus nemo aperiam accusamus aliquid est et ad enim sit dolores explicabo aspernatur ea quidem non quod ut temporibus quisquam et et alias qui itaque maiores unde cupiditate voluptatum aspernatur voluptatem ut quam omnis tenetur quisquam aut sed vero inventore iusto repudiandae suscipit sed quasi cum voluptatem qui enim quam nam rerum nihil mollitia necessitatibus nam est animi id ut qui animi velit dolorem quae deleniti omnis voluptas reprehenderit tempora dicta quis autem ullam consectetur atque quia aut nisi dolore ut qui quam quia libero omnis rerum nulla quos unde tempore libero et iure tempora quibusdam magni possimus dicta ab atque aut rem accusantium et reiciendis exercitationem occaecati quibusdam non nisi cumque dolore quia quo qui harum in illum neque reiciendis dolores alias minima quisquam et non hic enim culpa vero in ratione excepturi earum deserunt et a maiores dolores explicabo architecto natus iure consequatur est sapiente qui nihil accusamus et quaerat aliquam architecto nam laudantium similique cum impedit provident expedita inventore distinctio ipsum autem nemo rerum quis omnis quia et ipsa quo autem eos possimus dolorum tenetur soluta tenetur iste sint accusantium accusamus et laborum sunt odit quia reiciendis voluptas illo quibusdam voluptatem nemo molestiae dolorem qui sunt voluptatem odit iure et quos eum commodi deserunt blanditiis quo sed mollitia ut dolorum officia ad necessitatibus nihil aut nihil recusandae saepe quos quae suscipit et distinctio harum repellat magni eum aut et ut necessitatibus sint ipsum et fugiat ipsam sequi corrupti dolorem dolorem est quaerat consequatur et omnis rerum non quaerat earum incidunt facere consectetur quia nihil sint debitis rerum id dolorem possimus accusantium perferendis veniam similique dignissimos et quo veniam minus rerum et vel consectetur ipsam quam sit eaque fugit aut officia enim accusantium id blanditiis dolor ut quaerat.', 'exercitationem,libero,et', 'Autem et sapiente voluptas.', 'facere,rerum,accusantium', 0, 0, '2022-11-05 13:48:27', '2022-11-05 13:48:27', NULL),
(56, 9, 'Ut pariatur quos.', 'ut-pariatur-quos', 84441, 654, 9078, 2428, 4010, 7239, 0, 'products/03.jpg', '[\"products/02.webp\", \"products/05.webp\"]', 'Pariatur et nihil qui debitis itaque aliquid omnis eveniet eaque iste quasi aut ea quis temporibus rem optio iure doloribus nam laudantium minima rerum sequi perferendis ratione voluptatem itaque occaecati saepe facilis debitis non dolores magni quia dignissimos aut suscipit ab deserunt voluptas delectus sint qui eum ut voluptate non corrupti fuga dolor accusantium autem magnam dolores dolorem et dicta voluptatem in nobis suscipit optio ratione tempore cupiditate cumque similique sed dolorem sint magni vel minus sunt ducimus ut quibusdam voluptatem officiis et dolor libero at voluptas consequuntur quo molestiae cum quasi blanditiis qui reprehenderit error rerum sit velit est cum et facere ratione sunt quae nulla dolorem sit perferendis eveniet consectetur error et est hic sint dolore nihil soluta deleniti eos commodi saepe et consectetur corporis voluptatum sint sed consectetur doloribus voluptatum at sed tenetur vel error et saepe reiciendis id nam veritatis ratione sit dolore cumque alias ut et distinctio quia voluptas dolor corporis ex non veritatis voluptatum fugit quo voluptatibus provident occaecati aut dolor eligendi nemo sed molestias nesciunt et quaerat eveniet perferendis aut fuga qui corporis iste vel ut aliquam quo dolore maxime aut ad accusantium ipsum consequatur voluptatem fugit culpa voluptates non non non ducimus omnis at dignissimos optio eum rerum eum ex officiis nesciunt incidunt doloremque magni asperiores odio reprehenderit et error veritatis modi non dolores doloremque omnis facilis repellendus atque laborum eligendi nemo rerum delectus voluptatum eos fugit consequatur consequatur ipsa alias repudiandae quas sed consequatur dolorum laudantium nulla vitae quia unde eos labore officia qui voluptatem id et dolores consequuntur nulla consequatur rem error corporis maxime velit expedita eum possimus.', 'Rerum in corporis.', 'Itaque et quo id nihil est ut consequatur blanditiis vel eius eos ea quidem sint voluptatem et tempore optio eveniet et quis voluptatibus cum molestiae doloremque sed non rem voluptatum cupiditate et et dolore molestias perspiciatis reiciendis beatae aut accusantium aut totam vitae error id quis ut soluta est et quisquam est rerum aliquid accusamus iste ut ut aliquid omnis quo ut maiores quas repellat esse nobis voluptatem ad sed at voluptatem molestiae itaque natus dolor deserunt et dolor molestiae consectetur illum possimus sint nam tenetur ullam quae enim ipsum dignissimos voluptates dolorem consequatur inventore quis esse nostrum praesentium ex voluptatibus omnis quibusdam optio dolorem recusandae necessitatibus reiciendis qui nisi consequuntur similique ut vel nostrum corporis laudantium possimus iste iste fugit aut ut quia facilis corporis sed iusto veniam eligendi et saepe et quod autem voluptas unde dolores reiciendis maxime est sequi in aliquam mollitia optio nobis beatae qui ut sit molestias occaecati voluptates nostrum et adipisci assumenda quo quia corporis consequatur et quo molestiae maiores et in minima delectus quibusdam quis omnis ipsam necessitatibus sit temporibus in voluptatem provident doloremque praesentium dignissimos nulla ut qui est autem est et dolorem eaque inventore ab ut provident voluptatibus rerum ipsa ad itaque saepe vitae assumenda esse enim itaque quasi sed quaerat id nisi sunt qui voluptates ullam omnis soluta qui perferendis cum est laboriosam quo aut dicta minus aut dolores libero blanditiis commodi repudiandae optio deleniti facilis aspernatur quaerat impedit natus cupiditate sit eveniet debitis vel error fugit qui magnam culpa omnis vel earum deleniti est et aut qui tempore ipsa corrupti repudiandae omnis quo sunt fugiat praesentium pariatur consequuntur dolores corrupti fugit dicta doloribus quis hic vitae optio quis rerum quae natus sed ex rerum amet ut et fugiat voluptate dolorum et a consequatur tempore qui rerum quia aut vero est culpa ipsam tempora amet voluptates eius nulla dolore tempore voluptatem accusantium ut distinctio debitis aut quis et consequatur similique non ea et nesciunt delectus aut atque voluptate illo dolor consequuntur aperiam repellat et aut et omnis quidem eligendi qui numquam autem vitae minima voluptatem qui reiciendis esse officiis et voluptatum placeat aperiam quibusdam qui distinctio iste sequi quam atque facere et quae et.', 'rerum,ipsum,cupiditate', 'Mollitia occaecati provident aut.', 'perspiciatis,aut,iste', 0, 1, '2022-11-05 13:48:28', '2022-11-05 13:48:28', NULL),
(57, 1, 'Voluptate repudiandae ut.', 'voluptate-repudiandae-ut', 11838, 420, 5401, 7946, 1593, 388, 1, 'products/03.jpg', '[\"products/02.webp\", \"products/05.webp\"]', 'Qui quaerat ut aperiam veritatis voluptatem eos debitis maiores est fugiat eos beatae molestiae sapiente quaerat eum exercitationem qui nostrum cumque sit qui quis atque dolores dolorem laborum qui voluptate quia earum sapiente cumque in quis et debitis provident impedit provident voluptatem hic molestiae dolore eaque et porro qui sit animi iure optio optio corrupti fugit laborum vel sed aut rerum nam id velit ea commodi et quidem aut pariatur dolor recusandae veritatis vel in ipsa sint ut itaque eius occaecati et ducimus unde iure quia aliquid nostrum dolor harum dolorem libero veritatis deserunt temporibus maxime harum aliquam et ut est pariatur sed autem iusto praesentium quasi voluptatem dolor eaque occaecati eligendi adipisci veritatis voluptate reiciendis aut qui atque dignissimos enim voluptas consequatur aut qui dolorem atque similique cupiditate voluptate ut dolorem nostrum similique nostrum placeat aliquid facere ipsa perspiciatis odit cumque minus officia delectus repellendus accusantium rerum veritatis nesciunt voluptatem reiciendis excepturi accusantium dignissimos eaque quisquam ipsam nam asperiores odit incidunt quasi consectetur accusamus non fuga inventore vero a nemo earum est consequuntur aliquid eos vitae molestiae ullam magni molestiae eligendi vel repudiandae animi laborum et velit repellat sit est hic optio est quos enim pariatur et ullam nesciunt quod dolorem et possimus nam placeat voluptas dolor architecto necessitatibus beatae.', 'Sapiente ipsum odio sed.', 'Optio necessitatibus nisi adipisci et accusamus quo temporibus temporibus voluptas officiis et animi aut in aspernatur repudiandae minus et velit quaerat id pariatur aut quia consequuntur eum at eum eum est distinctio atque eos dolores officia repellat dolorem voluptatem voluptas eveniet quasi cum sed aliquam officiis tempora adipisci pariatur ut suscipit quia est incidunt aut perspiciatis vitae ipsa dolorem dolores dolor placeat ullam itaque neque et qui qui ad numquam esse quidem cumque aliquid officiis eius repudiandae dolores omnis saepe sed perspiciatis animi molestiae veritatis ad voluptates cum et voluptas facere dolor et nostrum maiores eum voluptatem corporis sit qui quidem exercitationem et reprehenderit minima sapiente esse rem nisi ut quis recusandae aut quia facilis voluptatem possimus voluptas repellendus itaque ducimus ducimus rerum qui eveniet et molestias earum sit at laborum ullam voluptas quisquam iure nobis tempore dignissimos repellendus sunt aut ratione tenetur est ipsum tenetur quis consectetur accusantium doloremque fuga ratione odit neque occaecati atque sed eum nihil suscipit ab assumenda cum sequi eum saepe quasi quaerat qui quo quo sed dolores est minima ducimus cumque quia fugiat nobis nam maiores atque autem officia dolores quasi nesciunt eos magni facilis maxime id non voluptatem quia iusto cumque illum debitis dolorem et velit et magni neque qui nesciunt quasi incidunt repudiandae tenetur veniam illo est sit omnis et non quas non eum impedit tempora quia cum id voluptatem qui quasi qui voluptatem corrupti impedit soluta voluptatem ducimus sit quia sapiente quis porro exercitationem aut qui non consequatur quo sunt et quia dolorum nemo repellat quidem non quod aut aut temporibus quasi ratione qui quasi ut ea ut sit sed quasi ex aliquid fugiat minima commodi rerum dolores est repudiandae sed provident nulla eveniet consectetur ad magni fuga non dolor iste quae hic libero ducimus ipsum nostrum ex numquam omnis nisi voluptatem dolor sunt rem fugiat aspernatur voluptatem corporis laborum itaque voluptatem enim laboriosam hic aut fugiat aut impedit voluptatem numquam libero non rem dolor eum enim corporis quisquam et beatae tempora aut consequatur sint ducimus eos quos dignissimos dolorem inventore voluptatem sequi ullam voluptas consequatur reiciendis recusandae adipisci voluptatem tempora eum voluptate et et itaque consequatur possimus sit.', 'ea,quibusdam,eveniet', 'Praesentium reiciendis magnam.', 'consequatur,id,ratione', 0, 1, '2022-11-05 13:48:28', '2022-11-05 13:48:28', NULL),
(58, 10, 'Eum et dolorum consequatur.', 'eum-et-dolorum-consequatur', 50173, 319, 5863, 2496, 7121, 4305, 1, 'products/03.jpg', '[\"products/02.webp\", \"products/05.webp\"]', 'Quod cupiditate illum optio quisquam laboriosam sequi officiis id facere perspiciatis facilis facere mollitia natus omnis pariatur molestias nihil doloribus eveniet nobis et quod sit nihil esse atque quod odio quae autem autem dolores ullam neque et eos est molestiae consequuntur itaque voluptates recusandae excepturi dolor error nesciunt quis similique et ut explicabo quia sit laborum consequatur in delectus perferendis illum non ea quis dolores ad assumenda voluptatibus hic architecto est ut rem reprehenderit maxime aut nihil perspiciatis suscipit accusantium ea qui fugit dolorem tenetur quia ab aut quia itaque natus ut assumenda delectus voluptatem nihil possimus mollitia qui omnis pariatur nobis molestiae ea alias sit neque quibusdam quae neque distinctio dolore officia aut reiciendis accusamus doloribus blanditiis et non ex unde voluptatem nobis architecto exercitationem rerum adipisci molestiae impedit velit soluta necessitatibus et deleniti ab omnis hic doloribus autem facere vel ad placeat et ipsum non quas dolor assumenda dicta omnis ut qui eaque aut explicabo aspernatur dolore dolores enim culpa dolor labore dolorem et recusandae mollitia sunt suscipit ea hic dolorem ex commodi aut sint incidunt omnis officiis fugiat deleniti et tempore commodi possimus ducimus est minima et et ab aut nulla inventore fugit voluptatem libero reprehenderit explicabo voluptatibus eum assumenda quidem repellendus reprehenderit molestiae ex aspernatur fugit voluptatem mollitia dolorem aliquam velit fugit ex totam odit debitis voluptatem distinctio illum debitis aliquid omnis dicta aspernatur maxime ratione odit perferendis eum nesciunt suscipit nemo reprehenderit reprehenderit alias ut cum mollitia sunt debitis voluptas impedit a architecto dolor et maxime nisi ut laborum quod enim eveniet quisquam consequuntur pariatur amet quia quas maxime quo quidem sunt quia est doloremque necessitatibus beatae excepturi quia culpa id dolorum voluptatem corrupti dicta odit quae in earum at qui et ad pariatur numquam tempora autem illo fuga dolores unde quia et nam error quia qui ut magnam numquam accusamus earum distinctio ut praesentium placeat illum deleniti illo in facilis veritatis corrupti eius facere aut ut dolore aliquid doloremque vero reprehenderit dolor eveniet quia deleniti aut recusandae illo libero molestiae voluptatibus ratione ut expedita consequuntur repellendus quas doloremque est non nulla aut libero et incidunt impedit a vero ut provident vel explicabo aut iure distinctio aut vel fugit rerum suscipit temporibus voluptatem qui et quis perferendis ea temporibus pariatur adipisci in fugiat eum reiciendis molestias exercitationem non consequuntur similique veniam et neque dolor sed soluta unde earum neque porro est dolore non dolores aliquid dolore incidunt aut.', 'Commodi temporibus facilis veniam.', 'Aliquam eaque aut libero ratione eligendi qui nesciunt mollitia quia omnis non suscipit et vero et modi nulla praesentium fugiat saepe sunt doloribus ullam voluptatem est consequuntur incidunt et aut sit non et qui laborum ullam officiis beatae consequatur est fugit expedita nobis voluptas quia ut voluptatum et repellat minus et distinctio accusamus voluptatem illo illo natus reiciendis non ut sequi aliquid est necessitatibus vero qui delectus a maxime est ipsa saepe sed animi assumenda velit dolores ratione occaecati minus occaecati numquam nobis quia veritatis quod quibusdam aspernatur dolore quasi qui aperiam voluptates neque nam a consectetur consequatur qui necessitatibus aliquid praesentium esse omnis omnis consequatur explicabo saepe commodi dolorem inventore nam ad atque praesentium id vel et dicta eum quo est qui inventore consequatur aperiam quasi rem illum tenetur vel necessitatibus quo voluptates sit ea ipsum distinctio cum veritatis labore qui repellendus consequatur qui voluptates repudiandae amet ut aut sit distinctio in est aut nam dicta veniam illum laboriosam impedit et voluptatibus ut velit odit aut quo tenetur quia ea ut blanditiis excepturi totam ipsa hic occaecati aut labore ab occaecati ipsa consectetur voluptatibus debitis vel est et ut aut distinctio eveniet velit architecto dolore qui voluptas et itaque laboriosam totam reiciendis aut distinctio voluptatem fuga excepturi quidem explicabo quis voluptas doloremque nobis nam ipsa et illum qui aut ut ratione ea quam autem quaerat eius temporibus accusamus similique necessitatibus quasi quod sit non nemo accusantium nulla cumque impedit excepturi esse necessitatibus odit commodi tempora sunt et cupiditate adipisci sed pariatur eius beatae eum perspiciatis nulla et qui quia quia aut eum eius quos iure sequi aut dolor accusantium ut facere et molestiae alias ut sint molestiae sunt in excepturi ut corporis esse fugiat veritatis eveniet neque ipsa amet sint officia modi tempora consequatur id error adipisci optio perspiciatis reprehenderit animi deleniti esse rerum occaecati officiis laborum quibusdam impedit fuga facere error qui et dolore adipisci quaerat eius ea voluptatum facere cum incidunt sed aliquam cupiditate officiis blanditiis ad possimus eaque ut quae sunt nemo excepturi suscipit voluptate molestias delectus autem adipisci eos culpa est illo mollitia eius repellat nobis iusto nihil beatae reprehenderit est eveniet voluptate sit autem laudantium soluta odio dolor rem facere nulla nemo quas et error dicta quae dolores repudiandae veritatis.', 'distinctio,odio,in', 'Animi nulla dolorum eligendi.', 'rerum,voluptatem,nihil', 0, 1, '2022-11-05 13:48:28', '2022-11-05 13:48:28', NULL),
(59, 2, 'Laboriosam ea aspernatur.', 'laboriosam-ea-aspernatur', 19711, 853, 9847, 8592, 4130, 2157, 1, 'products/03.jpg', '[\"products/02.webp\", \"products/05.webp\"]', 'Reprehenderit odio aut odit molestiae corrupti eos sapiente sed est magnam deleniti odio dolor doloribus in sed id quos et qui incidunt illum pariatur qui sit praesentium totam amet quasi ex fugit sed consequatur recusandae autem natus nobis assumenda quo sit est officia vel iure sunt quis perferendis odio vero reprehenderit enim et nesciunt similique ipsum exercitationem nihil tempore vel similique error magnam accusantium est aspernatur quo eum quae totam quod quos ipsa non aperiam assumenda provident rerum dolore voluptas dicta eligendi eos et accusamus quae et nobis quis debitis necessitatibus exercitationem dignissimos eligendi excepturi vero qui sunt dolorem explicabo ut animi et iusto dicta corrupti provident vero qui ea vel dolore quaerat et et voluptatem molestiae beatae id reprehenderit odit aut laboriosam id ut itaque ut vel debitis quia repellendus voluptatem enim voluptas laboriosam qui et quo quod illo est aut id consequuntur animi aut aspernatur quibusdam aliquid quibusdam ab quaerat pariatur explicabo ea optio quia a illo consequuntur esse optio magni laborum ut commodi ut et itaque vel omnis non optio ducimus illo aut accusamus asperiores ullam velit sit ducimus voluptatum enim necessitatibus atque ad illum atque eos voluptatum ab quam tempore quas eum laborum facere eos.', 'Rerum asperiores ipsa.', 'Ut provident ea qui molestiae et assumenda quas dolores et omnis dolore consequuntur doloremque tempore dolores ut odit est architecto eligendi vitae debitis voluptatem laborum sit tempore nihil facere dolorum laborum nemo non eum dolores tempora labore ullam tenetur repellat non repellendus maxime ex veritatis porro qui iure similique architecto sunt in perferendis et occaecati est doloremque est incidunt quas corporis error veniam cum nam consequatur est odio atque necessitatibus ut quos quia quos a soluta ipsum sit ex velit quia aut eius nulla rerum ut eveniet ut amet eos necessitatibus architecto optio voluptas repellendus tenetur sunt eos omnis et omnis magnam consequuntur ipsam sit at sequi labore delectus consequuntur eligendi sint dolorum eligendi possimus aut molestiae deleniti et in iste hic at et eos voluptate quas eos qui dolores aliquid ipsum sit sed nisi quia ducimus vel dolor doloremque veritatis est voluptatum eligendi quam voluptate aut quae dolor et ab enim dolores error temporibus ut error rerum facere quod et est sunt blanditiis similique corrupti voluptatem repellendus delectus dolor et ut magnam qui nobis et amet quia delectus aliquid minus accusamus nihil sapiente et nemo et saepe facere cupiditate debitis consequatur vel voluptas repellat fugiat quam at eum ipsam ipsam nulla voluptates asperiores consequatur aperiam id et dolores non labore omnis minus labore incidunt esse ab et pariatur tempora rerum excepturi mollitia iusto dolores sint veritatis autem reprehenderit facilis corporis aperiam beatae quod ratione aut dolor non eum distinctio ad explicabo vero ducimus neque exercitationem numquam id consequatur explicabo voluptatum repudiandae rerum rerum in corporis est aut neque molestiae alias numquam fuga commodi in sed aut officia quia quisquam qui numquam odio quo optio rem culpa.', 'deserunt,ut,aperiam', 'Eligendi esse consequatur.', 'et,ratione,nihil', 0, 1, '2022-11-05 13:48:28', '2022-11-05 13:48:28', NULL),
(60, 3, 'Officiis et ipsam error et.', 'officiis-et-ipsam-error-et', 38055, 210, 9596, 6833, 193, 2145, 1, 'products/03.jpg', '[\"products/02.webp\", \"products/05.webp\"]', 'Ex quas rem sunt rerum aliquid harum natus error culpa occaecati et laboriosam impedit perferendis nesciunt ratione tempore ab adipisci praesentium et et et rerum possimus sed amet ipsa porro at laboriosam deserunt qui suscipit perferendis quia et nemo minima et et et et magni maiores cum earum dolor expedita molestiae eos molestiae est quod consequatur minima itaque ut ut nihil sed dolores nisi repudiandae autem nihil dolor harum facilis nam unde quo sequi natus illum voluptatem placeat enim vitae cumque dicta cumque ut ea rerum et assumenda dolor sit quasi sint distinctio blanditiis aliquid natus repellendus aut aut provident dolores ut libero reprehenderit et commodi mollitia rerum laborum et quo eos expedita recusandae ut sed et ut quia voluptatibus illum quia in et iste maiores amet omnis alias ut debitis molestiae odio ipsa quam voluptates neque et qui eos quaerat odit nisi ratione quidem dignissimos dignissimos est sint modi quia qui porro maxime id illum nam sed porro est consequatur blanditiis fuga molestias distinctio earum nesciunt quis ipsa ex molestiae laborum consequuntur ea dolores debitis dolores odio sunt quaerat labore ipsam quia voluptatem dolorem dicta blanditiis aut hic fugiat voluptate sit fugiat et magni temporibus eveniet velit vel repellat et adipisci recusandae velit fuga commodi rerum aspernatur pariatur omnis eos perspiciatis aut ut maxime nostrum facere repudiandae qui libero eos atque minima excepturi tempora sapiente exercitationem unde eum ut atque ea blanditiis reprehenderit consequatur aut ut vel ut omnis dolor qui pariatur quas minima quia ad id ab qui ullam dolores doloribus voluptas sequi est.', 'Dolor ea reiciendis.', 'Officia fuga unde maxime aspernatur aut non qui saepe veritatis repellat aut aut aut et aut eaque vero laborum modi velit velit qui nihil voluptatum rerum eum et sit totam repellendus velit rerum in beatae laudantium voluptate et velit ullam temporibus enim sequi iure quas voluptatem veritatis voluptatum consequatur in debitis at occaecati at tempora dolor esse suscipit non inventore alias est eveniet ut architecto velit ex qui aut possimus distinctio hic assumenda fugiat quia voluptate quis nostrum aut qui et optio assumenda quo consectetur qui sapiente iure vero vitae eum qui unde blanditiis ut tempore necessitatibus soluta et dolore ea optio iusto illo cupiditate laboriosam architecto fuga delectus aperiam nulla beatae deserunt inventore dignissimos non voluptatem totam et nobis laudantium laboriosam eveniet qui velit voluptatibus qui dignissimos qui nihil ut sed maiores facilis quod reprehenderit rerum voluptatibus qui porro voluptatibus natus doloremque et esse velit eaque nemo rerum magnam voluptatem alias iure ipsam ut quos quos facere distinctio ducimus ullam sed excepturi et maxime tempora architecto veritatis totam asperiores possimus dolorem dolore dolore corporis expedita excepturi molestiae voluptas sint iure nulla qui aut quia vel est consectetur expedita dolor deserunt delectus atque pariatur officia dignissimos et voluptatibus praesentium nihil dolor sed est velit officia cum consectetur facere repellendus reiciendis et numquam optio est et aspernatur officia vero vel sit explicabo ex dolores neque ut ab eum vero corrupti sunt est ut voluptas nostrum est dolore animi laudantium molestiae debitis ut corrupti minima iusto laudantium fugit est velit quia aut quae iusto qui suscipit ad aut magnam voluptate eos beatae praesentium dolores mollitia vel dicta architecto aut non quae iure at fuga molestias adipisci quibusdam veritatis ad eius porro incidunt explicabo doloribus et voluptas repudiandae natus voluptate perferendis molestiae corporis omnis explicabo ullam quis eum quis qui perferendis enim natus voluptate in eos quo numquam consequuntur hic laboriosam aut voluptate nam perferendis vero voluptatem sed soluta veniam quo perspiciatis omnis beatae nam et doloremque aut omnis eos doloribus ipsam sed et omnis sint cum quasi necessitatibus neque dolorum hic non nihil culpa aut totam harum aliquid expedita repellendus nihil non sed temporibus autem vel et reprehenderit mollitia molestiae.', 'voluptate,velit,veniam', 'Velit fuga.', 'ut,et,atque', 0, 1, '2022-11-05 13:48:28', '2022-11-05 13:48:28', NULL),
(61, 4, 'Animi consequatur fugit velit pariatur.', 'animi-consequatur-fugit-velit-pariatur', 98286, 804, 6770, 8008, 8868, 1664, 0, 'products/03.jpg', '[\"products/02.webp\", \"products/05.webp\"]', 'Corrupti eligendi totam aliquam amet perferendis ut aut corporis omnis numquam ut aut dolorum quia dolores minus voluptatem excepturi omnis eos commodi corporis nam reiciendis sint ipsam nesciunt aut enim maiores incidunt omnis quo et sunt tempore error sed sapiente magnam officiis quo rerum voluptatem fugiat qui et neque dolores nostrum et ut et nostrum maxime quis porro recusandae adipisci et magnam dolore vel aliquid aut totam velit iusto ab recusandae et est fuga consectetur omnis nihil enim rerum quia quasi reprehenderit officiis facilis qui ipsam suscipit perspiciatis voluptatem quas cupiditate quia dignissimos adipisci impedit non quasi officia ea nesciunt reiciendis consequatur est sunt nobis nihil est odit omnis consectetur non suscipit ab impedit quae vitae necessitatibus nesciunt consequuntur laborum facere voluptatem architecto qui voluptatum omnis sapiente autem commodi et debitis minima maxime et molestias dolor in veritatis vel eos unde sit possimus harum quos modi iure incidunt dolores repellat ut et consectetur aut aut quos nihil aperiam excepturi excepturi dolor quia dignissimos repellendus aut corporis et nemo earum recusandae ut distinctio est modi praesentium debitis facere asperiores distinctio atque error necessitatibus non ratione pariatur iste quisquam mollitia ut laborum dicta quo laboriosam sed et unde dolor quaerat sunt vero cumque sed nisi sit libero aut iure aut asperiores a qui illum possimus dicta accusamus incidunt ut asperiores dolores ratione cumque voluptates minus quia consequuntur rerum consequuntur voluptatum et et et reiciendis assumenda aut facilis iste veritatis autem porro saepe qui tempore non porro non iste deleniti enim dolore voluptatem blanditiis ut illo enim vel cumque sequi neque rem fugiat dignissimos quasi necessitatibus et consequatur maxime optio eum culpa tempore cumque sit temporibus ea ea sunt autem odit est qui et qui sit explicabo voluptatum qui sed est qui unde consequuntur repellat perferendis aut sequi ipsum itaque assumenda et corporis minus hic ut tenetur tempora repellat iure non saepe omnis asperiores cum fugiat dolorem nesciunt recusandae occaecati aut officia perferendis sequi aut dicta et et dolor et delectus qui vitae iusto minima est esse eaque omnis cupiditate voluptas id at.', 'Quisquam nihil beatae nobis.', 'Voluptas amet dolor assumenda provident voluptas labore consectetur aut esse sint sunt recusandae aspernatur ea ipsam explicabo aliquid cupiditate unde officia commodi earum odit maiores quam officia natus soluta omnis aperiam est et voluptatem est commodi exercitationem dolor ex eveniet architecto totam voluptatum voluptas in in dolor commodi enim sequi est ipsa iusto doloribus totam illum ad deleniti neque nam optio aspernatur quas odit non dolore quaerat nihil omnis autem quis velit aliquid maiores a alias ut quisquam optio quia omnis in error commodi quis excepturi dicta esse aut excepturi optio omnis accusantium sed eveniet omnis sint quis quidem dolor voluptas aut cum est mollitia iste aspernatur est nisi eligendi labore quibusdam aut velit perspiciatis modi et nisi perferendis ea quia dolores culpa ipsum expedita omnis ipsa aut corrupti sint iste error nemo molestiae vitae architecto voluptate omnis officiis similique quos similique quo perferendis animi odit consequatur non laboriosam provident nesciunt facere exercitationem dolorem fugit suscipit voluptatum consequatur illo minima aspernatur voluptas molestiae dolores iste aut tenetur animi qui rem distinctio velit asperiores sapiente corrupti assumenda non aut quae delectus esse in numquam qui eum aut sit placeat porro doloremque animi et autem veritatis molestias vel similique atque illum provident est laudantium autem quia veritatis vitae et dolorum ipsa itaque ut ad dolore assumenda deleniti non ut voluptates tenetur molestiae est cumque nostrum rerum in perspiciatis unde voluptas et voluptatem vitae enim consequatur ut eum necessitatibus dolores et.', 'illum,sit,non', 'Unde voluptates officia ipsa.', 'nesciunt,est,commodi', 0, 0, '2022-11-05 13:48:28', '2022-11-05 13:48:28', NULL),
(62, 6, 'Itaque eos quisquam.', 'itaque-eos-quisquam', 45774, 417, 1374, 3743, 6899, 1542, 1, 'products/03.jpg', '[\"products/02.webp\", \"products/05.webp\"]', 'Ullam culpa nemo nostrum est id id aut et quidem architecto reprehenderit a sint aliquid consequuntur voluptas numquam ratione occaecati iure quis sit nesciunt quos facilis blanditiis enim porro minus beatae accusantium quam quo repellendus qui qui non id laboriosam repudiandae qui voluptates alias repellendus consequuntur sapiente nostrum ut distinctio et eum repellat fuga laudantium minus cumque reprehenderit est a rem aut harum molestias voluptate ut sit quia porro laudantium voluptatum minus dolorem voluptate eos explicabo et natus praesentium consequatur eum voluptatem deserunt aut et in animi molestias quae sit nam exercitationem distinctio maxime ipsa velit recusandae earum et fugiat velit cum pariatur ullam voluptates ea placeat qui cupiditate nisi ut deleniti maxime cumque et repellat deserunt rem et ad saepe harum ipsum molestiae est tempora odit qui est quia aperiam itaque ut vero accusamus rerum et aut deserunt omnis autem et omnis provident quis fugiat dolorum ut expedita ut explicabo vitae qui quisquam odio accusamus ut sunt perferendis saepe dignissimos alias laboriosam aut omnis excepturi itaque est harum commodi numquam excepturi veniam cum vero eum ducimus dolor autem ut et adipisci pariatur odio et ducimus repudiandae consectetur ipsum alias qui quis voluptates aut veniam iusto pariatur accusantium sint quam saepe maxime quia aut laudantium alias aperiam necessitatibus nisi architecto ut autem provident repellat est dolores est assumenda laboriosam maiores et libero perspiciatis et laudantium natus ratione rerum ut quis perferendis tempore ipsum est commodi voluptatem deserunt corrupti provident eveniet illo quasi quo voluptatem quo magnam ut est natus est voluptas nihil non autem aut non velit laboriosam et animi mollitia cumque voluptatum et et assumenda eveniet magnam quia qui et facere maxime et architecto recusandae ad dolorem qui numquam praesentium voluptatum nihil impedit id assumenda et id facere cum qui voluptate tempora voluptate tempore eos sequi numquam rerum enim voluptates nobis sit et voluptas ea vel qui rerum quae qui aut quia quo sit eum suscipit numquam possimus est at non qui pariatur enim cupiditate a explicabo natus officia nihil molestiae porro enim quia odit porro aut cumque maxime doloremque voluptatem repellendus omnis ut quis est accusantium eveniet similique at quo molestiae deserunt nulla est modi eos iusto accusantium rerum et voluptas dolorem aut vel qui sed dolorum facilis et exercitationem repudiandae ut sit ut.', 'Quia iste.', 'Inventore autem voluptatem quo qui eaque commodi dolorem nisi consequatur magni quia aut aut ut dolorem aperiam vitae aut sapiente molestias est id facere eum doloremque error odit veritatis necessitatibus ut reprehenderit expedita tenetur reiciendis est et error atque et fugit et enim fuga omnis rerum error qui quia nulla ipsa quisquam nesciunt accusantium dignissimos hic repudiandae non quia rem voluptatum aspernatur ad ducimus enim molestiae dolor harum vero beatae facere aut possimus quae alias omnis illum et adipisci eveniet numquam maiores non dolor sint provident voluptas esse voluptatem accusamus molestias voluptates beatae minima sint magnam in dignissimos soluta consequatur omnis sit adipisci consequatur qui nisi aut quo aut aut qui adipisci qui sed a qui veniam temporibus atque ut eaque laborum temporibus commodi rerum ea ut eos nobis qui deserunt molestias ut voluptatum sed voluptatum culpa pariatur velit et aut est ducimus nulla non eaque iusto nihil debitis in et minus rem sit suscipit vel autem soluta explicabo earum ex tenetur praesentium ut cupiditate blanditiis molestiae debitis in consectetur libero molestias quas est error possimus laboriosam est animi qui dolor corrupti consequatur eos sunt ut molestiae sed commodi nulla in velit ut quia et ducimus aspernatur dolores deleniti earum nihil accusamus eos quam ea labore qui est incidunt quia et ipsam qui qui provident illum mollitia dolor mollitia aut minus iste praesentium omnis autem nobis reprehenderit nesciunt eum consequatur quae sequi tenetur inventore id unde non non eius et corporis voluptates officia beatae veniam eos consequatur doloremque quae excepturi soluta delectus odit ratione illo ab qui consequatur quos reiciendis debitis dolorem ducimus adipisci exercitationem enim ut veniam quia iusto aut nihil nostrum sint aliquam qui occaecati nesciunt odit et dolore veniam aspernatur tenetur pariatur repellat eveniet odit sunt consequatur nisi quaerat aut quos et quam enim sequi quia dolor ex mollitia et eos est quae sed minima ipsa maxime blanditiis magnam atque earum rerum corporis aliquam mollitia quos nam quidem unde nobis et et ullam incidunt rerum voluptas magnam eaque ipsa cupiditate aut sapiente numquam architecto sit possimus molestias assumenda accusantium omnis sunt qui cum veniam numquam optio qui omnis in fugit eos rerum quos culpa aut.', 'minima,praesentium,quisquam', 'Magnam eos voluptates.', 'debitis,totam,fugit', 0, 1, '2022-11-05 13:48:28', '2022-11-05 13:48:28', NULL),
(63, 7, 'Enim sequi.', 'enim-sequi', 18160, 779, 9475, 5410, 138, 4540, 0, 'products/03.jpg', '[\"products/02.webp\", \"products/05.webp\"]', 'Voluptatem distinctio nemo occaecati sint minima excepturi voluptates eos non mollitia rerum dolorem corrupti distinctio praesentium nam debitis quibusdam fugiat vero minus non qui cum ut corrupti provident et necessitatibus rem qui optio perferendis nesciunt qui consequatur impedit dolorem deleniti cupiditate quisquam dolorem laborum rerum error maiores adipisci est voluptatem consequuntur quis quasi magni harum voluptatem vel qui qui ratione voluptas excepturi molestiae soluta perferendis iusto voluptatem voluptatem vel consectetur repellendus officiis natus molestiae praesentium odit libero nihil qui ut sequi provident ut qui eveniet vel rem aut amet labore ut repudiandae sed aut et quo quis quam rerum laboriosam voluptatum et dolor incidunt aut odit sed amet aliquam corrupti praesentium et ex quis saepe quo similique magnam sit velit libero saepe pariatur beatae ut minima voluptates nobis id facere id officiis et distinctio dolor ad quos dolore quo vel dolores sed qui commodi et est nostrum ut voluptatem iure sequi eligendi nam veniam at repellat rerum nisi magnam quae sit similique et delectus praesentium maxime sunt excepturi distinctio numquam dolorem eum ut dolor quia occaecati maxime sit distinctio similique et in nihil aut possimus molestiae corrupti est ipsum quia repellendus reprehenderit dignissimos non sed ut magnam incidunt consequatur pariatur quas alias et voluptatum ut consequatur accusamus sint et maxime eos enim dolorem et consequatur natus et sapiente omnis quas eos cumque laborum voluptates minima quam quis dolores veniam reprehenderit dignissimos omnis ut nostrum corporis quidem sunt aspernatur at reiciendis eos provident repudiandae vitae quibusdam dolorum et voluptas aut dolore quae labore commodi sed rerum facere exercitationem sit velit qui animi deserunt dolorem et quia molestiae iusto optio repudiandae ullam dolore cum pariatur a quasi ut eum et repellendus fugiat voluptates est ab voluptatem beatae molestiae blanditiis tenetur numquam et autem dolor aut voluptate in ut rerum ipsam veniam nesciunt expedita hic temporibus voluptatibus sit quis ipsum et dolor qui dignissimos temporibus error et autem nobis id labore optio ratione sequi est perspiciatis maiores laborum quo et illo laboriosam vel eveniet eum praesentium aut laborum ratione asperiores quisquam quisquam ut non quae quae recusandae corporis rerum natus corrupti et ea suscipit et et ab illo ipsam debitis rerum dolorum voluptate corrupti quos soluta totam quam voluptatem qui ratione qui et commodi qui distinctio consequuntur distinctio ullam quis ut consequuntur eligendi dolorem eius voluptates molestiae iste omnis ab laudantium voluptate laboriosam doloremque commodi facere et temporibus deserunt aliquam itaque ut fuga.', 'Repellendus eligendi reiciendis.', 'Et exercitationem rerum id eos hic rerum laboriosam aut recusandae ea adipisci deleniti enim possimus aliquid aut quasi et qui aliquid necessitatibus voluptas mollitia minus odio doloribus minima ducimus aut asperiores culpa ratione est dolore modi incidunt temporibus beatae dicta id ut ut magni corrupti quae non ab eum ex blanditiis maxime sint maxime cum tempore ducimus maxime et consectetur beatae ea quos aperiam minus eveniet exercitationem neque est ipsa deleniti ut earum impedit ea consequuntur rem explicabo dolores minima magnam maiores a qui enim corporis dolorem aliquid quia tempore autem deleniti vero fugiat voluptatum et omnis in est id quia ab illo corrupti quasi iste et saepe fugiat quod tempora qui quo et cupiditate sit et voluptatem expedita maxime numquam animi cupiditate est eos voluptas itaque cum et voluptatem qui similique quod ut distinctio aut quo id exercitationem est recusandae quae similique ad animi quae sed quia enim eaque enim nobis quia itaque quo adipisci possimus occaecati deleniti ut iure ullam molestias laudantium culpa et magnam suscipit fuga rem iste necessitatibus occaecati eos voluptatem fugiat facilis totam ad rerum officiis occaecati sed alias sed magni illo et ut deleniti vitae rerum at est qui amet et temporibus eligendi eius aperiam quidem iure nesciunt dicta distinctio placeat ea aut a aliquam voluptatem consectetur ut animi nulla commodi aspernatur aspernatur autem aut odio et modi blanditiis sed fuga natus explicabo facere nesciunt impedit delectus voluptatibus fuga perferendis et laudantium sapiente rerum voluptatem molestiae molestiae ratione esse deserunt quaerat molestiae facere minima dignissimos et nemo voluptatem aut pariatur impedit nostrum non repellat aperiam dolore consequuntur voluptatibus corporis aut a facilis quam dolor deleniti.', 'voluptate,assumenda,ex', 'Sunt voluptas similique corporis.', 'corporis,repudiandae,natus', 0, 1, '2022-11-05 13:48:28', '2022-11-05 13:48:28', NULL),
(64, 9, 'Sint non.', 'sint-non', 91373, 895, 3428, 6458, 8299, 4424, 0, 'products/03.jpg', '[\"products/02.webp\", \"products/05.webp\"]', 'Sapiente eos nesciunt enim quod quia quis accusantium eos voluptas necessitatibus assumenda velit qui accusamus quas est praesentium dicta reprehenderit dignissimos sint id qui aut architecto quia quidem deleniti temporibus id porro dicta dolor non dolorem sunt rerum aut facere nisi modi id expedita voluptatem enim eos voluptatem laboriosam facere officia sit est et necessitatibus et veniam et dolore perspiciatis dolorem ratione aut doloribus enim commodi sapiente officia cumque odio et dolorem cumque possimus aut animi pariatur est dignissimos corrupti voluptatibus expedita in temporibus omnis sed qui quia nulla debitis aperiam sit deserunt sunt maiores libero sint quisquam nostrum ut sed et quos cupiditate molestiae perspiciatis ea labore aut sunt enim cupiditate in error et repellendus enim alias expedita voluptatem voluptatem at eius et accusamus ipsam sed odit repellat qui dicta id debitis possimus consequatur eveniet reiciendis sunt fuga quis cumque voluptatem maxime temporibus consequatur sit optio est aspernatur eius non corporis voluptatem voluptates autem tempore ut distinctio sed aut eum consequatur harum quod atque possimus reiciendis quo et qui corrupti alias et quis occaecati nulla neque facilis dolores officia aut sit distinctio error adipisci ut officiis pariatur suscipit sint qui dolorum eligendi et eaque id sit voluptas odio omnis quod eligendi consectetur corrupti qui ipsum perspiciatis praesentium ab quia iste voluptas qui accusantium aut quia dolores eligendi laboriosam aut suscipit qui soluta sit assumenda velit sed repellendus aut porro itaque doloribus amet doloribus et cumque laborum reprehenderit reprehenderit est doloremque aperiam sed qui autem cumque et nostrum et labore dignissimos sunt perferendis possimus in ut eius id non et dolor quasi eveniet qui optio consectetur sit facere voluptatum numquam ullam enim est velit vitae enim quia eos saepe autem blanditiis animi id dolor expedita eius aliquam voluptatem atque aut accusantium corrupti quod ullam minima.', 'Saepe animi.', 'Consequatur dolores quasi optio excepturi vero voluptas beatae voluptatem tempore dolores sunt exercitationem minima et ut nobis quia praesentium nulla quasi odio occaecati odit quo quae non animi et quos et autem doloribus fugiat accusamus in eius odit illum quibusdam vel modi non quasi quo assumenda eos illum provident ut et deserunt quo hic velit adipisci quos in sit quia quis commodi maxime ut sunt est deleniti iusto et earum molestias deserunt voluptatem laborum cupiditate in quo magni reprehenderit eos quia rem et cum excepturi illum atque repudiandae nulla pariatur temporibus quo in architecto laboriosam distinctio quia esse iste vitae enim saepe voluptatem magni eaque adipisci autem consequuntur modi tempora sunt quam ea provident est aliquid distinctio sint aut pariatur est et iusto labore rerum sed reiciendis sapiente voluptatem est aut necessitatibus consequatur et distinctio magnam repudiandae molestias velit consequatur dolor quia maxime laborum nihil nulla eos quo tempore id expedita eos assumenda dolore et architecto molestiae quia eius non inventore et quo corporis cum hic dolores eos cumque ut atque adipisci est exercitationem ducimus autem provident inventore rerum eligendi veniam commodi nemo qui assumenda qui quia optio praesentium nesciunt debitis officia quae harum totam nihil suscipit nam assumenda ipsa voluptas itaque consequuntur facere molestiae fuga sint ut non molestiae velit vero vero et velit eos in et ut aspernatur recusandae porro cumque neque molestias voluptatum dolores fuga ab.', 'sed,voluptas,quia', 'Assumenda quo qui.', 'nesciunt,impedit,repudiandae', 0, 1, '2022-11-05 13:48:28', '2022-11-05 13:48:28', NULL);
INSERT INTO `products` (`id`, `category_id`, `name0`, `slug`, `price`, `size`, `thc`, `cbd`, `sku`, `discount`, `discount_enable`, `img_main`, `images`, `description`, `title_seo`, `description_seo`, `keywords`, `plant_type`, `effects`, `rating`, `is_published`, `created_at`, `updated_at`, `deleted_at`) VALUES
(65, 5, 'Ea voluptates dignissimos aut.', 'ea-voluptates-dignissimos-aut', 6283, 475, 2326, 8620, 6383, 6791, 1, 'products/03.jpg', '[\"products/02.webp\", \"products/05.webp\"]', 'Impedit molestias fugiat sapiente vel facere explicabo modi harum praesentium ea aut nostrum assumenda molestias accusantium unde nesciunt cum quo iure qui illo doloremque dolores incidunt aut et maxime non odio minima expedita molestiae sit magnam quis sit quisquam dignissimos dolores omnis ab sed qui quia consectetur qui incidunt molestiae dolores ea consequatur nostrum impedit earum porro aut cum ea dolore iure dolores rem reiciendis autem doloremque natus amet quia et non veritatis praesentium occaecati atque vero consequatur et assumenda ex error ea et ea deleniti quis inventore ipsum aut dolores perspiciatis sit iusto quaerat omnis nihil molestiae et qui libero distinctio pariatur vitae illo dicta tenetur maxime assumenda nisi quae quia in distinctio aut qui voluptatem ea qui occaecati ipsam est cupiditate ab quibusdam beatae nemo reprehenderit et impedit quasi aperiam eligendi temporibus omnis minima quaerat vitae officia minima quo quibusdam corporis odit soluta voluptatem possimus temporibus occaecati totam quis veritatis impedit aut repellendus reprehenderit et ut aut eligendi ab veniam modi non necessitatibus voluptatem similique ut id qui asperiores quisquam aut et sit eos ratione dolore aut sint rem et inventore deserunt iste repellat rerum eaque ut dolor non illo accusantium est nisi architecto voluptas ad et aut vel in illum quidem tempore aut incidunt quos expedita minus aperiam fuga consequuntur provident architecto eaque rerum repellat recusandae deserunt illo quos omnis accusantium aut voluptatibus asperiores aliquid rerum quo non suscipit expedita debitis neque aliquam tempora et non ipsum quo odio tenetur provident ab fugiat id est unde perferendis velit deleniti rem illum eos perferendis voluptate consectetur mollitia aperiam qui voluptate inventore architecto non molestias sapiente dolore eius eum iusto quisquam est deserunt id vitae et eius necessitatibus omnis.', 'Itaque qui facere.', 'Voluptate et enim qui ipsam maxime quae quia in possimus quia beatae et dicta excepturi aut veritatis dolores maiores similique deserunt sapiente quia amet tenetur officiis necessitatibus omnis error enim saepe vel eveniet animi quis rerum blanditiis consequatur vel perferendis maxime aut doloribus vero ipsam quia dolor amet ut magnam illum nesciunt vitae magnam tenetur quia quis repudiandae sint itaque voluptas culpa facere quia fugiat fugit aut neque itaque alias beatae in ex voluptatibus consequuntur magni id voluptatem et non quia dolorem corrupti magnam reprehenderit aut libero eos non voluptatem assumenda consequatur doloribus consequatur recusandae nihil praesentium et id assumenda est dolores necessitatibus ex ab perferendis ratione ut nobis laudantium accusantium voluptates et et et sint quia dolorem quaerat voluptas qui veritatis asperiores error rerum libero iste ducimus iure consequatur fugiat sequi et est praesentium aut autem doloremque quis dolor voluptatum id officiis officia quidem eum amet velit sequi sit repudiandae voluptas consequatur voluptatem quod odio voluptatem quo sit porro iste vitae ducimus quia officiis deleniti inventore velit quaerat doloribus mollitia earum quos exercitationem qui dignissimos accusamus ut doloribus fugiat libero nostrum ipsam numquam consequatur laudantium consectetur excepturi debitis ullam neque officiis mollitia modi eius fuga et sit itaque vel quidem sint quas laborum cum rem nesciunt doloremque quae maxime iste enim quae error vel non aut adipisci rerum officia sit ducimus sequi harum qui velit animi quis in ipsam ut tempora quis et et asperiores quae quisquam sequi et qui repellat esse libero sit dolore et quo iusto nemo repudiandae non perspiciatis et blanditiis labore minima dolorem eos perspiciatis fugiat soluta ut et adipisci dolores est quae enim voluptas consequuntur eius atque error laudantium ut sit autem accusamus ab qui labore fuga est velit beatae accusamus aperiam accusamus et corrupti corrupti autem esse minima aliquid optio soluta est ratione voluptas unde quia nam ipsa at id ipsum aut in recusandae libero debitis quae voluptatibus molestias deserunt est voluptas unde omnis fugit temporibus maiores soluta mollitia praesentium qui voluptas rem id tenetur rerum id totam sit qui quisquam voluptatem ipsum autem nihil architecto et beatae facere officia minima in consequuntur sed fuga vero et perspiciatis necessitatibus ad ea vitae est sit ut voluptate adipisci unde in commodi voluptate maxime nesciunt quia veniam iusto quia illo natus sed error sit culpa tenetur iste ducimus nisi ad sit unde ut sit natus autem sapiente quo recusandae ex voluptatem quod sed ullam voluptatem cupiditate expedita sit totam corporis molestiae in consequuntur occaecati velit quia autem.', 'vel,odit,id', 'Non aut qui id.', 'fugiat,dicta,exercitationem', 0, 0, '2022-11-05 13:48:28', '2022-11-05 13:48:28', NULL),
(66, 5, 'Ut ipsum culpa.', 'ut-ipsum-culpa', 59861, 531, 9714, 884, 1125, 1208, 1, 'products/03.jpg', '[\"products/02.webp\", \"products/05.webp\"]', 'Et maxime et molestiae impedit voluptate officiis enim consequatur exercitationem quia voluptates omnis dolorem porro alias dignissimos dignissimos unde et doloremque itaque incidunt reiciendis optio sed quis excepturi consequatur voluptates non qui unde officiis veritatis beatae nostrum voluptas in culpa reiciendis quisquam ipsam numquam enim velit minima voluptas reiciendis architecto omnis libero officia quo earum doloremque itaque omnis exercitationem incidunt aspernatur quis ut possimus odio harum officiis temporibus non quas quaerat voluptas vel aut quis molestias inventore quisquam est natus ab eos ut et ducimus enim doloremque enim labore voluptate numquam perferendis autem quos consequatur veritatis illum qui enim perspiciatis expedita eligendi velit dolorem non quis nostrum quasi quia autem harum aliquid assumenda qui sed atque totam ut vero perspiciatis explicabo sunt suscipit odit amet eum ipsum veniam animi sed dolor eius nulla vel voluptates esse dolore et asperiores quibusdam et rerum fugiat culpa aut nihil aperiam placeat sunt quia deleniti odit quos autem voluptatem neque enim facere quisquam cupiditate aut sapiente magnam atque culpa neque eius laudantium dolorem quae quis est omnis ut at quisquam tempore quos ea veritatis consequuntur ratione et culpa et molestiae rem fugiat hic eaque voluptate ea sint officia ut earum dignissimos et error quibusdam non cupiditate dolore ipsam et commodi in dolor accusantium laudantium voluptas incidunt non ab voluptas accusamus nihil reiciendis minima ut ab ut est vero ut ducimus excepturi illum et eum excepturi laboriosam ut ab et cupiditate modi libero recusandae rerum nihil officia libero perspiciatis illum nobis tenetur aspernatur omnis nobis amet et aspernatur ipsa laudantium perferendis nostrum alias quis voluptatum veniam ratione ut saepe modi voluptas rerum nihil rerum ratione quasi omnis voluptatibus nobis nam incidunt saepe.', 'Nostrum tempora cupiditate quia id.', 'Est vel cumque neque hic totam minima occaecati rerum mollitia cumque porro deserunt blanditiis omnis nesciunt praesentium quo sint autem vel explicabo aut sed accusamus temporibus suscipit vel suscipit dolorem quas enim tempora sed consectetur reprehenderit eaque est consequuntur nemo non quo unde rerum aliquid aut nesciunt et est rerum impedit quasi dolorem assumenda explicabo excepturi voluptate eos vel doloribus odio aut sequi dolorum consequatur iure voluptates vel id maiores numquam quo quo quaerat error dolores aut aliquam voluptatem ut placeat non quo quia eum cum sed pariatur sed eaque ducimus omnis temporibus quia sit cupiditate deserunt pariatur eos at sed quo aut natus et neque dolore fuga officiis voluptas quam dolorem qui ipsam praesentium nihil fugiat aspernatur corporis et nam nobis sit est asperiores quo corrupti tempore voluptates est temporibus in quam atque enim atque et sed ipsam aliquid aut incidunt porro nihil totam nam doloremque qui aut doloremque autem saepe officiis quidem dolor nesciunt illum et voluptas alias dolor non cumque quia odit voluptates veniam quia accusamus qui accusamus enim odio sit quaerat quo perspiciatis voluptas molestiae quia sint eius ut totam vero autem voluptas qui qui earum nesciunt hic ullam cum aspernatur necessitatibus nesciunt qui dolor minima aliquid in labore sint qui et ipsum corporis velit totam quidem quo et quia explicabo atque placeat velit dolorem qui eum quibusdam adipisci minima aut voluptatem nisi ut cumque voluptas aut ea eveniet sunt est ut voluptatum explicabo maiores minus quod amet sunt voluptate enim amet deserunt aut consequatur aut ducimus rerum ut id et provident necessitatibus enim et repudiandae quidem necessitatibus quis aut delectus quia numquam quas tempore dolorem eaque magni eius autem enim voluptas deleniti voluptatem molestiae autem non delectus id dignissimos eveniet placeat enim commodi quis et est dolorem eum deserunt est doloribus error molestias tempore dolor consequatur quisquam voluptas esse et et molestias mollitia repudiandae et ullam eligendi sunt in est et autem commodi incidunt dignissimos quia sint placeat doloribus vitae.', 'aut,ut,voluptas', 'Aspernatur pariatur.', 'modi,porro,labore', 0, 1, '2022-11-05 13:48:28', '2022-11-05 13:48:28', NULL),
(67, 9, 'Ea aliquam fuga.', 'ea-aliquam-fuga', 13963, 958, 1220, 8442, 3833, 2549, 1, 'products/03.jpg', '[\"products/02.webp\", \"products/05.webp\"]', 'Facere fugiat beatae doloribus veritatis ad velit dolor ex voluptatem doloremque dolor et quia repudiandae reprehenderit occaecati quia perferendis nemo animi neque eos cumque architecto corporis hic velit a voluptas magni sit iusto totam recusandae dolor non quo est odit harum labore magni iure consequatur libero dolore adipisci consequatur sequi amet rerum natus commodi nemo voluptatem fuga id similique eligendi ipsam voluptatem itaque incidunt quod a quibusdam numquam quia expedita cumque est et aliquam et eligendi quia dolore quis cumque quibusdam nesciunt excepturi suscipit exercitationem mollitia tempora aliquam voluptatem laboriosam eos aut et aut dolor sint omnis aut minima asperiores eligendi numquam sit officiis eos sed harum sapiente dolorem corrupti assumenda aut recusandae modi ut similique atque rem architecto autem officia non explicabo aut eos minima sunt tempore autem similique reprehenderit quasi iure deserunt molestiae pariatur aut est aut voluptatem maiores ipsam dolores labore in numquam ut aut veniam ut asperiores odio ut temporibus et animi excepturi corporis sint doloremque omnis enim molestiae sunt quas laudantium facere deleniti provident voluptate rerum autem quos quam sunt adipisci facilis eius nesciunt molestiae autem ut et facilis pariatur est assumenda cupiditate laboriosam maxime incidunt ea dolores id magnam non placeat voluptatum velit qui cumque aut maxime earum et ad consequatur est eum voluptatem incidunt sint distinctio quasi.', 'Sequi sit pariatur.', 'Rerum dignissimos repellat quia quibusdam quo illo modi commodi reprehenderit enim ducimus quisquam ipsa eos aut aspernatur natus quia recusandae dignissimos optio amet et eum aperiam temporibus ab voluptatibus veniam voluptas aut amet aliquam quisquam minus esse adipisci qui temporibus rerum unde quas odit nihil et est delectus laboriosam illum veniam vitae consequatur omnis sapiente qui cumque adipisci ea molestias aspernatur dolorem omnis ratione facilis ab inventore eaque nobis illo qui provident velit vero distinctio quas ut iste libero sed eaque sunt quia nobis debitis mollitia repudiandae fuga cum odit quis quia ipsa tempora excepturi repellendus consequatur pariatur dolorem ab mollitia et fuga repellendus cupiditate optio iure voluptatem ea et vitae voluptatum illum unde beatae nihil et impedit incidunt expedita reprehenderit sapiente ab corporis dignissimos ipsam in quibusdam consectetur voluptatum reprehenderit quis vel aspernatur itaque animi nulla ut maiores non et error voluptatem similique fuga sit ducimus provident odio quia repudiandae saepe id dolor similique architecto quas eaque iure sunt cum corrupti similique quo enim veniam voluptas omnis minus dolore eaque nulla hic occaecati et quis facilis sint aut tenetur facere sunt aspernatur quod commodi aspernatur aut maxime aut velit delectus sit amet sed vitae commodi voluptatem eveniet voluptates eius tempora suscipit voluptatem porro dolorem ut repellat necessitatibus molestiae placeat cumque dolorum asperiores et facilis explicabo itaque reprehenderit iste qui occaecati et et dolor consequatur occaecati aliquam aperiam quidem vitae qui quia.', 'aut,molestiae,officia', 'Provident quibusdam nemo mollitia.', 'nam,qui,perferendis', 0, 1, '2022-11-05 13:48:28', '2022-11-05 13:48:28', NULL),
(68, 10, 'Maiores rerum est et.', 'maiores-rerum-est-et', 20011, 423, 3026, 7953, 2711, 7625, 0, 'products/03.jpg', '[\"products/02.webp\", \"products/05.webp\"]', 'Possimus optio in fuga et magni non atque quod omnis aut voluptas tempora nulla suscipit fugiat mollitia eum dolores autem exercitationem accusamus iusto vel et et qui rem quia voluptatibus eaque tempore consequatur ratione repudiandae temporibus earum sit ullam ea inventore voluptatem id voluptas asperiores harum ut nihil aspernatur vel illo iure id nesciunt blanditiis vero nihil laboriosam quibusdam sed voluptatum excepturi architecto aut dolor accusamus ullam et quod non praesentium dolorum consequatur sint est consequatur iusto ullam similique sint officiis tempore quo dolore enim possimus cupiditate ad recusandae exercitationem explicabo iusto nisi veniam quod in eius magnam excepturi sunt nihil quisquam aut molestiae deserunt quia debitis ut dolores dolorem reiciendis dolorum qui dolore provident laudantium laboriosam laborum eum fugiat iste consequatur nobis fuga magnam ut quia itaque eum qui quisquam et repudiandae ea tempore ea provident aut id voluptatum non dicta debitis ad expedita et in rerum ex sit porro velit et facilis consequatur aut numquam non voluptatibus quidem ullam aut ea neque reiciendis distinctio veritatis repudiandae nobis minus consequatur nobis saepe rerum est occaecati ipsa voluptates laudantium voluptates quidem labore amet minima ut consequuntur rem provident vero nesciunt deleniti sunt dolorem ab quia voluptas et cumque et aut quibusdam quod explicabo quam temporibus voluptas aperiam beatae aliquid assumenda adipisci.', 'Tenetur consequuntur distinctio a voluptatum.', 'Aliquam autem maiores qui eum magnam eos minus soluta ad consequatur aliquid voluptatem dolores quisquam dolores eaque officiis dolores qui quasi et saepe dignissimos quis quo quidem corporis sunt enim possimus eum labore et molestiae labore voluptas voluptas aut corrupti aut voluptatem sed aut voluptatem minima deserunt quo et quis hic sapiente reiciendis numquam quibusdam architecto necessitatibus aperiam eum dolorem doloremque reiciendis aperiam explicabo assumenda numquam mollitia ut quibusdam nostrum ipsam tenetur laudantium atque rerum dolorem occaecati qui commodi est illum dolor quos accusamus animi unde quia itaque occaecati ab dolorem labore est repellendus quo vero deleniti reprehenderit voluptatem quidem ipsa cum consequatur ut blanditiis consectetur tenetur dolorum qui delectus perferendis quia blanditiis quaerat quas alias quisquam maxime aliquid eos eligendi dolorem omnis pariatur et dolorem recusandae ut sequi aspernatur in molestiae corporis qui iusto in dolores sunt ab aliquam provident dicta voluptate et neque et quibusdam non numquam ut accusantium corrupti consequatur voluptatem iste atque accusamus autem qui labore quo unde ullam omnis omnis tenetur explicabo deserunt recusandae recusandae id officiis eum ducimus suscipit sit provident est adipisci mollitia ut magni aut fugit eum voluptatem id vitae eaque repudiandae id harum repudiandae necessitatibus beatae quos eum sit cumque sequi repellat aliquam ut vero labore unde aut laudantium amet distinctio inventore expedita possimus qui neque velit cupiditate non impedit molestiae rerum enim numquam ipsam aut voluptatibus occaecati temporibus sunt unde rem laboriosam ut voluptatem animi et voluptatem consequuntur eveniet sit dolor voluptas quo ut eveniet dolore hic saepe ratione culpa quas aliquam dolor voluptatum et est at eius libero fugiat esse cupiditate hic vel id expedita minus molestiae in nihil consectetur sunt suscipit nostrum sed autem est voluptas error omnis molestiae aut earum mollitia ex voluptatem aut fuga rerum occaecati delectus dicta dolore quis quis.', 'repellat,earum,et', 'Esse sed incidunt natus aut.', 'in,ab,soluta', 0, 0, '2022-11-05 13:48:28', '2022-11-05 13:48:28', NULL),
(69, 7, 'Amet doloribus commodi quis veniam.', 'amet-doloribus-commodi-quis-veniam', 25139, 468, 1304, 6595, 2170, 2353, 1, 'products/03.jpg', '[\"products/02.webp\", \"products/05.webp\"]', 'Eum odio libero fuga asperiores voluptatem expedita consequatur rerum eos repellat rem id nesciunt perspiciatis eum ea voluptatum in qui ab ratione distinctio illum sed facilis assumenda ipsa pariatur et numquam et architecto iste eum odit accusamus velit voluptas impedit ducimus ut facere et dicta quia repellat eos suscipit praesentium molestias fuga et nihil aperiam et maxime temporibus unde voluptatem et perferendis vero incidunt et quia veritatis consequuntur aut qui voluptate at vel optio corporis ut velit quae illum modi quasi id est in error totam consectetur corrupti sit rerum ad et non consectetur architecto quibusdam nihil quaerat commodi et in nobis incidunt eaque necessitatibus aspernatur odio velit adipisci hic nulla aut sit quia sed voluptates officiis ipsum dignissimos eligendi minus ea beatae hic dolorum animi consequatur dolores minima dicta sapiente dolores rem dolor quisquam ipsa recusandae quasi vero ratione sed omnis voluptates ut iure tempora voluptatem vitae molestias corporis et cumque qui quos quibusdam iure ducimus numquam sunt autem earum cum labore cupiditate hic aut soluta voluptas qui dolorem nostrum necessitatibus occaecati consequatur qui vitae qui dolore voluptates eos aut ipsa minus sit error reiciendis aspernatur voluptas aut incidunt ea ipsam laboriosam assumenda et aut veniam error quo eveniet doloremque odio nemo aut necessitatibus quasi dolorum voluptatem ipsam quia deserunt ducimus occaecati harum non minima vel consequatur consequatur eaque eligendi aut est necessitatibus excepturi cupiditate autem harum sed occaecati officia excepturi sunt ipsam aut dolorem repudiandae molestiae sit voluptatem odit vel error asperiores voluptas et quas ut voluptatem aut sunt aut numquam consequatur sed reiciendis reiciendis iure itaque nesciunt et est error quo perferendis et quis molestias et facilis magni.', 'Adipisci vel quaerat.', 'Nulla sunt illum possimus vel alias eum aut hic non ea quo a porro facere voluptatem quae sint enim molestiae veritatis quo culpa maiores adipisci sunt nulla voluptate molestiae qui consequatur enim non rem quis illum sunt assumenda hic aut sed soluta eos et ipsa labore eos exercitationem expedita aut enim minus ipsam nobis quaerat eos mollitia id voluptatem repellendus est voluptas dolores vel minima ut nihil iusto impedit architecto a sit omnis possimus autem quos in dolores est in voluptate ea at sequi facere quod aperiam magnam asperiores ratione dolorem ad harum autem sed quo aut nesciunt quidem sunt beatae iure eos esse tempore et sequi repellendus sed quam sit sequi repellendus libero nemo vel omnis asperiores quos vel qui consequuntur debitis aliquam quos cupiditate dolores quia nihil ea qui totam dolorum nihil autem reiciendis ratione repudiandae quia quisquam harum cum in a occaecati inventore doloribus autem est ratione occaecati commodi quas ut tempora quasi consequatur delectus dignissimos facilis sequi mollitia quo sequi rem velit numquam doloremque reiciendis ab eligendi voluptatem laudantium tempora officia animi laboriosam quam aliquid qui exercitationem et aut quam eos aliquid consequatur exercitationem incidunt qui non et modi est nihil ducimus modi voluptas nam est voluptatem et harum dolores repudiandae dolorem eos dolorum omnis amet nemo ex qui labore voluptatum similique modi cum quae deserunt eligendi itaque non sed harum ea sed nisi voluptatem nulla quo omnis est possimus mollitia a voluptas in nulla illo aut maxime similique est autem eos fuga quis voluptate cum atque minima provident eum in et minus omnis voluptas numquam vel enim hic dolor harum aliquid qui molestiae suscipit sed qui necessitatibus laborum amet aut minima et quaerat voluptatem ab consequatur asperiores non velit enim quas voluptatibus et omnis ut aut laboriosam qui pariatur eligendi porro quas ut in totam ipsam.', 'ipsa,corporis,dolorum', 'Esse in et ipsum.', 'magni,culpa,eos', 0, 0, '2022-11-05 13:48:28', '2022-11-05 13:48:28', NULL),
(70, 10, 'Quia amet repudiandae.', 'quia-amet-repudiandae', 65131, 363, 773, 9053, 3134, 8235, 1, 'products/03.jpg', '[\"products/02.webp\", \"products/05.webp\"]', 'Quo libero illum dolores vel et eum voluptatem et est eum consectetur dolorum sed quam numquam sit voluptatem ea soluta autem est modi voluptas fuga unde numquam et et ab sint maxime sunt consequuntur magni eius non sit deserunt nisi voluptas quia qui doloribus est et quo accusamus nobis praesentium nam et ut ratione sunt consectetur vero quibusdam deserunt porro similique harum vel est alias illo et magni quis minima praesentium voluptate dignissimos dolor consequuntur eos qui officiis id placeat error autem expedita tenetur odit et harum dolorem nihil ipsum vero cum eius voluptas occaecati voluptates veniam iusto id voluptates nostrum sed magni est earum consequatur excepturi dolor error qui non minima dolor autem hic soluta dolores ipsum quo enim aut et quas ut dolorum libero aut facilis maxime ut natus unde est delectus repellat animi sit praesentium praesentium ducimus est quasi sit beatae et officiis voluptatem mollitia suscipit repellat fugit unde error non est recusandae sit alias sint adipisci magnam animi repudiandae asperiores maiores sit cupiditate voluptatem et quia qui consequatur rerum aperiam eius numquam corporis iste ut omnis sed excepturi dolorem dolorem ullam asperiores dolore voluptatem dignissimos eos fugiat nam distinctio cumque velit ut natus cupiditate labore dicta fugiat sapiente quaerat laborum assumenda.', 'Nulla necessitatibus et eos.', 'Modi nihil eos culpa tenetur voluptas vel earum voluptatem voluptas earum inventore earum dolore debitis dolor eos perferendis omnis aut omnis debitis rerum temporibus qui dicta laboriosam labore magnam qui ex recusandae amet qui repudiandae occaecati aut at velit aut corrupti necessitatibus voluptatem vel autem quidem quam aliquid dignissimos veniam in omnis earum dolor accusamus reiciendis illum rerum rem aut rerum qui minus reiciendis odit eos nostrum vel praesentium facilis est dolorem amet qui ad voluptas ipsa aut quia ab consequatur quis ipsam distinctio et quibusdam quisquam recusandae similique et consequatur animi deserunt omnis a velit eum et libero nostrum libero laboriosam quis et nisi omnis veniam quia quibusdam non eum sunt enim sint reprehenderit molestias sequi earum asperiores accusamus non aut fuga reiciendis optio harum dignissimos voluptates veniam et non dolore eos atque quidem et ea architecto praesentium quisquam amet sed sunt quaerat architecto est accusamus ipsam magni aut tempore et dolor labore et eaque ipsa nam tempore voluptatem quia dolorum asperiores odio nam facilis provident deleniti sint dolor vero sequi ut non enim aut fuga beatae sed et adipisci velit iste soluta est aspernatur dolorem velit optio qui harum fugiat deleniti adipisci tempora tempora saepe sit et fugiat deserunt laudantium aliquam iusto neque architecto eaque quis numquam repellendus id amet voluptatibus earum enim qui dignissimos dolores natus voluptas ut nostrum asperiores quaerat et in sequi quis dolores et expedita placeat omnis odio ut quo sit voluptas id et earum est sit expedita aut nisi culpa consequatur et non adipisci dolor dicta et voluptas magnam cumque et dolorem distinctio ut eum ipsa repellendus sit quo quis perferendis deleniti non dolorem impedit aut perspiciatis qui et officiis laudantium error nulla omnis voluptate exercitationem est enim molestias saepe tempore numquam mollitia qui voluptate libero et assumenda minima rerum repellendus laudantium blanditiis dolorem quibusdam quo temporibus facere laudantium unde qui voluptatum sed molestias tempore dolorem quia et modi eveniet aut tempore magnam aspernatur libero asperiores vel tempore perferendis totam sed ut voluptas ex asperiores magni excepturi repellat sit nemo natus quia quos autem non similique ut sit odit cumque rerum alias ut adipisci aliquid id et aut vel ut in voluptas eaque aut velit ut incidunt reprehenderit et aut dolorem fugit autem.', 'non,vel,ab', 'Dolor explicabo laudantium tenetur mollitia.', 'vel,sit,a', 0, 0, '2022-11-05 13:48:28', '2022-11-05 13:48:28', NULL),
(71, 10, 'Error laudantium veniam odio.', 'error-laudantium-veniam-odio', 93542, 191, 5457, 2836, 7832, 8539, 0, 'products/03.jpg', '[\"products/02.webp\", \"products/05.webp\"]', 'Autem ab sit aliquid veniam explicabo dolor magni dicta placeat mollitia inventore illum corporis natus eius ut vero voluptatibus eaque at modi veritatis porro velit excepturi perferendis mollitia voluptas voluptas voluptates voluptatem nostrum commodi corporis officia architecto culpa corporis labore magnam architecto corporis iste odit et quis assumenda nam aliquid consequatur sequi sit numquam omnis a et eligendi nihil voluptatem dolores magni necessitatibus doloremque quas nulla eligendi voluptatum facere ipsum commodi beatae aut doloribus vel quod velit aut enim provident adipisci aut natus nulla soluta totam eum mollitia error dolor repellat minus rerum quod quo enim impedit assumenda quis nemo sit animi dolores nulla dolore veritatis labore id culpa eaque sequi omnis libero consequatur quae laborum quae suscipit fugiat saepe officia aut iste tenetur qui dolores sed cumque velit eum ea modi aspernatur molestiae doloremque sequi similique doloremque aut natus error est unde est et odio eligendi praesentium et ipsum atque et reiciendis beatae dolores voluptas quae ut adipisci iure ullam sed qui quis aut provident eveniet iure cum neque veritatis non aliquam qui quis repudiandae nostrum non ea accusamus voluptatem similique quia pariatur eius neque eum sint et nam voluptate natus laborum consequatur corporis numquam ipsa odio saepe velit occaecati dolores dolores labore tempora ut error sit amet blanditiis rem quisquam quis rerum iste qui id quisquam inventore et occaecati quia architecto omnis et velit amet qui eum expedita minus accusantium delectus vel animi doloremque quo doloremque fugiat aperiam et reiciendis hic minus sed non illo facere voluptas corporis sed odit id et molestias quibusdam dolores a eos voluptatibus est excepturi molestias iusto et eius quos eum et placeat iure sit rerum dolorem illum ad fuga libero architecto nesciunt ut qui sint labore esse excepturi sunt dolores assumenda sequi cumque eos laudantium omnis ad atque aut repellendus quia aut quos rem doloremque accusamus illo exercitationem qui illum possimus at aperiam quae ut sint odio consequatur facere voluptas veniam perferendis quia vel eaque sapiente aut ut temporibus modi repellat vel deleniti et culpa asperiores molestiae cupiditate deleniti ut voluptatibus ipsa omnis placeat eos deserunt repudiandae expedita officiis autem atque in doloremque porro qui dignissimos cupiditate quis magni adipisci aspernatur vitae ducimus aut cumque unde ad est ullam culpa animi nostrum excepturi qui vero doloremque eos et rem qui esse mollitia amet non deleniti iusto aspernatur error ipsa nam.', 'Voluptatem unde minima.', 'Ut et illum inventore voluptates consectetur totam qui recusandae fuga nostrum unde et ratione earum beatae minus praesentium ullam laudantium voluptas nesciunt rerum perspiciatis fugiat nihil modi ut earum repellat animi voluptas quae deserunt et necessitatibus soluta eligendi ex consequuntur quasi cum quia excepturi in est reprehenderit in sunt fugiat repudiandae eligendi sit odio et occaecati et saepe praesentium dolores deserunt ducimus enim optio cum eos velit qui quis tenetur sed veritatis omnis ut magni vitae veniam excepturi et quasi est velit tenetur sequi exercitationem aut minima est nemo similique atque sunt qui ut ipsum vel quos dolores vel tenetur deleniti veniam et dolores magni ex odio fuga voluptatem architecto dolore praesentium quod rerum id corporis dignissimos unde dolorem et vel quia et beatae exercitationem est quia corporis sapiente excepturi voluptate aspernatur recusandae et aut velit dolor mollitia ad recusandae qui ducimus autem nihil et possimus in quia qui delectus dolorum doloremque quam vitae id veniam tempore voluptatem doloremque numquam maiores aut quae quis vel aspernatur adipisci nam quis eligendi aspernatur aut rerum et veritatis qui perferendis ipsum sit voluptatum neque iusto soluta minus enim et illum consequatur eum mollitia ex alias quasi et illo id ad temporibus ut alias aliquid corporis expedita impedit sunt consequatur ut alias et ut porro quos recusandae accusamus dolorem iure consectetur voluptatem nostrum a debitis rerum dolorum est asperiores atque et sed sit hic repellendus incidunt ex nisi inventore qui ullam earum nam dignissimos autem dolore culpa est ducimus odio libero fugit et quas dolores dicta vitae magni et impedit quo nam qui.', 'magnam,enim,hic', 'Excepturi deserunt expedita.', 'ratione,porro,nihil', 0, 1, '2022-11-05 13:48:28', '2022-11-05 13:48:28', NULL),
(72, 3, 'Expedita necessitatibus numquam fuga.', 'expedita-necessitatibus-numquam-fuga', 30420, 813, 8554, 8710, 4597, 2796, 0, 'products/03.jpg', '[\"products/02.webp\", \"products/05.webp\"]', 'Quos quis similique reiciendis corporis incidunt ad mollitia laudantium magni excepturi perferendis qui quasi est dolore eligendi delectus rem asperiores rem culpa consequatur aspernatur dignissimos aut nobis corrupti sint aperiam debitis pariatur inventore et ut et impedit aliquid et similique cumque tempore ratione iure reiciendis nam aliquid facilis iusto ab eligendi quae beatae pariatur omnis debitis natus alias doloribus delectus nesciunt omnis quia dolor nobis unde cumque recusandae laborum corporis tenetur quibusdam voluptates dolorem temporibus vitae officiis sed ipsum labore consequatur dolores facere voluptates illo quo quia eum excepturi enim ea qui earum totam odit magnam et quia et est excepturi nihil earum voluptates qui sed suscipit nihil accusantium occaecati omnis consequatur aliquid quas maiores dolor et temporibus earum incidunt accusantium veniam alias praesentium sit qui officia quod modi blanditiis ratione dolor et atque id eaque sunt voluptatem repellendus asperiores ullam consequuntur excepturi nihil quae provident quae quis alias fugit culpa porro maxime repellat eligendi hic non deleniti aliquam veritatis quia soluta nobis quia at aut excepturi rem atque neque ad earum veniam et voluptatem quis reiciendis tempore ea ea et facere facere est harum est iste aut dolor dolorem et molestias at quia quis saepe occaecati aliquam laborum amet iste enim et doloremque quia quisquam labore placeat eaque aut reiciendis quo dicta voluptatem omnis sit quia vero ipsam iusto ad delectus et reiciendis enim aliquam eum aspernatur aut eaque optio facilis nobis sunt suscipit cupiditate deleniti facilis minima architecto tempora vero omnis voluptas laborum ut fuga totam molestiae ut iusto voluptates voluptas et et et sed magni est error voluptatem libero enim exercitationem non eum eaque ducimus optio autem harum quod tempore rerum doloremque est autem deleniti minus repellat sit rerum rerum ut numquam animi enim sed autem perspiciatis possimus consequuntur consequatur asperiores molestiae eius distinctio doloremque maiores autem alias voluptatem voluptas expedita id saepe sapiente perferendis enim sapiente praesentium impedit laboriosam doloremque facilis sint saepe repellendus et illum quidem corrupti sed nam eos pariatur sint aut repellendus assumenda odio delectus eaque et aliquid facilis sit.', 'Ullam delectus beatae.', 'Iure consequuntur et aut animi repellendus possimus qui numquam dolor dolore et doloribus omnis suscipit corporis voluptate est vel distinctio quo itaque placeat est pariatur sit facilis laborum sequi voluptate beatae reiciendis eum consequatur necessitatibus quibusdam soluta maiores voluptatum exercitationem tenetur porro est temporibus aut accusantium aspernatur doloremque nihil velit quaerat harum ea eaque aspernatur nam et dolores sunt nisi dolor voluptate quisquam incidunt minus necessitatibus non ipsam quis blanditiis magni cumque labore nulla provident aut ex recusandae excepturi animi molestiae quis dolore incidunt eum vitae accusantium accusamus doloribus unde dicta reprehenderit accusamus itaque ipsam quod quam ea non nulla aperiam odio quas magni est et dolor voluptatum nihil quaerat consequatur itaque quisquam molestiae voluptatem dolorem repellat numquam eum nihil ipsam ea quidem dolor suscipit accusamus sapiente suscipit amet dolores quis eveniet eos non accusantium officiis quasi dolores omnis explicabo in sit commodi itaque dolorem corporis iusto repudiandae recusandae et qui et qui harum dolores et qui et enim voluptas repellat consectetur qui est velit suscipit voluptas explicabo nemo corrupti non illo quia alias dolor in veritatis debitis laborum provident voluptas quibusdam optio et corporis ratione animi et adipisci modi laudantium praesentium aliquam quis repudiandae quia ipsum exercitationem veniam dolores corporis tempore impedit id hic voluptates quisquam mollitia ad quidem ipsum tempora quia et provident animi fugiat est omnis fugiat et blanditiis in odit ut enim provident sit laboriosam distinctio molestiae enim ea blanditiis voluptate doloremque sed velit nisi et cum et qui ea quaerat explicabo rerum quia ut dolores illum ad ut quia ut dolor doloribus consequatur exercitationem earum nemo saepe minima atque ipsum aut sint cumque nesciunt aliquid eius accusantium consequatur est voluptatem perspiciatis quae sint nostrum commodi velit eos et et vitae tempora odit consectetur illum omnis sint modi accusantium veniam praesentium unde dolorum natus atque omnis temporibus veritatis rem et quasi quia adipisci et at sunt molestiae amet quia et maxime fugit vitae et dolores voluptas ut iure facere at voluptas quo repudiandae rerum ullam aperiam dolores perferendis rerum eos enim voluptatum reprehenderit nostrum porro quasi sint qui unde officia qui voluptas et exercitationem voluptatem explicabo rerum tempora rerum et voluptatem rerum nihil sed in dignissimos sint aut distinctio cumque ad a distinctio.', 'non,aspernatur,quos', 'Assumenda reiciendis quia.', 'et,ipsam,ratione', 0, 1, '2022-11-05 13:48:28', '2022-11-05 13:48:28', NULL),
(73, 5, 'Id modi.', 'id-modi', 27684, 158, 2837, 9820, 4251, 5382, 0, 'products/03.jpg', '[\"products/02.webp\", \"products/05.webp\"]', 'Qui illo atque officiis voluptates fugit minus libero tempore quia consequatur totam odio rerum exercitationem eius cum libero illum voluptate et quidem velit odit architecto minima assumenda iusto porro doloribus non quo ex dolor et quia itaque accusamus et hic similique dolor libero provident ullam blanditiis ad consequatur aliquid sed unde repellendus et veniam ad eius architecto quia labore aperiam eos aperiam error sed provident ut quasi quia est fugit repellendus beatae consequatur et qui eum enim quibusdam aut quia voluptatem cum nemo unde dolorem fugit ex eaque rerum et quod optio in rerum exercitationem dolorem quo voluptas aut tempore provident perferendis suscipit inventore aspernatur voluptates autem accusantium molestiae dolorem blanditiis labore ut quo dolorem expedita porro quasi dolorem exercitationem aut eaque debitis quam dicta et quaerat sunt ab quia aut laboriosam in aut sed incidunt ipsum aperiam expedita omnis unde delectus neque dolorum illum hic porro non dignissimos eum aut harum veniam dignissimos et non officia et aut unde voluptatem omnis eos tempora voluptas voluptatem eum quam necessitatibus placeat ab ea odio consequatur ipsam qui expedita dolor commodi deleniti nobis ipsa ratione dolores saepe odio consequuntur occaecati voluptates laboriosam autem sit et et porro dolores dignissimos rerum quidem aut libero eos dignissimos eum rerum minus amet quia minus cum hic beatae dolorum cum quod animi est sed molestiae nihil tempora quo voluptates asperiores quidem voluptas velit dolorem sunt placeat occaecati perspiciatis quis aspernatur atque repudiandae repudiandae voluptates quae est qui neque qui voluptas quia fugiat nihil quidem reiciendis pariatur blanditiis natus consectetur ea ad dolor nam velit aliquid quae dolores numquam accusantium nihil expedita adipisci laborum cum quia totam eaque vero molestiae quaerat eaque molestiae ea sint dolorum architecto odio magnam et laborum repudiandae perferendis aperiam aperiam dignissimos excepturi rerum rerum debitis hic possimus id sapiente temporibus fugit et quibusdam quasi quibusdam quaerat dolorem reprehenderit sit nihil et odit id veritatis eius architecto iste laboriosam ut nihil voluptatem minima omnis illo ut aut doloribus voluptatem temporibus et quis expedita quaerat.', 'Ullam veniam placeat.', 'Esse temporibus placeat dolorum expedita facilis repudiandae laborum et sint ea nesciunt amet architecto qui dolores quia rerum a vel fugit reprehenderit laborum est quia est officia nam inventore saepe sed porro dolor facere perferendis et in sapiente et quis tenetur omnis deleniti aliquam fuga praesentium deleniti quis est est perferendis tempore autem consequatur qui incidunt optio a maxime recusandae officia labore quisquam mollitia et consequatur et explicabo excepturi temporibus cumque maiores exercitationem enim perferendis iure magni illum est maxime occaecati atque sit corrupti magni cupiditate cumque quia corporis dolores unde recusandae ut exercitationem molestias architecto officia vero doloremque et quis sunt dolorem laborum explicabo nulla voluptatum eum ut itaque officia numquam labore et expedita corrupti laborum eligendi libero fugiat et et totam minima facilis impedit nulla quae explicabo totam suscipit quis placeat temporibus numquam est est velit rem asperiores qui doloribus enim expedita delectus iusto voluptatibus veritatis eum unde voluptates fuga ut consequatur soluta sit fugit esse enim enim fugiat aut aut rerum maiores et ipsa occaecati consectetur vel vel et doloribus nulla deleniti rerum eaque corrupti dolores consequuntur quia tempore nihil iusto aut ullam sed impedit eligendi exercitationem autem cum necessitatibus rem repellendus odio numquam reiciendis tenetur autem architecto animi est harum voluptatem id omnis vel et perspiciatis quis magni fugiat in non in est tenetur maxime autem non ut ducimus voluptas eos natus sed asperiores autem pariatur corporis laboriosam ipsum qui dolore fugit rem nesciunt cum hic quos debitis voluptate et reiciendis aut quisquam iure placeat voluptatem quibusdam laborum perferendis facilis aspernatur voluptatem itaque voluptates aliquam fugiat blanditiis id quas ut dolores.', 'blanditiis,consequatur,non', 'Quaerat qui et numquam.', 'dolorem,quibusdam,non', 0, 1, '2022-11-05 13:48:28', '2022-11-05 13:48:28', NULL),
(74, 5, 'Voluptas et ad ab ab.', 'voluptas-et-ad-ab-ab', 22192, 599, 4830, 6198, 6836, 8904, 1, 'products/03.jpg', '[\"products/02.webp\", \"products/05.webp\"]', 'Mollitia debitis cupiditate tenetur amet debitis sit soluta ut repudiandae eos et suscipit aut dolores voluptas tenetur et eius porro quos quia quibusdam fugit suscipit maxime iure dolores sunt et id ratione et et quo et ex dolores voluptatem rem enim tenetur ipsa nam reiciendis molestias ut aut occaecati voluptate ratione enim perspiciatis molestias repellendus deleniti vitae quia magni possimus harum dolor voluptate officiis error ut iste dolorem quo aperiam blanditiis excepturi voluptate et nam aperiam adipisci accusantium libero nobis et ducimus commodi cumque non est illum sint neque veritatis quam qui autem voluptas accusamus qui nihil dolores iste eligendi quia sint voluptate assumenda quaerat deleniti repellat ut error soluta sequi et voluptate suscipit eos qui et cupiditate temporibus quidem non sed fugiat sed minima natus aut hic laboriosam ipsa atque illum minima ex cumque in fugiat architecto inventore rerum eos nisi commodi incidunt dolorum id debitis omnis autem sed voluptas dolorum quae minus vero excepturi repudiandae dolore facere architecto soluta vero quod ea mollitia aut natus reprehenderit distinctio dolores minus a tenetur beatae placeat praesentium at excepturi eveniet facilis eligendi voluptatibus ut incidunt qui nobis laborum sit aut repudiandae et eos facilis molestias nostrum repellendus provident veniam est autem ratione accusamus quia sed ea iure voluptatem hic quia ea cumque ipsam dolorem alias dolor aut similique adipisci velit perferendis laborum cum beatae est assumenda fugiat id rerum tempora quam eos nulla quidem sed eum aut at amet reiciendis quod aut itaque nisi quis non illo consequuntur aperiam vitae sint officia et ducimus dicta aliquid assumenda recusandae consequatur dolorem similique fugit consequatur similique eligendi deserunt autem nesciunt repellendus soluta quidem autem in quia et dicta tempora molestiae et voluptatem mollitia aliquid distinctio sunt possimus vero adipisci in debitis vitae non et veniam voluptas ad nulla non architecto adipisci voluptas voluptatem dolor magni et ad totam est enim ea dolores eligendi cum eveniet officia nemo voluptatum et nisi quo dicta ipsa facere dolores dolor modi molestiae tempore non maxime a est doloremque sed et voluptatem ut est qui assumenda explicabo impedit et incidunt quidem aperiam voluptates ut eius ea voluptas iste aut id ut aut enim dolores nesciunt soluta neque earum voluptatem dolor neque consequatur aperiam illo ut eos rerum consequatur ducimus vitae quo eius excepturi sit consectetur qui dolor deserunt et culpa hic voluptates asperiores quo dolorem molestiae occaecati quo omnis mollitia praesentium enim repellat aut cum.', 'Architecto est voluptates.', 'In ut facere voluptas consequatur facere pariatur ullam quibusdam numquam ad aut quis vitae est a aliquid ut ea nulla est ipsam quia cupiditate dicta nisi dolor ad ut velit est qui beatae quos sit voluptatibus aliquam dignissimos aliquam dolores veniam aliquid expedita non itaque nostrum dolore quaerat eum cumque tenetur dolor autem reprehenderit qui minus soluta soluta natus libero deleniti in similique et nihil eum qui dignissimos fugit doloribus quia adipisci sequi rem qui eius praesentium suscipit inventore nihil nemo officia est aut voluptates et similique sed nam ex et voluptas ex hic odio distinctio labore numquam aliquam et eaque expedita velit sed ut voluptas quibusdam recusandae voluptatibus consequuntur placeat ut vel repellendus porro rem voluptatum odio est nostrum laborum et nisi aut occaecati minus at laboriosam ipsa est qui aut minus sit tempora quaerat neque enim suscipit maiores libero et minima quo dolores distinctio id ea dignissimos porro non sit natus in eius magnam illum sequi pariatur autem vero enim mollitia sit laboriosam quam earum occaecati hic saepe laboriosam maxime quae corrupti aut nihil amet placeat eos porro ab molestias est rem odit explicabo enim perspiciatis in et laboriosam sapiente quod autem corporis maxime aspernatur exercitationem officia laboriosam laborum a iusto ad sit itaque nihil similique quia qui cum facilis harum et soluta molestias voluptas provident adipisci reiciendis voluptas laborum officiis sint neque qui excepturi fugiat vel qui quia quis voluptatibus beatae officia maxime magnam et nihil laboriosam quasi maiores voluptatum dolorem distinctio illo ut blanditiis et voluptatem repellat illum et quos non quia sit qui quia officia quasi inventore esse beatae quod qui ratione voluptas nostrum autem dolores aliquid doloribus minima qui sunt nihil tempore officiis recusandae accusamus tempora nesciunt assumenda rem aut non voluptates ipsa eum corporis nulla aliquam ut et dolor eos dolores provident voluptatem impedit cupiditate soluta dolores labore dolorem molestias iure similique culpa minus quisquam fuga eum laudantium dignissimos praesentium veritatis fugit ut similique vel facere recusandae sed quas ipsum eveniet blanditiis vel voluptates et qui sed quia qui maiores unde facere facere provident tenetur rem delectus quis fugiat.', 'fuga,quia,ipsam', 'Sit tempore saepe rerum.', 'eum,eligendi,qui', 0, 1, '2022-11-05 13:48:28', '2022-11-05 13:48:28', NULL),
(75, 10, 'Ducimus odit corrupti.', 'ducimus-odit-corrupti', 52676, 532, 728, 4009, 6554, 7010, 0, 'products/03.jpg', '[\"products/02.webp\", \"products/05.webp\"]', 'Soluta veniam a velit rerum eos facilis occaecati perferendis alias sit quasi omnis cupiditate nostrum numquam ut sapiente ab voluptatem quidem esse eveniet officia distinctio qui consequuntur quidem dolorum corporis hic sunt eos molestiae omnis qui rerum quia consequatur omnis quo dolorem aut optio nihil esse modi cumque voluptatem voluptatem nostrum quam dolores aut voluptates quae nihil et tempora odio impedit molestiae adipisci nesciunt omnis pariatur dolore vitae omnis et in dolorem veniam minus molestiae qui temporibus quia atque officia qui suscipit dolores deserunt incidunt dignissimos rerum voluptatem ut dolorum unde beatae quod sit id ut ratione qui assumenda sit ipsum quam minima similique voluptatum vero quas in vel cupiditate laboriosam assumenda sit recusandae eaque deleniti et voluptates et natus quia corporis et repellendus est dolor culpa fugiat aliquid similique et non consequatur ullam qui atque voluptatem omnis quos quia et quia et eligendi corporis numquam et culpa cum veritatis odit error iste omnis nihil praesentium a officia iure veniam quia inventore animi harum occaecati temporibus voluptatum dolores aliquid cumque debitis nesciunt accusamus neque velit quisquam qui aut dolores esse fuga explicabo tempora sunt unde quidem quae eos quia sapiente dignissimos tempore at quo iure est est qui maxime ullam suscipit dolorem qui et a quas minus dignissimos quibusdam accusantium est natus magnam molestias in dolorem sed ut quibusdam et voluptas est sunt maxime aut aut et et omnis dolor veritatis quis maxime provident labore cupiditate similique illum quasi eveniet velit ut voluptates impedit enim quis magni quibusdam recusandae vero laudantium voluptatem harum possimus quae quibusdam accusamus dolor veritatis exercitationem libero dolorem velit est officiis voluptatibus rem officia pariatur amet reprehenderit dolor qui animi id nulla voluptatem nam itaque quia.', 'Voluptatem qui magni provident.', 'Ducimus ad possimus dolores quos et occaecati dicta repellendus fuga aliquam ad consequatur harum est dolores ipsam eum eos tempora consequatur modi et nesciunt rerum corrupti et debitis et similique maiores delectus sequi ipsa fuga veritatis ipsum voluptate veniam similique sint nesciunt neque aut hic id aut cum ipsa quis culpa sit voluptatem consequuntur dolor voluptas mollitia laboriosam autem architecto facere quos dignissimos ut eius rerum delectus aliquam iusto tenetur quam quisquam ducimus aut molestias earum tempora reprehenderit molestias dignissimos ut fuga alias aut possimus qui molestias et dolores aut voluptas nobis dolor amet iste quas dolores ab cumque dolor nemo placeat aliquid doloremque ipsa totam tempora doloremque delectus veniam doloremque quia sed illo ipsam et cum molestiae qui reiciendis placeat excepturi error atque totam quaerat et iste facere accusamus modi ut facere est dolores enim quis eos deserunt nemo atque vel amet et consequatur voluptatem nobis facilis quis ut ut similique ut expedita magnam excepturi molestiae error inventore nesciunt voluptate molestiae eligendi vero harum beatae reprehenderit occaecati omnis repudiandae aut officiis sit voluptas rerum sed exercitationem aspernatur quas quibusdam architecto quasi vel est ut quis quod culpa tempora aperiam recusandae ad qui maxime ut corporis quas dolorum nihil sint quasi dolorem sit molestias quidem id delectus praesentium voluptatem molestias placeat accusamus quibusdam doloremque non ullam saepe ex qui in cupiditate nihil laboriosam blanditiis at molestias sit corrupti minus error id unde blanditiis aut labore accusantium deserunt quas quo eius fugiat exercitationem et repudiandae libero in mollitia voluptas a dolores tenetur culpa quae temporibus similique ipsam odit dignissimos sunt consectetur quas ducimus enim sit sint aut sequi harum voluptatem ex aut sapiente aspernatur amet.', 'a,incidunt,iusto', 'Inventore reprehenderit vitae.', 'ut,veniam,aut', 0, 0, '2022-11-05 13:48:28', '2022-11-05 13:48:28', NULL);
INSERT INTO `products` (`id`, `category_id`, `name0`, `slug`, `price`, `size`, `thc`, `cbd`, `sku`, `discount`, `discount_enable`, `img_main`, `images`, `description`, `title_seo`, `description_seo`, `keywords`, `plant_type`, `effects`, `rating`, `is_published`, `created_at`, `updated_at`, `deleted_at`) VALUES
(76, 10, 'In sed mollitia tempore.', 'in-sed-mollitia-tempore', 16710, 222, 6419, 1220, 1620, 7027, 0, 'products/03.jpg', '[\"products/02.webp\", \"products/05.webp\"]', 'Id dolorem omnis esse est expedita et aut ad cupiditate nihil veritatis deserunt fuga qui sapiente amet quia dolorem nemo voluptatem consectetur voluptatum alias cum enim reiciendis ipsa voluptatibus dicta at est molestiae soluta tenetur at qui officiis natus voluptates officiis placeat magnam tenetur doloremque minus qui quo possimus a quos voluptatem veniam ut ipsa molestiae autem quia ut sed quia ratione quisquam eligendi aut ipsa ut debitis fuga atque iste animi ratione maiores omnis alias est soluta et consectetur cupiditate aut explicabo aut eos beatae voluptas reprehenderit et et facere totam quia vitae earum consectetur et beatae ea dolorum molestiae asperiores in occaecati enim consequatur hic a est illo doloremque consequuntur qui explicabo doloremque recusandae occaecati architecto voluptas qui nostrum et culpa et consectetur voluptate enim quam aut ipsam totam dolores quis labore illo qui corporis eligendi eaque velit a culpa ipsam facere accusantium dolorem facilis fugiat velit pariatur inventore quibusdam labore culpa et neque dicta ad error autem quis voluptas voluptates iste et est facilis provident aliquam quos autem occaecati occaecati et ipsa quas minus ratione repellendus sed harum porro et iusto commodi id vero itaque aut doloremque dolores et repudiandae enim ut ratione ullam beatae dolor odit est itaque sunt minima deserunt vitae magnam voluptate laboriosam autem eos quibusdam dolor alias ut facere deleniti eligendi at distinctio accusamus consequatur sunt qui consectetur delectus consequatur qui incidunt eveniet eaque qui reprehenderit omnis est magnam ducimus laboriosam libero aliquid doloribus architecto nihil et sit quisquam fugiat omnis eaque mollitia ratione dolorem et quia voluptas iure eos dolore alias dolores iure ratione sunt eligendi blanditiis officiis deleniti consectetur harum ut et numquam odit non maxime quo quia voluptas qui corrupti aperiam deserunt qui non repellendus alias ut veritatis blanditiis eaque esse dolor quos ut debitis sit ipsum quo aut voluptas omnis fugit itaque et suscipit suscipit et in nesciunt consectetur recusandae distinctio rerum deserunt molestiae aliquam mollitia eum id est tenetur dolor.', 'Facere autem dolor sit.', 'A nihil tempore quis repudiandae ut maxime facilis a qui totam similique explicabo magnam modi eligendi sed qui doloremque esse unde impedit ratione quam eos assumenda quo quasi est accusantium minima quisquam et nam quia et ipsa ut deleniti tenetur ullam quod laudantium exercitationem deserunt ut porro temporibus deleniti est qui facere ducimus veritatis commodi officia modi quasi modi amet mollitia reprehenderit temporibus cum ab voluptas nemo quis amet inventore numquam voluptatem iusto eum ut aut voluptatum et consequatur iste et occaecati ut et dolores voluptatem dolores nostrum maiores commodi architecto vel porro voluptas voluptatem at quisquam et enim neque vero unde aut et explicabo quisquam et quia autem aperiam quo laborum veritatis tenetur voluptas sit accusamus fugiat officiis at quisquam deserunt sunt similique ea earum aut quisquam ipsa quas nostrum tempore et odio omnis qui maxime aut cum reprehenderit non quasi in eum at quia magnam officia aperiam reiciendis officiis voluptatem dolorem impedit nam dignissimos voluptatem atque quia soluta sed earum occaecati aut accusamus voluptatibus tenetur dicta debitis quasi et vel corrupti voluptates suscipit neque harum voluptas labore quasi sapiente eveniet est sed sit et officia at minus sint dolorem in enim corrupti ipsa nostrum nam neque consequuntur assumenda voluptatem rem dolores quia sint voluptates sed mollitia ab est ut ut voluptatem dolorem recusandae ut qui rerum non sit iusto nesciunt nostrum repudiandae aperiam est corrupti ad exercitationem ab dolorem architecto voluptas dolores saepe eligendi omnis sequi ipsum numquam porro ipsa culpa sed laudantium quia distinctio recusandae maiores id harum blanditiis in quia aliquid temporibus doloremque est fugit natus deleniti itaque assumenda unde est quo autem vitae maxime dolores hic porro dolore expedita magni tempore ut quisquam reiciendis ad in ea distinctio blanditiis quae possimus unde aut earum incidunt et eum quis veritatis quia est libero velit magni illo quia ut eligendi dolor esse voluptas dolor qui mollitia consequatur harum laudantium voluptatem autem earum et quo est voluptate omnis accusamus ea sint nisi doloremque dolor eum qui qui maiores sed repudiandae quisquam eos nostrum et temporibus odio ut numquam excepturi provident voluptatibus doloremque odio dolorem.', 'aut,magnam,enim', 'Est soluta nam est.', 'quas,quas,soluta', 0, 1, '2022-11-05 13:48:28', '2022-11-05 13:48:28', NULL),
(77, 6, 'Et sunt beatae porro.', 'et-sunt-beatae-porro', 32311, 277, 2345, 5620, 8914, 3009, 1, 'products/03.jpg', '[\"products/02.webp\", \"products/05.webp\"]', 'Accusantium aliquid modi aperiam dolor quia quos exercitationem impedit non asperiores et nihil voluptas repellendus quis quos modi sequi debitis accusamus officia ad molestias laudantium sint officia rerum corrupti nulla iusto sed deleniti architecto eveniet atque illum aut ut doloremque et blanditiis dolor aut et id labore voluptas necessitatibus corrupti odio officia ratione tenetur necessitatibus consequatur provident laboriosam quidem quia sit aut impedit libero qui animi sit non doloribus pariatur in asperiores aut et iusto sunt natus enim magni ea vel assumenda est in qui culpa totam rerum non dolorem soluta et consequatur dolore nostrum ut laboriosam optio quos vitae culpa ad ullam quasi molestias debitis sapiente non alias aliquid facere adipisci non expedita beatae et nesciunt non facilis aut unde deserunt non et aut dolorem asperiores pariatur placeat aliquam voluptates doloribus reprehenderit et optio voluptatem odit neque enim tempore ut adipisci sed recusandae quae pariatur odio quidem quo deserunt odit in sed eos velit rem sunt molestias neque et quos sapiente quo eaque vel ratione provident eos laboriosam vitae aliquid voluptatem fuga laboriosam non aut eum vel natus quisquam id eveniet sed harum inventore nemo quis non corporis soluta dignissimos et corporis.', 'Ut et earum.', 'Sapiente voluptatem doloremque odio commodi quo dicta est maxime fugit harum deleniti maiores dolores ab aut dolor nostrum qui aliquam modi ipsam est eligendi fuga quam fugiat similique quos sunt eum et aut exercitationem natus id fuga ut minima aliquid neque qui id non cumque repellat numquam quis eligendi voluptas odio eveniet provident debitis sunt sed quas veritatis quo eius laboriosam qui ea porro voluptatem vel laborum sint consequatur consectetur consequuntur rerum asperiores ad et sit dolores molestias officia ut at aut aut molestias voluptatem eaque sit adipisci unde quas atque doloremque deserunt consectetur quis officiis porro asperiores sapiente illum delectus et facere dolores totam ut repudiandae rem placeat quo id laboriosam non dignissimos sit dolor id tempora et qui vero dolor et est expedita vel dolore tempore reiciendis velit quia harum ut impedit esse quos fugiat dolor asperiores soluta nemo laudantium blanditiis voluptatum nihil magni quis perferendis dolorum deleniti suscipit similique quas sunt molestiae temporibus cupiditate perspiciatis officia doloremque dignissimos corrupti voluptatem eveniet consequatur quasi rerum doloribus fugiat doloremque occaecati fugiat consectetur et quod commodi quia sit perferendis expedita enim neque quisquam est eum laborum cupiditate veniam ut magnam itaque aperiam qui at et animi et et dolor eaque deleniti ratione est placeat quia dolorem rerum totam consequatur quaerat voluptas necessitatibus enim exercitationem praesentium enim quidem non mollitia consequatur sint velit impedit voluptas quia enim nemo pariatur officia et omnis et perferendis esse tenetur doloribus in doloribus quia soluta ut quia magnam consequatur reprehenderit voluptas itaque ratione qui ab illo ipsum quidem sint sunt odit numquam accusantium velit.', 'ipsa,officiis,dolorum', 'Sed sint labore rerum.', 'molestiae,ex,adipisci', 0, 0, '2022-11-05 13:48:28', '2022-11-05 13:48:28', NULL),
(78, 9, 'Dolore distinctio error quidem.', 'dolore-distinctio-error-quidem', 70399, 488, 6880, 1651, 9706, 7802, 1, 'products/03.jpg', '[\"products/02.webp\", \"products/05.webp\"]', 'Commodi veniam delectus amet fugit numquam et placeat ut nostrum tempora voluptatem hic fuga excepturi velit odit tenetur quas occaecati dolorem suscipit dolorem optio voluptatem repudiandae iste rerum error quod ea molestiae totam aperiam sequi vel quos exercitationem quae temporibus exercitationem debitis est doloribus et qui eveniet dicta quam ut voluptatem nemo non unde qui omnis molestiae quam sint et et dolorem maxime alias voluptas distinctio quaerat repellat quia culpa assumenda sunt officiis corrupti sint voluptatibus et velit vitae minima commodi quam est aut et cum vitae autem nesciunt aut unde deleniti pariatur consequatur in aut qui voluptas sed quasi sint sit voluptas voluptatibus ea dolor recusandae nostrum molestiae vel et tenetur doloribus explicabo voluptatum asperiores saepe qui unde nihil error totam aut eos quisquam et cum culpa saepe aperiam et vel culpa et ipsam qui rem eum voluptas odit voluptatem nihil eaque ut id aut hic voluptatem ut iure culpa dicta enim dolores quo totam magni esse fugiat quasi error sequi sunt ullam aut impedit odit libero quisquam quae aut non esse aut porro earum est quae quae et officia natus reprehenderit ipsa veniam veritatis sunt laborum voluptas at ducimus modi recusandae et repellendus est molestias commodi atque velit commodi ea sit dolores et eum distinctio sunt sunt et consequatur amet voluptatem excepturi inventore voluptatem harum dolorem quia aut asperiores voluptas aliquid rerum nihil dolor eveniet quibusdam consequatur sed in eum omnis quos est dolor aliquid beatae deleniti aut est provident pariatur est et aut id facilis commodi velit dolor voluptatem quia aperiam quo ipsam at a fuga praesentium dolores sequi quia officiis id qui et quos modi aliquam perferendis molestiae aut sit non est non veniam soluta est ut consectetur recusandae harum et nisi hic necessitatibus fugit est culpa provident ex debitis sapiente fugiat est praesentium animi aperiam ut at sit illum.', 'Sapiente itaque est dolor.', 'Dolor facilis suscipit quas officiis nisi similique omnis atque accusantium numquam tempore in consequuntur blanditiis facilis quis necessitatibus excepturi et repudiandae est tempora autem aut non ad ipsum impedit voluptatem ut est mollitia ex maxime et suscipit architecto libero ut repellat autem vero totam aliquam laborum fugit deserunt sit minus doloremque consequatur pariatur nostrum quia qui aliquam eum est consequatur voluptatem aperiam ea nihil atque error rem inventore et necessitatibus nihil dolores tempora quisquam labore eaque alias commodi facilis eum dolores est vero voluptatem ut aliquam et nemo exercitationem maxime reiciendis non corporis ea nihil assumenda illo accusamus illum qui voluptatem excepturi qui est dolorum aut explicabo vitae culpa distinctio aut consequatur voluptatem doloremque tenetur repudiandae veritatis non in totam nulla consequatur sint fuga nemo officia dolore fugit cumque modi tenetur laboriosam nihil eos sed cupiditate atque ut ut fugit laudantium suscipit et ullam qui sint odio harum quam non recusandae ea omnis temporibus dolor tenetur ullam ipsam amet est perspiciatis ratione officiis quia possimus et dolores asperiores in hic harum dolore exercitationem dolores minus sit pariatur molestias ut consequatur hic facilis numquam laudantium aspernatur praesentium voluptas aut facere aut in odio ut rerum magni voluptatem inventore est quam in magnam accusantium nihil vel in ipsa qui sunt excepturi dolore incidunt ab dolores sunt voluptatem sint officia expedita iste non voluptatum eum ipsa earum et nisi consectetur magnam eos dolore est illum aut sit cum et quos dolores quasi et ad quae adipisci atque recusandae ab dolorem cupiditate eius ut consequuntur temporibus placeat ut et maiores voluptatem expedita consequatur explicabo quia ipsum voluptatem molestias optio libero deleniti minus sint sunt blanditiis consequatur saepe corrupti voluptatem quae accusantium incidunt voluptatibus iusto ad eos at dolores quia odio nihil iure aut atque placeat minus quo aut eos in impedit et ut sint voluptates deleniti quis et eos in ut id sit consequatur nihil voluptatem beatae ut aliquam quam et dolorum provident eaque in iusto.', 'quo,quia,ut', 'Sit aliquid sint.', 'beatae,magnam,itaque', 0, 0, '2022-11-05 13:48:28', '2022-11-05 13:48:28', NULL),
(79, 10, 'Atque numquam at nesciunt.', 'atque-numquam-at-nesciunt', 30147, 247, 1294, 5331, 7087, 5676, 0, 'products/03.jpg', '[\"products/02.webp\", \"products/05.webp\"]', 'Minus illo est unde in aliquam amet quia quidem perspiciatis tenetur laborum expedita quis ut quo ipsam eos accusantium esse minima laborum explicabo voluptate perspiciatis cum atque quo nostrum laborum a dignissimos et non hic voluptate molestias vero aut vel tenetur dolor harum fuga nulla qui est corporis occaecati veritatis non voluptates autem aut adipisci rem veritatis expedita voluptatum sit atque quia qui culpa voluptas culpa dicta cumque non quibusdam qui fugiat impedit atque alias recusandae ratione eum sint placeat mollitia eveniet ipsa culpa reiciendis sequi molestiae delectus veniam consequatur voluptatem tempora ad commodi atque voluptates maiores quaerat ex dolorem maiores minus corrupti rerum quos quisquam magni et in rerum omnis in molestiae ducimus doloremque sint voluptas natus quis aliquid est sit delectus sed voluptatibus voluptatem qui itaque et dignissimos omnis pariatur qui omnis nisi eius et quia laboriosam eligendi exercitationem est cumque in sit eum itaque provident porro voluptatibus molestiae occaecati sint consequatur voluptatem est necessitatibus deleniti qui delectus ad beatae expedita aspernatur sint eos qui quia sunt numquam nam maxime eaque dolores qui illo occaecati architecto qui consectetur totam alias quia officia consequatur laudantium tempore qui facilis consectetur magni amet quia illum beatae est cum non consequatur et velit sapiente corrupti magnam excepturi sunt ratione nesciunt tempora facere sequi laboriosam velit adipisci quisquam alias et ut recusandae ut saepe ut ut ut molestiae architecto ad architecto est sed laborum accusamus praesentium excepturi inventore tenetur velit quis dolorem illo sint facilis reiciendis aut sit vitae accusamus itaque quidem harum molestiae doloribus ipsum consectetur nihil quaerat veniam voluptas eligendi unde et ipsum nulla eum exercitationem quam facere qui qui dolorem at quo et sed amet dolores sed adipisci iste soluta magnam aliquid perspiciatis dolorem et ipsa molestiae fuga officiis asperiores eos officia dolorem saepe beatae qui voluptatum unde expedita saepe dolorum ex itaque quis inventore quia magni officiis in dolorum illum a laboriosam facilis aliquid ipsa delectus quis ullam molestiae eveniet natus sit in quia consequuntur expedita magnam delectus et repellendus adipisci sed et.', 'Accusantium molestiae est qui.', 'Qui non praesentium accusamus omnis quam dolorem voluptatem iusto neque autem harum doloribus minima voluptatibus perferendis similique vitae pariatur mollitia est voluptatem molestias laboriosam mollitia doloremque veniam et eius qui recusandae ea reprehenderit enim aut nam rerum et iusto excepturi impedit qui velit nesciunt assumenda est voluptatem fugiat provident et iusto nobis at est qui quia reprehenderit laudantium hic ad voluptas sit cumque sed quaerat consectetur animi corporis eveniet id qui consequatur eum hic temporibus et illum quisquam quis quod delectus nisi voluptatem iusto ipsa enim dignissimos temporibus quisquam voluptatibus quis iusto earum earum nemo blanditiis eum ea aut ab atque voluptatem non aut nulla sunt nulla ab mollitia nihil ad molestiae suscipit aliquam accusantium est esse rerum illum consequatur quod dolore officia quia distinctio velit repudiandae repudiandae velit itaque quia dolorem illo eveniet facere dolores repellendus itaque neque rem reiciendis voluptatibus vel porro occaecati expedita numquam sit molestiae beatae debitis temporibus aut necessitatibus sed quia consectetur voluptas recusandae animi rem quia eum officia reprehenderit voluptatum molestias id magnam recusandae qui quis adipisci quia sit quis blanditiis nobis aliquid ad quia sapiente necessitatibus illo quas laborum dicta id omnis nihil temporibus dolorem aut voluptatibus doloribus quis ut cupiditate aperiam et dolore tempora ea adipisci et tenetur fugit voluptas repudiandae libero tenetur rerum sapiente expedita dolorem non vero ut cumque ut labore libero est veritatis natus odit esse ducimus et veritatis deserunt atque quia ut fugit amet eos quidem quas vel necessitatibus animi rerum odit asperiores architecto error sapiente quia laudantium tenetur ratione deleniti quam in quo alias qui facere assumenda consequatur atque quod qui sunt unde est earum et aut sapiente inventore soluta sed impedit pariatur quasi quod ratione dignissimos modi voluptatem sunt amet est et nam nemo odio magnam beatae sunt debitis voluptatem eius rerum repellendus praesentium voluptatem aut ipsum a enim quia dignissimos dolorem vero laborum et omnis illum placeat at beatae perferendis dolore earum optio odit voluptas vel officiis beatae non voluptas nesciunt eveniet cum saepe similique fugit at tempore officia consequatur esse molestiae ducimus veritatis accusantium est blanditiis ut voluptatem quo illo autem quo perspiciatis accusantium autem delectus veniam inventore et vero iusto laborum quasi in culpa blanditiis et delectus qui molestias error ut perspiciatis et occaecati architecto nihil ipsa necessitatibus consequatur aliquam excepturi blanditiis suscipit quisquam dolorem quasi maxime veritatis nulla molestiae non sint eius sit autem quis minus ab est qui officiis earum enim quos quaerat aperiam tempora sint et reprehenderit modi similique qui ut ipsum.', 'et,aut,et', 'Soluta architecto vel aut.', 'hic,porro,harum', 0, 1, '2022-11-05 13:48:28', '2022-11-05 13:48:28', NULL),
(80, 9, 'Quia et qui.', 'quia-et-qui', 58437, 961, 6169, 6444, 1287, 3741, 0, 'products/03.jpg', '[\"products/02.webp\", \"products/05.webp\"]', 'Ducimus qui autem fugiat sit quae deleniti debitis molestiae eos in eaque iure nesciunt corrupti nisi aut nostrum deleniti deserunt sit vitae praesentium aut ad reprehenderit et doloremque aliquid voluptas molestiae et voluptatum laborum autem nemo praesentium ab voluptatum nam nesciunt quis animi laborum nam sed aut amet magni quam excepturi quos pariatur numquam molestias culpa voluptatum omnis deleniti harum hic esse exercitationem reprehenderit exercitationem aut quia eum beatae eaque dolorem hic maxime ea id repellendus assumenda numquam maxime ea quos quo esse explicabo quia harum natus dolore distinctio ea quos adipisci dicta sunt aut qui tenetur ipsum consectetur est suscipit aspernatur excepturi asperiores non et et est ducimus et ducimus inventore est harum et nisi aliquid voluptatibus officiis dolor sequi beatae iure iure veniam et eaque quae temporibus numquam sit sit officiis totam ad et quia ut vitae non alias impedit sapiente sit qui qui eligendi distinctio sint odit quis corporis pariatur est velit consequatur fugit animi quod laboriosam ut minima necessitatibus totam praesentium a et magnam nulla tenetur explicabo assumenda dicta qui vero a corrupti corporis voluptates labore nam inventore eius facere itaque non eos non est rem eum autem praesentium cumque quam et quia voluptatum velit et esse et molestiae vel illum qui reiciendis animi sed soluta nihil nostrum corporis necessitatibus inventore veniam animi non ratione in quia odio dolorum qui dicta harum voluptatum omnis tempore error et pariatur porro velit asperiores dicta ut ipsam aliquid dolor voluptatum quos vero sed animi sapiente voluptas voluptatem omnis aliquid accusamus incidunt iusto est rerum qui rem reprehenderit doloremque porro deserunt quia voluptatem at distinctio distinctio cupiditate numquam qui aliquid voluptatibus veritatis cum aliquam animi earum ratione occaecati voluptatibus numquam exercitationem consequatur earum nam eos perspiciatis dolores pariatur hic delectus dolor sit ut minima saepe ipsum in labore ut soluta et doloremque sapiente officiis quod quo aut.', 'Est beatae culpa.', 'Consequuntur aliquid necessitatibus corporis officia necessitatibus et doloremque molestias repellendus laborum ut dolores necessitatibus ullam harum nulla est asperiores magnam facere minus voluptatem vel esse provident nam at ipsum impedit possimus non fugiat natus cumque commodi asperiores exercitationem est nemo excepturi reiciendis rerum maxime ipsam magni voluptate enim at fugit consequatur architecto qui et ea et qui modi mollitia ex aut eius ea nemo error nulla cum expedita consequuntur enim officiis nisi sed non et nulla sit dolor nulla deserunt quasi laboriosam necessitatibus ipsa autem dolores id voluptas in molestiae aut excepturi aspernatur provident repellat et officia explicabo autem consectetur quae aut sunt quas ipsam recusandae doloribus aut ea eos ipsum occaecati voluptates ut omnis dolorem eligendi dignissimos hic animi debitis alias ut eveniet est est cupiditate eveniet tempora deleniti nobis veritatis dolorum praesentium vero alias dolor consequuntur quas voluptas quia ducimus et est magni beatae eius repudiandae natus omnis voluptas recusandae facilis quibusdam tenetur ipsa qui enim esse amet similique recusandae corrupti perspiciatis odit recusandae numquam reiciendis non voluptate tempora illo itaque reiciendis unde et quisquam officia mollitia doloremque earum blanditiis dolore illum consequatur iusto dicta quis modi est minus et expedita quasi ut eos quaerat sequi quidem reiciendis quidem deleniti voluptatum itaque ut necessitatibus fugit itaque sunt eum magni asperiores debitis explicabo labore ipsa fuga alias qui repellat eius enim voluptatem voluptatibus dolorum assumenda fugiat dolores veniam praesentium voluptas quae quo quo facilis enim rem maiores ea et qui neque saepe maiores dolor ut perspiciatis iure nostrum voluptatem debitis facilis iste aut delectus earum libero error voluptate labore quae molestiae.', 'consequatur,laboriosam,eos', 'Et maxime incidunt recusandae.', 'dicta,odit,quia', 0, 1, '2022-11-05 13:48:28', '2022-11-05 13:48:28', NULL),
(81, 6, 'Omnis nihil non porro tempore.', 'omnis-nihil-non-porro-tempore', 78789, 167, 9146, 1224, 6839, 3555, 1, 'products/03.jpg', '[\"products/02.webp\", \"products/05.webp\"]', 'Occaecati molestiae perspiciatis sequi ducimus aut et magnam eos modi id quidem alias dolorem quo adipisci dolorem quam id corrupti recusandae soluta explicabo quo eum dolorem dicta voluptatum voluptatem ut minima sunt quibusdam repudiandae quo et veritatis et vero ut voluptatem aut ut quis neque vero enim porro placeat vitae vel error placeat sint sit eos magni nostrum iusto itaque enim eligendi quibusdam cum aut reprehenderit enim hic ut consectetur iste tempore ad harum consequuntur doloremque adipisci occaecati qui rerum officia praesentium ut sunt aut possimus adipisci qui ipsa necessitatibus ut autem et dolore aperiam rerum ab vero maxime iusto eum necessitatibus deleniti aliquam laborum nisi voluptas explicabo omnis ut incidunt quibusdam pariatur aut sint excepturi ut voluptas aut ea placeat error natus doloribus provident ipsa consequuntur et sit autem quo sit et aut qui natus a temporibus beatae ut recusandae optio architecto aliquam rerum enim aliquid facere excepturi harum et quisquam accusantium numquam culpa culpa repellat odit iste iure possimus ea rerum ratione eos culpa optio odit eius temporibus ipsa voluptas voluptate voluptate vero et et aut assumenda qui quis nostrum iure occaecati omnis velit vel quam iusto sed inventore totam pariatur ut nihil nam dolor voluptas illum temporibus harum corporis similique consequatur nihil a optio eos nulla nam harum placeat sapiente rerum atque facere aut aut harum aut consectetur magni aliquid rerum quia itaque delectus voluptatem labore consequuntur earum quibusdam quas sed sint et corporis reiciendis dolorem voluptatem eligendi dolorem ullam tempore nam corporis voluptas consequatur reprehenderit rerum dolorem velit ipsam nihil quidem rerum asperiores maiores nobis eos et blanditiis dolores animi nemo similique exercitationem ratione temporibus quia hic ab aut similique ad ut enim aut laborum nemo omnis soluta iste molestiae enim explicabo recusandae aperiam laborum iusto enim enim facere similique velit quisquam ratione recusandae reiciendis vel laborum sapiente voluptatibus repellat ea rerum enim consequatur veniam nobis aut nulla at natus autem earum ducimus velit esse enim consectetur nostrum debitis officia libero ut unde error voluptate iste odio culpa velit magnam aut possimus asperiores minima velit mollitia non reiciendis dolorem numquam aliquam fugit dolor delectus voluptatibus sit et omnis est sed atque consectetur veniam minima ut a est et natus sunt ea eveniet impedit ut est temporibus pariatur beatae veritatis similique eaque nihil recusandae ut ipsa inventore iusto quo similique quia est quidem qui ut similique quod dolores eum ullam soluta quaerat est odio omnis dolor pariatur minus necessitatibus et.', 'Atque magnam dignissimos.', 'Sit et dolore sit at repellendus aut corporis asperiores dolores temporibus et possimus est quia doloribus facilis adipisci nulla autem impedit iure et sapiente rerum tenetur excepturi sit libero esse et et molestias labore impedit quisquam non recusandae ut enim iste dolorem adipisci et voluptate atque doloribus et quod deleniti quo ut omnis repudiandae ullam nisi perferendis velit et est modi et expedita alias quaerat saepe in asperiores sint animi consequatur aperiam molestias vel id qui fuga tenetur omnis fugit occaecati sint praesentium dolor aperiam atque ullam consequatur dolor tempore omnis vel illo mollitia tenetur ad sunt voluptatem soluta id et a eos sed omnis necessitatibus sit alias doloremque velit quod nesciunt aut est non accusamus et et modi minima odit rerum explicabo dolores et nostrum recusandae placeat deleniti qui id non sed at ut aut sed voluptas ex occaecati consequatur voluptas nulla ea tempora a quo repudiandae sunt omnis enim qui quos deserunt quod ipsa est nesciunt pariatur odit quaerat porro exercitationem a sed non sint nemo id et deleniti recusandae ex fugiat et vitae qui assumenda repellendus velit corporis vitae tempore nostrum qui aliquid aut amet distinctio officia provident voluptatibus laborum error voluptate voluptatem consectetur sequi velit dolor officia nulla aut cumque ut molestiae dolorum aut vel ea minima ut quaerat fuga nisi distinctio harum magnam veniam corporis dolores nemo iusto aperiam et in ea enim non voluptatum deleniti saepe alias aut eius aut nesciunt nostrum.', 'laudantium,sunt,rem', 'Velit totam.', 'voluptates,accusamus,distinctio', 0, 1, '2022-11-05 13:48:28', '2022-11-05 13:48:28', NULL),
(82, 9, 'Dolorem officiis sit natus.', 'dolorem-officiis-sit-natus', 10726, 172, 8003, 6270, 3214, 9596, 0, 'products/03.jpg', '[\"products/02.webp\", \"products/05.webp\"]', 'Quia voluptatibus ex nobis maxime quam possimus illo dicta consequatur unde ipsam adipisci deleniti repellendus dolorem corporis quaerat eos illo et at possimus ut magnam ut cumque eaque sit officia quisquam illum nostrum est laboriosam non dolorem esse et molestiae quos dolor dolores qui a ab hic harum velit aperiam non veniam qui totam facilis dignissimos autem qui qui voluptatum commodi odit consectetur ex debitis ad qui ex explicabo ut atque consectetur voluptas porro quia dolores ipsa eveniet maxime repudiandae reprehenderit dolorem minima voluptatum sit quisquam nam et eius aperiam vero molestias qui voluptatem est laborum quasi nesciunt in sit omnis quod laudantium eos neque eligendi officia nemo iusto qui velit dolores sint rerum molestiae quis sunt sunt voluptatem quisquam rerum accusantium magni ut accusamus nostrum voluptas at harum eum eos doloremque dolorem quo deleniti alias voluptatem voluptatem quo est eos quaerat praesentium in laboriosam perferendis totam aliquam non sed neque harum adipisci officia quisquam facilis qui aut sed doloribus voluptates dolore excepturi eligendi ut vel iure iste fugit perspiciatis veniam et dolorem impedit architecto porro et et cum velit harum eum qui autem aliquid et quod omnis ut laborum consequatur ad tempora molestias non nam omnis aliquam hic odio est est vitae accusamus voluptatem odio quidem quia.', 'Atque consequatur corrupti et.', 'Ut harum earum esse vel ut et et rem autem a ab quibusdam beatae ut quia et eum ducimus accusamus quis ut et a distinctio minus vero officiis sit ratione placeat ex vero id omnis deleniti provident sed delectus nulla nihil ut est quia et laboriosam rerum rerum quia aut non sit eos totam maiores assumenda minus sit est perferendis rerum voluptas aut odit et reiciendis sed natus quasi odit temporibus deleniti voluptas dolorum et quis et consequatur et quae veniam accusantium maiores excepturi est quia deleniti aut et aut ipsum error praesentium non omnis alias error porro aspernatur explicabo dolores hic enim enim repellat saepe nihil autem delectus recusandae vero molestiae aliquid quod rem inventore distinctio quod sint quas cumque sunt nostrum nam et cumque earum repellendus occaecati sint molestias autem qui sint veniam molestiae labore aut dolor in assumenda dicta sint molestiae dolore fugit sed ut esse quisquam asperiores aliquam dolores consequatur in vero incidunt aspernatur dolores aperiam sit asperiores qui sit sunt blanditiis dignissimos qui at praesentium reprehenderit adipisci perferendis quia quae vel aut quis qui quaerat rerum expedita temporibus ea est quod voluptatem iste repellat nihil voluptatem sint sed quasi animi dolores ut recusandae mollitia sapiente corrupti fugiat eaque blanditiis accusamus velit minima explicabo quod illo libero quos illo quos molestias libero autem qui vitae aliquam dignissimos illo molestiae iusto adipisci eaque consequatur rerum excepturi corporis id ducimus saepe officiis et ut necessitatibus earum ab nihil beatae laboriosam similique amet natus blanditiis et rem consectetur voluptas quia nam sed rerum fuga aperiam asperiores dolorum maiores quibusdam qui voluptatibus tenetur necessitatibus eveniet unde repellat quod.', 'labore,porro,voluptate', 'Atque voluptatem sed ipsum.', 'ipsum,delectus,assumenda', 0, 0, '2022-11-05 13:48:28', '2022-11-05 13:48:28', NULL),
(83, 7, 'Quaerat enim.', 'quaerat-enim', 81031, 886, 1432, 3489, 8285, 8825, 0, 'products/03.jpg', '[\"products/02.webp\", \"products/05.webp\"]', 'Nesciunt atque hic nihil laboriosam porro saepe consequatur delectus illo praesentium quo tempora sint est aspernatur voluptatibus eos maxime dolores qui tenetur et velit incidunt vitae reprehenderit recusandae quia occaecati voluptate labore rerum culpa nostrum quia sed quo non eveniet vel quaerat ex ratione facilis tempora necessitatibus non iusto accusantium sit doloribus dolorum dicta voluptas autem quos et molestiae atque officia enim commodi sunt illo hic deleniti quia occaecati illum rerum rerum eos at maxime id molestiae nihil inventore natus qui voluptatibus quia quia vero dolorum totam harum ut ut enim repellendus quasi voluptate voluptatibus eveniet dolor nostrum in accusantium quia dolore aperiam laboriosam id ipsum omnis modi natus optio nulla itaque quaerat aut a dignissimos sit qui recusandae maiores rem animi ducimus autem dolores et cumque officia atque laudantium sint rerum recusandae sit libero corporis ipsam voluptates modi aliquam sunt in ea id et omnis et praesentium quia eos maxime iure rerum rerum ducimus minima autem dolorem magni ut enim optio et voluptatem necessitatibus dolor unde illum impedit exercitationem rerum qui reprehenderit omnis illum modi magni ducimus omnis nobis ea similique et distinctio aut voluptas sunt suscipit et blanditiis quia aut sed ad commodi vel repellat animi sequi sit nihil et aut eos eos deserunt non maxime dolorem in occaecati ea debitis deserunt sequi repudiandae eaque consequatur voluptas porro quaerat quia sed.', 'Error id accusantium illo.', 'Iusto aperiam sunt ut quia aut voluptatem facilis non quo harum sed excepturi autem velit sed voluptatem et sequi culpa ut sit id tempora corrupti corporis dolor nemo dolorum et sit ut perferendis neque dolor harum voluptas id rem et sint et qui rem cupiditate quibusdam voluptatum dicta id veritatis consequatur dolorum voluptatibus minima repellendus ut quis quo eius quas quia quibusdam et consequatur qui id aliquid praesentium nostrum et quia odio maxime quibusdam veritatis ipsam autem quasi ut exercitationem laboriosam quisquam ut corrupti iusto voluptates ab vel commodi et qui adipisci esse laboriosam autem neque dolore quasi adipisci aut distinctio alias dignissimos veritatis quia itaque qui maxime quo vero placeat excepturi amet quia dolore voluptatem aut quia id harum voluptate quia id nostrum esse animi quos laudantium dolores sunt culpa amet est et aliquid ut enim sint iusto ut mollitia distinctio blanditiis unde accusantium ipsam quidem corrupti deleniti eligendi corrupti vel laudantium inventore architecto molestiae iusto corrupti dolore ut consectetur asperiores vel nulla rerum laudantium sunt molestiae rerum molestias odit iusto ipsa libero ut natus et dolores voluptatum incidunt corrupti dicta libero eum deserunt maiores suscipit voluptatum libero corporis vel nam sed voluptatem sint veritatis odio provident officiis corporis hic maiores ullam sit id mollitia et facere incidunt autem officiis ut in cum nobis libero explicabo ducimus corrupti sit doloremque consectetur distinctio ratione quo nihil non ex excepturi quasi corrupti minima nam esse fugiat ea sint et iste eius cum non soluta a aperiam quod possimus voluptatem officiis molestias et iure hic et labore ut repellendus pariatur dignissimos eos cum aut aspernatur quos voluptate magni officia voluptas laboriosam minima voluptas molestiae ad eius quos quae dolor laudantium itaque impedit dignissimos ducimus earum nulla numquam doloribus itaque quod voluptatibus asperiores impedit eos in tempore facere possimus nostrum omnis quia hic sed fugiat inventore eius qui nulla ea laudantium vero quos aut facere in nisi totam quis temporibus repellat modi et provident et expedita aperiam tempora quas aut dolor et est quam dolorem quam voluptatem nulla minus nihil et ducimus sapiente a reiciendis facere possimus et quia enim et incidunt in et provident nihil repudiandae fuga qui provident et distinctio dolor vel laudantium omnis aut enim temporibus ut ea nam totam commodi dolor et.', 'et,quibusdam,porro', 'Sapiente similique quos rerum.', 'quasi,quos,atque', 0, 0, '2022-11-05 13:48:29', '2022-11-05 13:48:29', NULL),
(84, 10, 'Deleniti ad maiores recusandae a.', 'deleniti-ad-maiores-recusandae-a', 24616, 4, 7488, 7554, 8651, 227, 1, 'products/03.jpg', '[\"products/02.webp\", \"products/05.webp\"]', 'Et atque neque qui nesciunt ut quia in est enim explicabo commodi molestias incidunt ut consectetur id est et aut dolor laboriosam aliquid non sit blanditiis molestias iure beatae enim dolor est harum quod qui eius amet quos sed et quos consequatur voluptatibus placeat sed deleniti beatae maiores consequatur aut similique inventore hic consequuntur et porro harum maxime et nemo nulla nihil eaque nihil minima et nostrum sequi quos libero rem quia nulla adipisci et voluptas ut aperiam mollitia doloribus delectus unde velit ipsa ipsum cupiditate doloremque ut officiis facilis totam consectetur officia libero quia ipsam voluptatum aut consectetur culpa ut sed sint rerum quas sint sunt impedit aperiam atque ipsam maxime sit voluptatibus ut amet blanditiis et optio sit in sit voluptas impedit velit ipsa consectetur velit consequatur qui similique aut rem enim autem qui qui omnis quas voluptatum neque sint minus vel est ab est ut non et sequi consequatur reprehenderit nisi ratione autem sunt quae dolorem deserunt eos distinctio aliquid at non nesciunt voluptas aut tenetur saepe quia provident quo qui dolor quo deleniti adipisci voluptas est ad quia illum quibusdam est tenetur laboriosam provident optio ipsum vero nesciunt recusandae eveniet hic sed aut at nesciunt hic fuga amet exercitationem cupiditate facilis aliquam molestiae vitae in laborum voluptas nesciunt eveniet maxime repudiandae non nam ducimus quos numquam eum ut itaque commodi non quia et et voluptatum unde qui consequatur voluptas est ut vitae veniam assumenda nulla dolor sint velit et ea quo dolor mollitia et fuga blanditiis nulla eum ipsam ut sunt eum error ex sequi quo quo minus quod dolor laudantium ab repellendus id ducimus similique modi eveniet qui similique quis unde maxime accusamus iusto dolorum et suscipit sunt ipsum excepturi totam.', 'Omnis nihil dignissimos libero.', 'Ex voluptas omnis id dolores dolore mollitia ut voluptatem rerum nulla qui voluptas ducimus corrupti et blanditiis nulla debitis itaque eum ut error fugiat occaecati sit dolore ipsa voluptatibus nemo est qui exercitationem sit sed neque similique vel ipsam veniam ut voluptatem delectus ab veritatis vel aperiam nam beatae aliquam deleniti et molestiae nisi accusantium voluptatem reprehenderit aut est quia est ipsam nam possimus maxime rerum quos veritatis et dolorem delectus libero est dolorem occaecati et aut placeat laudantium quis pariatur consequatur iure voluptatem qui quo quo officiis tempore vel minus omnis quae id cum nulla laborum ab vel nisi ea ullam cum ut vero est voluptates consequuntur ducimus fugiat adipisci eos vel voluptatem recusandae illum aut hic et fugit voluptatem delectus et suscipit autem voluptas quis doloremque id minima sit sequi porro reprehenderit id voluptatum itaque porro similique possimus aut adipisci veniam voluptas et quam in doloribus quo error et fugiat et fugit itaque ducimus ipsam quaerat nesciunt aut quos consequatur ut numquam molestiae vero voluptas esse culpa aut quasi recusandae ipsa eaque quam eius in autem ut ratione odit expedita quod ipsum molestias impedit voluptatem expedita laborum esse molestiae hic vero debitis earum aperiam rerum atque culpa natus animi consequatur consequatur qui natus ex quia ut dignissimos est aut vel natus saepe omnis voluptas molestiae et harum illo fugit soluta aut perferendis qui et corrupti ad ex sequi omnis velit maiores veritatis odio deleniti est animi quos doloribus dolore corporis sapiente id ipsum voluptatem provident error fugit excepturi aut quia tempore quaerat atque esse reiciendis sed aut et aut magnam temporibus voluptatem rerum ab neque eum ut itaque ex tempore nemo labore modi provident quae fugiat repellendus laudantium qui cumque sunt eaque quaerat voluptatem accusantium dolor quia qui provident veniam molestiae placeat odio adipisci autem voluptatum magni est voluptatem natus vel in placeat est cumque porro quia eaque facilis aut omnis eligendi exercitationem qui eum et reiciendis et aliquam pariatur dolore molestiae aut et quia odio aut ratione modi qui delectus saepe qui eveniet ab error doloribus ut laborum et vitae maiores consequatur aut consectetur officiis eos expedita odio modi sunt veniam reprehenderit sed nemo et nihil omnis aut qui voluptatem nulla voluptatum enim dolorem corrupti ut et ut id ut est architecto aut minus sapiente rerum itaque quasi aliquid.', 'omnis,et,non', 'Quidem et recusandae eos.', 'maxime,libero,in', 0, 0, '2022-11-05 13:48:29', '2022-11-05 13:48:29', NULL),
(85, 4, 'Sit repudiandae doloribus et.', 'sit-repudiandae-doloribus-et', 72165, 213, 5769, 6428, 3546, 5550, 1, 'products/03.jpg', '[\"products/02.webp\", \"products/05.webp\"]', 'Sunt eos quas voluptas quos aliquid reprehenderit eos est dicta eius est ullam magni aliquam eum eaque est autem deleniti nisi commodi cum aut excepturi molestiae molestias doloribus alias veniam ab consequuntur perferendis accusamus similique est quia est rerum expedita sequi consequatur rem suscipit minus sed incidunt facilis sunt error cum quaerat sed architecto repellendus in ut molestias voluptatem necessitatibus neque voluptatem dignissimos consequatur enim eius consequuntur non aut iusto necessitatibus eum aliquid dolores est impedit voluptas expedita culpa magni et optio inventore eaque optio est velit possimus non temporibus qui temporibus in tempore quidem voluptas nesciunt laborum ratione qui reprehenderit hic qui nesciunt quam molestiae sit saepe architecto totam in assumenda aliquam fugiat rerum doloribus ex numquam alias quod quaerat dicta dicta voluptatibus quod itaque enim nihil repudiandae ut optio dicta id molestiae itaque ea omnis ipsa sapiente eligendi ullam dolores et velit aut id omnis natus sed excepturi consequatur labore et repellendus voluptas eius suscipit rerum explicabo mollitia enim dolorem et repudiandae suscipit et fugiat quae numquam iste dolorem est et rem iusto a officia quam laborum qui facere placeat voluptas sed alias doloribus amet dolorem qui enim in sunt non quis iure aperiam illum blanditiis explicabo nam vel hic voluptate ad et hic at possimus nobis magni quas omnis maxime sapiente quisquam rerum ullam placeat et sit voluptatum sed nostrum at ab alias harum est est aliquid est et deserunt non quia natus in omnis excepturi nam aut voluptas sapiente id et magni voluptates natus modi aut nostrum dolores deleniti necessitatibus quos quos quia voluptates voluptatem inventore nam omnis tenetur nostrum rerum quia at ut sed quis dolore veritatis molestiae maiores ut voluptatum quia numquam quisquam labore quos amet molestiae accusamus odit iusto non velit labore error voluptate omnis omnis quaerat vero aperiam illum delectus et magni sequi molestiae aut ea perferendis aspernatur unde porro eum nisi aliquid aspernatur possimus voluptas possimus est architecto alias suscipit in et voluptatum tempora quis maxime illum id vero molestiae ea esse tempora natus incidunt est sed deserunt impedit dolore enim nam modi consectetur et commodi et laborum aliquid fugit molestiae eum fugit quibusdam nostrum facere porro iusto non autem aut aspernatur quia qui et illo error mollitia vero sit odit natus voluptate aut quia commodi aut ea consectetur et asperiores quibusdam recusandae rerum qui porro odio assumenda autem et rerum temporibus in assumenda nam doloremque laboriosam ut omnis odit non atque voluptate eum.', 'Qui ut ut.', 'Molestiae dolorem consequatur aliquam et ipsam enim ipsum deserunt sit asperiores sed sed rerum eligendi et quo nam ea at suscipit omnis laborum magni tenetur est cumque incidunt optio quos beatae suscipit aut dolor ad amet accusamus ut porro voluptatem maiores corporis eligendi voluptate aut non vel sequi ducimus voluptas sit rerum aliquam nihil qui qui voluptatum iure perferendis ipsum magnam temporibus sequi voluptas velit et minus perspiciatis corporis dolores ullam sit est repellat labore quas harum eveniet voluptas qui incidunt quas eos necessitatibus necessitatibus aut distinctio perspiciatis doloribus rerum veniam molestiae et repellendus dolor veniam aut corrupti velit consequatur illo in numquam eligendi delectus adipisci voluptas velit eligendi et illum modi velit omnis ratione et similique rerum impedit officiis hic adipisci dolor quia id consequatur tempora necessitatibus qui molestiae soluta magni sed aspernatur sunt illo non reprehenderit placeat distinctio praesentium corrupti ipsam fugiat fugit nemo praesentium odit et qui vitae dolores ab ducimus dolor nisi mollitia consectetur molestias id mollitia voluptate molestiae saepe inventore voluptatem est sint voluptatem magnam rerum dolorem necessitatibus dolorum incidunt consequatur quod et libero hic explicabo eos cumque voluptatem minus minus sint numquam repellendus maxime esse esse excepturi rerum magni nostrum at eum temporibus et rerum perspiciatis quidem repellendus iure corrupti aliquid perferendis mollitia similique deleniti voluptatem beatae dolor vel ea delectus voluptas omnis dolore minima nulla qui ex debitis ad animi aperiam officiis facere rem eveniet aut qui velit impedit ut mollitia dignissimos exercitationem omnis sed eum illo quia dolorem similique.', 'dolor,similique,est', 'Quia deleniti.', 'alias,perferendis,et', 0, 1, '2022-11-05 13:48:29', '2022-11-05 13:48:29', NULL),
(86, 2, 'Quo placeat quo magnam.', 'quo-placeat-quo-magnam', 24118, 684, 1145, 9063, 2274, 8657, 1, 'products/03.jpg', '[\"products/02.webp\", \"products/05.webp\"]', 'Veniam repudiandae molestias quis corrupti neque labore non similique quia voluptatem nemo maxime pariatur voluptates voluptatem neque explicabo consequuntur animi sapiente maiores voluptas mollitia sed voluptas expedita distinctio et architecto quis omnis et fugiat dignissimos voluptate et quibusdam voluptas dolorem aut assumenda voluptate suscipit dignissimos eos est aut atque soluta modi iusto ipsam facilis quam quia asperiores officia reiciendis odit at laudantium odio aperiam veritatis deserunt dignissimos eos sit ullam qui consequatur natus magnam excepturi ut repellendus ut molestias dignissimos provident eos repudiandae dolores ratione id in sed eum assumenda adipisci quia quidem voluptatum et ullam qui perferendis consequatur reiciendis animi magni harum maiores placeat et omnis nihil officiis deserunt illum qui facilis dolorum numquam veritatis modi quisquam dolorem quia at molestias modi in quia saepe optio cum amet necessitatibus cum ducimus tempore aut eligendi dolorem vel id labore nam voluptatem nam minima nemo ratione dolorem ipsam odit molestiae veritatis earum exercitationem porro consequatur et et veritatis qui eaque nesciunt omnis unde qui alias et odio ut earum similique ipsam vel eos labore molestias laborum ea qui consequatur cumque in corporis dicta laudantium itaque accusamus ab quo enim modi ut voluptas et inventore non reiciendis sed eaque esse sint iusto quia autem eaque vel sed aut ad ipsam ut quas ut ducimus repellat quia occaecati et eius quaerat odit dolore consequatur ut ut eligendi mollitia soluta est velit rerum est fugit quia in ratione a dolorum non quaerat aut in cumque itaque quia cupiditate nihil sequi accusamus.', 'Dolor qui et autem.', 'Voluptas iste corporis odit minima ut quis est et doloremque debitis pariatur aliquam ut omnis possimus libero exercitationem ab deleniti ut est facere et aut quia omnis ab vel cumque natus nisi dolorem quisquam nam ipsum pariatur nam commodi maxime voluptatibus quia aut voluptas molestiae vero ex commodi qui sed delectus eos asperiores aut magnam aut libero voluptas non assumenda ut est et odit vel placeat vero non laudantium et laudantium quos eos facere voluptatem beatae error ad sed labore in et ut deserunt aperiam nam harum veritatis exercitationem rerum non et dolorem quidem dicta quia aut quos adipisci voluptatibus aliquam reiciendis animi qui sunt voluptas animi et possimus quisquam laborum sint possimus error aut fugit nisi quibusdam officiis quos libero aut expedita ab et voluptatem explicabo aut totam dignissimos consequatur modi et quia eum magnam ullam saepe ut quo consequatur dolores voluptates omnis aspernatur consequatur nesciunt in doloribus velit omnis corporis est iste sequi odit facere tempora ut voluptatum dolorem aliquid iusto ab temporibus perferendis at quo et consectetur iusto ut nihil qui delectus autem voluptas enim in recusandae voluptate nobis quidem ut aspernatur quos distinctio dolor sit et dolore soluta quis et quia dolorum soluta sint ut quibusdam voluptatem provident qui voluptas consequatur sint fugiat amet.', 'non,suscipit,qui', 'Et velit consequatur.', 'illum,est,saepe', 0, 1, '2022-11-05 13:48:29', '2022-11-05 13:48:29', NULL);
INSERT INTO `products` (`id`, `category_id`, `name0`, `slug`, `price`, `size`, `thc`, `cbd`, `sku`, `discount`, `discount_enable`, `img_main`, `images`, `description`, `title_seo`, `description_seo`, `keywords`, `plant_type`, `effects`, `rating`, `is_published`, `created_at`, `updated_at`, `deleted_at`) VALUES
(87, 10, 'Tempora ducimus quidem provident.', 'tempora-ducimus-quidem-provident', 57537, 822, 5996, 3703, 3324, 7959, 1, 'products/03.jpg', '[\"products/02.webp\", \"products/05.webp\"]', 'Quia rem optio quidem necessitatibus odit facere ea earum soluta aut exercitationem ipsum corrupti hic consequatur a dicta voluptatem quos sunt recusandae autem enim labore praesentium omnis fuga voluptates aut dolorem ratione et nihil commodi aut velit aut odit eos cumque quae occaecati est cumque at enim perspiciatis veritatis provident facere ut ut ducimus quod aliquam perspiciatis quia velit ut non quis officia placeat omnis architecto enim excepturi beatae quas adipisci eveniet maxime ad nobis quam vitae blanditiis voluptas ut excepturi repellat quidem et officiis voluptas aut tempore odit porro quisquam autem et amet ut maiores placeat inventore dolor suscipit sed omnis sed occaecati porro enim sequi quisquam dolor et minima debitis qui hic repellat aut sapiente vitae quis sint id omnis sed harum dolorem quo soluta qui et labore similique voluptatem voluptatem sunt esse iusto eaque praesentium aspernatur sed perferendis sunt deserunt dolore reprehenderit amet iste eligendi aut quasi fuga quaerat corrupti non vitae quia odio velit qui dolore eos magni officiis quia velit temporibus asperiores aut commodi nihil consequatur neque blanditiis ratione iusto magnam beatae assumenda eum doloribus velit repellat qui rerum tempore corrupti doloremque inventore pariatur at qui et est sit et nesciunt amet molestiae accusantium voluptas rem quis quia assumenda possimus expedita eligendi excepturi necessitatibus inventore maiores fuga ut placeat qui occaecati minus dolor dignissimos ut eum non quasi nobis inventore voluptatem dolorem voluptas maiores consequatur corrupti dolores cumque voluptas corporis similique dolor totam molestiae saepe exercitationem optio nobis eum perspiciatis neque distinctio totam consequatur totam tempore incidunt in quasi dignissimos maxime non eveniet esse non reiciendis quisquam repellat illum quo in earum voluptatem magni cumque reprehenderit doloremque dolor nihil dolorem nesciunt sit laborum ut excepturi consequatur dolores aut quam maxime reiciendis magnam similique blanditiis est nulla culpa sequi eum rerum doloribus inventore consequatur nisi dolores quas.', 'Enim facere exercitationem.', 'Molestiae ut ea veritatis assumenda et occaecati laborum dolore voluptate repellat quos minus molestiae dolorum facilis aut magni dolorem asperiores et mollitia voluptatum quis qui praesentium aut repellat officia ut consequatur ut aut velit sint ad molestias eveniet rerum accusantium cumque est pariatur ut laboriosam voluptas ad est placeat blanditiis vero tempore possimus non maxime unde sint debitis delectus dolorem eos temporibus aut nesciunt debitis quo aperiam reprehenderit laudantium et debitis labore pariatur molestias veritatis rerum sint vitae qui ex quidem atque architecto molestiae maiores nesciunt nisi eaque alias accusantium dolorum explicabo est omnis quod placeat laboriosam provident sint et ipsum harum voluptatem et dolorum nesciunt et soluta assumenda fuga corrupti quo et recusandae temporibus laboriosam odit at qui consectetur beatae ullam sint ex et veniam molestiae dolores asperiores quasi doloremque mollitia reprehenderit eius nemo fugiat ipsa iusto numquam animi et architecto dignissimos et et et fugiat natus consequatur quis natus ut harum officia velit excepturi officiis laudantium corrupti eos harum ut consectetur velit repellat tenetur hic velit quisquam consequatur vitae inventore recusandae placeat labore praesentium a dolores corrupti libero ipsam voluptate sequi nam optio voluptatem quis est aperiam in voluptatum enim omnis nemo nihil amet culpa dolor deserunt molestiae minima et dicta voluptatem dolor et ipsa corrupti incidunt dolore nostrum incidunt velit quis iusto et odit occaecati aut tenetur odio possimus asperiores et ea commodi ipsam suscipit eum qui corrupti vel dolores molestias rerum quam sit qui.', 'beatae,dolorem,a', 'Quia hic id.', 'aut,dignissimos,dolore', 0, 1, '2022-11-05 13:48:29', '2022-11-05 13:48:29', NULL),
(88, 8, 'Accusamus quasi consequatur.', 'accusamus-quasi-consequatur', 5385, 836, 1642, 1990, 1219, 9611, 1, 'products/03.jpg', '[\"products/02.webp\", \"products/05.webp\"]', 'Occaecati qui quam delectus aut numquam explicabo reprehenderit id beatae magnam dignissimos expedita quia tempora aliquam laborum aperiam perspiciatis distinctio asperiores velit soluta quasi provident quos debitis sed accusantium consectetur molestiae suscipit suscipit veniam cumque consequuntur dolorem velit voluptate a sit sit qui dolorem repellendus sapiente labore voluptas perferendis maiores veritatis occaecati iure et id quae fugit error id debitis et ipsam alias aut eveniet repellat optio sed itaque consequatur esse excepturi eaque quo ut vel libero qui consectetur consequatur natus quia sint et ea et repellat architecto inventore animi ratione quis blanditiis soluta impedit quos dignissimos culpa blanditiis debitis saepe sequi temporibus aut quia ut assumenda ex voluptate ut corrupti voluptatem voluptatum reiciendis recusandae esse nisi sapiente reprehenderit qui asperiores nesciunt ad aut alias soluta voluptatum debitis eius soluta perspiciatis aut excepturi corrupti facere facere dolor illo est et minima reiciendis dolore assumenda dolores nulla molestias soluta nostrum id reprehenderit laboriosam harum deleniti ullam voluptatem et aperiam totam et ea occaecati magni ipsam tenetur praesentium architecto odit maiores dolores asperiores eos alias quidem blanditiis aspernatur ab enim amet sed numquam aspernatur possimus velit qui officia vero animi aut molestias esse excepturi ea debitis id omnis nisi maiores tempore deleniti facilis nostrum est inventore in labore consequuntur et explicabo numquam autem sint quo impedit ut maiores esse odit aut minima illo ut architecto atque voluptatem voluptas explicabo corporis quos aliquam consequatur adipisci eveniet magnam corrupti et voluptas pariatur facere inventore aut accusantium doloribus culpa omnis accusamus quia.', 'Autem aliquam et corporis.', 'Qui repellat totam fuga non aut eos qui rerum reprehenderit nisi dolores nisi adipisci corrupti explicabo omnis ea atque est et ipsum quod quae aut officia eveniet asperiores est adipisci a aut omnis atque mollitia quae et incidunt quibusdam sed dolores minus officia et qui voluptatem est cupiditate mollitia incidunt et ut ratione est provident cumque temporibus molestiae adipisci numquam molestiae voluptatibus odio sed voluptatem id labore assumenda aut et fuga temporibus odit fugit atque id et qui ducimus totam voluptatem recusandae quam et ut quia deleniti at rerum dolor deleniti earum illo iusto voluptas aut doloribus accusamus dolorem modi consequuntur commodi id voluptatem voluptas voluptatem aut sit animi voluptates qui cum tempore quae mollitia amet recusandae ut voluptas rerum corporis voluptatum aspernatur quisquam aperiam doloremque voluptatibus ipsam recusandae ipsam tempore earum sint officiis repudiandae quidem commodi non id mollitia voluptatum sequi vero voluptas consequuntur dicta qui ducimus illum dignissimos enim consequuntur et nisi doloremque aut incidunt consequatur vero eum culpa officia doloribus inventore amet sit explicabo rerum magnam voluptatibus ipsa molestiae beatae blanditiis aut ratione ratione repudiandae perferendis quidem fugit molestiae vel ex soluta corporis non magnam laborum quis dolor placeat impedit soluta enim deleniti sed sit consequatur architecto sequi ut natus consectetur reiciendis veniam et amet quaerat ratione minima omnis quaerat vel eligendi recusandae est dolores omnis voluptatem enim sit sed et eveniet deleniti sapiente et aut rem nostrum aperiam a ut enim ut eligendi eveniet beatae quo omnis explicabo eum sit nam quae ea fuga est explicabo et mollitia sequi et sunt sunt aperiam commodi reprehenderit qui molestiae autem.', 'neque,eos,nihil', 'Vero amet ipsa veritatis.', 'qui,dolorem,est', 0, 1, '2022-11-05 13:48:29', '2022-11-05 13:48:29', NULL),
(89, 10, 'Qui unde iste.', 'qui-unde-iste', 75214, 41, 7510, 7135, 6208, 1548, 1, 'products/03.jpg', '[\"products/02.webp\", \"products/05.webp\"]', 'Quidem quod eum doloremque autem mollitia maiores vero cum consectetur nihil quia et illo qui optio tempora ea praesentium occaecati ea animi qui eum magnam omnis voluptas aperiam ullam quidem voluptatem optio at repellendus occaecati quis nam est fugiat sit excepturi minus dolor dolore accusantium aut voluptas beatae voluptatibus sed quo ut consequatur ipsam et esse qui eligendi dolor quo aliquid harum rerum a illo consequuntur est quibusdam saepe fuga illum reiciendis maiores ea odio aut aut perferendis ut qui quae quia tempore rerum aliquid minima itaque ut vero odio quos eum quo eaque recusandae consequatur dolores sit maxime modi quia officiis at quia veniam tenetur voluptatem autem et est quia excepturi earum incidunt et labore alias libero et nesciunt et cumque commodi velit deleniti rerum cupiditate molestiae sapiente occaecati voluptatem ab a aliquid quidem animi ullam perferendis sed autem fugiat sed corporis exercitationem sit et reprehenderit consectetur ut ad tempore exercitationem aperiam saepe fugiat est molestiae doloribus qui sed dicta voluptas iste et animi odit nobis fugiat sed quo maiores assumenda delectus impedit autem reprehenderit accusamus consequatur minima velit et molestiae nihil totam officiis accusamus facilis quaerat aliquam fugiat odit et suscipit nam autem unde aut impedit aperiam maiores et qui et pariatur odio eos saepe non autem iste fuga similique dolores doloremque aut aut tempora officia necessitatibus vitae numquam assumenda est eaque ut optio blanditiis commodi non necessitatibus veniam quod et maxime harum eum eum inventore nam vel et neque sequi qui cumque consequatur magni fuga ipsum nihil et unde autem esse laborum ut omnis nam praesentium.', 'Et aut.', 'Nobis perferendis quidem aut et magnam molestiae inventore ut quidem optio nostrum molestias cupiditate nihil occaecati ut occaecati omnis ea sit laborum provident nihil laudantium animi debitis repellat vitae animi nemo omnis ab qui commodi voluptate beatae quae similique et dolores aut ullam ratione dignissimos veritatis laudantium corrupti amet repudiandae aspernatur minima possimus et reprehenderit similique architecto sint sapiente ex quod at sed voluptatem modi magni dolor accusamus esse minus vel in ullam fugiat odit non quisquam vel velit ipsam eius officiis deleniti quo aspernatur eum qui eum culpa eos illum saepe mollitia autem consequatur earum laboriosam modi ad est consequatur deserunt voluptas quis ut unde aperiam rerum illo quia officiis pariatur qui omnis ea dolores ipsam earum esse rem nihil eum praesentium soluta voluptate expedita consequatur voluptatem quis tenetur cum et qui enim enim sit saepe suscipit voluptatibus assumenda assumenda quo in laborum voluptatem facilis accusamus dolorem mollitia quis autem amet numquam soluta labore et pariatur sed quisquam et adipisci amet assumenda quibusdam nihil quia non voluptatem odit odio commodi neque et et nihil autem corporis architecto veritatis omnis a voluptas deleniti non illum nobis est et ut placeat vel ut nulla vero ullam dignissimos enim similique voluptatem eum sit culpa voluptatem fugit eaque omnis et dolores ut ea mollitia ipsam consequatur culpa quidem quas molestias quas eaque enim quis eos voluptatem voluptatem non ratione animi itaque voluptatem molestiae minus aut doloremque eveniet velit recusandae expedita et labore deserunt non ex et molestiae voluptatem eum labore quibusdam quasi reiciendis ipsam sint eos odit velit quia quaerat suscipit amet commodi maiores qui cupiditate qui qui alias molestias minima et qui quia assumenda aliquid amet esse necessitatibus occaecati vitae aperiam dolores numquam nihil laboriosam ab reiciendis rem et beatae ut et illum aut quae vel eos vel harum odit laudantium totam consequatur eveniet aliquam ut ullam architecto exercitationem molestias sequi autem molestiae eius laudantium aspernatur ut non dolores rerum unde placeat commodi sint quo labore ut velit at cum non molestiae sapiente totam culpa eaque quibusdam est incidunt veritatis odio atque iusto quae numquam odit quo quos delectus natus est commodi aut omnis laboriosam accusantium ut voluptatem voluptatibus numquam.', 'id,laboriosam,earum', 'Sint ipsum ut cupiditate quas.', 'est,ratione,repellat', 0, 1, '2022-11-05 13:48:29', '2022-11-05 13:48:29', NULL),
(90, 2, 'Labore quod occaecati autem.', 'labore-quod-occaecati-autem', 44609, 132, 4516, 7367, 7801, 5459, 1, 'products/03.jpg', '[\"products/02.webp\", \"products/05.webp\"]', 'Perspiciatis ut aliquam nobis corrupti inventore iure laboriosam voluptate fugit quas nostrum sapiente dolorem dolor et itaque est ea ut perferendis perspiciatis molestiae itaque sed delectus autem fugit fuga qui aspernatur sit ut iusto ipsam et quod accusamus cupiditate enim mollitia rerum nisi ea id autem nobis suscipit inventore animi culpa consequatur autem eum a iure asperiores consequuntur tenetur et magni aliquid aut voluptates tempora facere modi et eveniet excepturi quia magni natus iste quia distinctio sit labore modi tempore et ab tenetur assumenda perspiciatis autem quis doloribus veniam ad facere et aut rerum quae fuga voluptatibus nihil voluptate alias sit unde itaque unde inventore minus ex sit quaerat autem nam rerum omnis autem aliquam et voluptatem eum optio quis odio quasi quia voluptatem nisi non qui nisi qui delectus aspernatur at fugiat tempora voluptatibus aspernatur blanditiis necessitatibus nesciunt natus optio id veritatis nihil eos quia magnam incidunt temporibus quia quas earum quos commodi nam saepe dolores quo ut provident aut nam eaque sunt quibusdam vel qui voluptatem dolor rerum aut explicabo assumenda quae quidem labore tempora enim eius et sit asperiores quibusdam minima quam ipsum esse et suscipit ea laudantium praesentium quia voluptate repellendus quam accusamus autem ipsum aut est ut eaque animi sed eos architecto corrupti voluptatem repellendus voluptatem ad aliquam quo eaque pariatur quod illum facilis ut sunt voluptatem iusto quos rerum optio modi cumque assumenda soluta sequi dolore dolor voluptas dolor voluptas voluptatem consequatur velit quia aliquam earum qui natus recusandae qui eaque laudantium id est aut maiores consequatur.', 'Veniam suscipit.', 'Dignissimos enim est sunt veritatis officia sint culpa vel debitis et ut cumque quae neque tenetur eligendi et deleniti et labore aut eligendi adipisci vel consequatur nostrum ea sapiente sequi dignissimos sapiente molestiae nulla molestias et explicabo voluptatibus quo commodi exercitationem eos error molestiae recusandae molestias harum tempora omnis ad magni molestias natus fuga praesentium labore quia aut nobis illo nostrum laudantium distinctio voluptatum quia excepturi aut qui autem sapiente mollitia error aut aliquam placeat et repellendus ab quae sed alias hic vitae minima corrupti quia voluptas et repudiandae aliquid optio et ab molestiae velit aliquid nesciunt voluptas autem maiores praesentium nobis labore corporis eligendi eum fuga quibusdam sequi et temporibus enim culpa officia reprehenderit soluta et tenetur sint iusto quidem repudiandae autem iure rerum repudiandae ut quibusdam eligendi magnam ut nobis excepturi sit animi vel accusantium eaque inventore nemo aut labore qui aut tenetur nesciunt quam numquam quos fugiat quod minima facilis reprehenderit ratione nihil nisi et et officia hic quia vel esse aspernatur blanditiis aspernatur ad vero qui nihil hic doloribus debitis laborum pariatur commodi ut corrupti officia sit est earum vero aut vitae aliquid esse nemo nemo quo eligendi doloremque debitis velit ut distinctio modi eos nulla eos nobis delectus corporis voluptas sint nostrum aperiam eos sapiente occaecati error deserunt consequatur qui est rerum est enim non nihil ea nobis rerum debitis ut quasi nobis ut nostrum et corporis aut consequuntur tempore animi assumenda iusto id laboriosam est sit hic minus.', 'autem,est,sint', 'Blanditiis eligendi ipsum.', 'assumenda,nam,consequatur', 0, 0, '2022-11-05 13:48:29', '2022-11-05 13:48:29', NULL),
(91, 4, 'Repellat nobis nesciunt quod possimus.', 'repellat-nobis-nesciunt-quod-possimus', 6454, 362, 3912, 1240, 7019, 5289, 1, 'products/03.jpg', '[\"products/02.webp\", \"products/05.webp\"]', 'Totam consequatur quas impedit minima velit blanditiis repellendus vel officiis reprehenderit similique molestiae dignissimos expedita quo delectus quia ut sit odio error autem libero voluptatem reiciendis voluptatem sapiente ratione inventore necessitatibus odit vero aut temporibus unde aut quidem eum fuga nobis blanditiis blanditiis aut id perferendis et magni atque velit est quod accusamus sapiente nam fugit et provident itaque illo perspiciatis eligendi dolorem voluptas tenetur nihil necessitatibus quibusdam explicabo asperiores architecto sed dolores odio aut ut qui eos iusto nam eveniet optio possimus autem voluptatum facere quisquam architecto dicta voluptatem sed doloribus in autem ut aut qui necessitatibus cum repudiandae voluptas doloremque quidem placeat architecto quibusdam molestiae asperiores est qui maxime qui dolores possimus deleniti provident suscipit quo odio et nesciunt asperiores molestiae esse et asperiores deserunt illum magni dolorem architecto veniam molestiae temporibus voluptatum sed voluptas ea saepe molestias ipsa officiis inventore dolore deleniti assumenda sint est aut qui mollitia et repudiandae repellendus corporis aut qui beatae modi natus nam minus est magni officiis soluta nesciunt quidem similique officia error quis magnam itaque velit et repellat qui porro minus dolor sit ipsa temporibus est et praesentium amet et consequatur ut alias dignissimos facere veritatis error blanditiis perferendis asperiores ipsa ducimus ut est nihil distinctio assumenda nihil beatae.', 'Corrupti vel aperiam.', 'Assumenda ratione ab maiores id delectus officia aut ipsam architecto facere et necessitatibus nihil laborum dolor alias aut soluta deleniti pariatur est ut eveniet fugiat atque voluptas rerum aperiam non nobis ducimus et et veritatis velit sed facilis sunt quo aut est quas et incidunt consequatur aperiam voluptates eius nobis atque distinctio eius ut maxime laborum quod quaerat aut sequi excepturi cumque minima veritatis voluptas dicta eius eos inventore dolores occaecati voluptatibus rerum in eveniet voluptatem non distinctio et iste et molestias ut sequi libero rem sed modi expedita nam nulla sit sit fugiat ipsa amet ipsa quisquam ipsam et aliquid dolorum cupiditate magnam quis dolorum harum sunt sint sit corrupti eveniet placeat est qui et voluptatem aliquam necessitatibus exercitationem ratione numquam provident quod ut praesentium rem qui odit facere quasi dolorum deserunt et eius illum qui ipsa recusandae beatae occaecati at accusamus ex maxime mollitia quia expedita voluptate et nihil esse non ut quidem vitae omnis voluptatem debitis excepturi qui natus fugit enim perspiciatis dolores occaecati saepe ab blanditiis ut odio omnis sint qui qui aut quisquam iusto reprehenderit beatae reprehenderit autem doloremque maxime est perspiciatis quia et aut laboriosam quia voluptates quibusdam sed quos sit odio velit ut aut earum earum aut ducimus recusandae velit magnam quo iure aliquam beatae corporis tempore beatae illo et aut molestias soluta dolor commodi sint maiores repellendus non eaque tenetur autem saepe aut mollitia ut sint unde et voluptatum magni consequatur et provident facere iure dolores neque veritatis officia nobis nam et officia provident cumque modi rerum consequuntur ea quia est iste iure at saepe a tempore aut numquam sit alias et occaecati numquam repellendus et occaecati aliquam esse magni et adipisci et aut qui dolor sed et repellendus vel architecto est et unde non incidunt recusandae aut facere nam aut quo inventore ipsa eos est fugit officiis consequatur ut praesentium animi adipisci quis architecto et fuga totam sequi voluptas error repellat est quia reiciendis autem est iste fugiat voluptate ipsa asperiores quam autem eligendi ut omnis eos molestias tenetur provident tenetur occaecati cum et explicabo et vitae numquam ullam animi aut dolores aliquam esse deserunt ex provident numquam doloremque culpa quas ea omnis placeat iusto repellendus dolor voluptatem.', 'aspernatur,ratione,ad', 'Dolor eius sit nobis.', 'quia,reiciendis,alias', 0, 0, '2022-11-05 13:48:29', '2022-11-05 13:48:29', NULL),
(92, 10, 'Voluptas adipisci velit earum voluptate.', 'voluptas-adipisci-velit-earum-voluptate', 99135, 769, 3873, 9284, 8656, 3023, 1, 'products/03.jpg', '[\"products/02.webp\", \"products/05.webp\"]', 'Odit itaque iste necessitatibus rerum error facere ducimus eum eos voluptatem et ea rerum accusamus repellendus pariatur ut voluptatem laudantium officia rem quaerat consequatur quis vel molestias et aperiam laboriosam aliquid aliquam deserunt exercitationem ullam officia libero odio sed molestiae ea ducimus quaerat dolorem minima rerum quo eum delectus occaecati aut ipsa ad veniam velit dolores molestiae eum dolor laborum minima voluptas est alias aut harum similique et optio pariatur error nam quia optio ipsum nesciunt voluptas in at amet et consequuntur delectus soluta corporis sunt rem est qui nulla porro magni omnis ut enim reprehenderit voluptates dicta molestias necessitatibus hic eos sint molestias optio eum eos ea facilis commodi veniam quis et eum ullam dicta id modi autem ut veritatis quidem aut eos sed non quidem vel quam dolores non ipsa hic dolorem in quia id beatae aut ipsum distinctio accusantium quisquam ut magni quasi sint ad non aut perferendis fugit voluptas minus ut sint dolore est amet doloremque exercitationem molestiae earum itaque atque ea doloribus aliquid ducimus consectetur sint occaecati quod reprehenderit qui dicta magni autem aut voluptas rerum voluptatem modi unde corrupti repellat eveniet quod et aut reprehenderit officia et molestiae velit saepe tempora nulla beatae veritatis odit quisquam similique voluptatem cum rerum harum labore est expedita architecto quia enim unde ea placeat fugiat architecto iste ab quo libero nisi autem quos debitis repudiandae eum consequuntur iste esse aut quam odit quia maiores libero inventore ut explicabo voluptatum voluptatem corrupti dolorum perferendis soluta ipsa voluptatem quisquam necessitatibus natus ut sed distinctio impedit nam consequatur aut sed alias aut est alias adipisci et maiores aspernatur facere adipisci dolores non sunt cupiditate accusantium architecto magnam dolores quae facilis sit vel voluptas ab similique voluptate nostrum autem voluptatem mollitia non blanditiis officiis rerum et at qui sequi voluptatem.', 'Sed non rerum.', 'Non aut quisquam non aut laboriosam quia sunt consectetur tempora perspiciatis doloremque commodi voluptatem quia qui et ut ea molestias dicta facere perspiciatis sit maiores omnis qui consectetur exercitationem dolorem ducimus vel deserunt autem sunt ipsam alias maiores quis qui nihil minima distinctio iusto deleniti reprehenderit quo aut quod laboriosam quod pariatur vel est omnis fugit molestias repellendus nemo et autem voluptas dignissimos molestiae rerum nihil velit reiciendis labore modi amet voluptatem exercitationem sed in aut illo voluptate eligendi explicabo dolores sunt architecto saepe consequatur et a aspernatur animi dolorum explicabo hic aperiam quae nesciunt sit provident et fuga reprehenderit quasi suscipit eveniet cupiditate dolor et ut aut perspiciatis nam quaerat sint vel porro earum qui sequi illum exercitationem est odio qui culpa et voluptatem nam doloribus dignissimos aut fugiat reiciendis atque sint ut beatae quidem repudiandae et reiciendis odio et praesentium ut laboriosam voluptas ex omnis quis amet quo suscipit sint quo officiis dolorum quam impedit ipsam eligendi at ducimus aspernatur sit itaque quia et quod quidem qui repellat qui harum alias dolores corrupti dolor excepturi laborum nostrum similique quasi fuga est et non nulla facere fugiat reprehenderit et quis consectetur molestiae minus placeat veritatis quasi laudantium ad debitis facere voluptates rerum ullam pariatur ut qui consequatur debitis possimus eius molestiae quisquam placeat vel et reprehenderit magnam aut quia commodi corporis consequatur exercitationem laudantium doloremque illum et fugiat a ut facere nam quis suscipit exercitationem dignissimos ut est culpa tempora doloribus ab natus perferendis corporis nihil et necessitatibus distinctio sapiente voluptas culpa enim est quod exercitationem cupiditate eos quae voluptate voluptatem sunt accusantium soluta eum quia ut eaque quasi laborum possimus quasi maxime nostrum quis magni.', 'dignissimos,ex,possimus', 'Praesentium illo assumenda alias.', 'beatae,autem,quam', 0, 0, '2022-11-05 13:48:29', '2022-11-05 13:48:29', NULL),
(93, 1, 'Ut aspernatur exercitationem.', 'ut-aspernatur-exercitationem', 57680, 206, 1089, 6602, 4231, 9764, 0, 'products/03.jpg', '[\"products/02.webp\", \"products/05.webp\"]', 'Accusamus id est est similique fuga ut qui eum ipsam aut qui id in autem qui fugiat ut doloribus labore magni optio et necessitatibus repellat nostrum voluptatem explicabo fugit aut aut assumenda quos id fugit repellat blanditiis officia deserunt rerum facilis iure aperiam facere dignissimos inventore corporis fugiat labore et repudiandae quae aut ducimus dolorem repellat et quae magnam porro officia et tempore officia in earum quisquam quia velit corporis aut et molestias dolores quis laboriosam laborum nesciunt error quod voluptatem et id rerum odit aut aut id consequatur in et in aut ullam excepturi laboriosam iste repellendus est vero temporibus laboriosam quia aut dicta error qui doloremque inventore nostrum ut et et dolor consequuntur magni iure et suscipit facere iusto corrupti soluta voluptas fugiat error dolorem doloremque vero sit voluptatibus facilis quisquam aspernatur similique recusandae nobis voluptatem accusantium soluta quod aut cum consectetur ea accusantium laboriosam enim aperiam suscipit ratione pariatur eos voluptatibus est assumenda omnis laudantium voluptas rem quo vel blanditiis hic ut laboriosam architecto harum modi omnis officiis recusandae aut vel saepe eveniet enim tempore animi id quidem voluptatem dolor molestiae nostrum officia libero ut repellat maxime voluptatem quod asperiores dicta minus cupiditate porro dolorem minima accusamus et non veniam fugiat dolores facere quo sequi dignissimos rem et iusto totam tempora unde placeat placeat sunt dolorem ad esse qui ipsum tenetur totam veritatis soluta debitis dolores illum exercitationem et qui provident non nisi sit id fugit nihil quis iusto non eum incidunt modi maiores distinctio facere consectetur vitae odit quisquam repellat accusamus temporibus magni quia excepturi necessitatibus accusamus tenetur aut illo quia natus ut temporibus veritatis voluptate nihil numquam cumque nesciunt enim excepturi qui ea sapiente laudantium unde illo atque aperiam rerum animi aliquid et ut aut nihil voluptatibus in ut reiciendis dolorem in quae magni est cum vel cumque dicta.', 'Expedita earum est debitis.', 'Quae quia labore laudantium ducimus omnis amet dolorem aperiam voluptatem doloremque aut nihil sit ut sit sint incidunt eligendi molestias sunt ea inventore et occaecati qui soluta ut vel dicta distinctio laudantium aut sunt occaecati ut deserunt sunt molestiae optio voluptate adipisci totam illo perferendis qui voluptas aliquam sit sint est optio ullam rerum hic laborum non deserunt sunt ipsum qui earum non sed corporis qui deleniti distinctio aperiam occaecati ad minima et vel dolores et earum sed esse eos sit autem ea vero placeat rem explicabo qui placeat quia consectetur incidunt sint est exercitationem adipisci voluptatem praesentium quis et non tenetur sed rerum harum nisi quibusdam voluptatem dignissimos fuga accusantium inventore ipsam cumque et possimus esse dolores nulla maxime non odit est animi vel illo id et nesciunt totam rerum esse minima iusto aut dolorem recusandae aut vel iste rem dicta at maiores quibusdam dolores ab quisquam quis aliquam deleniti nemo similique dicta ratione animi in qui assumenda dolores nesciunt nulla et voluptas vel eius ipsum voluptatibus voluptatum magni aliquam ipsum reprehenderit molestias voluptatibus expedita debitis et architecto hic error.', 'nulla,sit,voluptas', 'Omnis debitis eaque dolor.', 'vel,mollitia,tempora', 0, 1, '2022-11-05 13:48:29', '2022-11-05 13:48:29', NULL),
(94, 6, 'Consequatur labore.', 'consequatur-labore', 47889, 990, 9131, 39, 1225, 6224, 1, 'products/03.jpg', '[\"products/02.webp\", \"products/05.webp\"]', 'Neque omnis in earum vel nulla unde aut itaque non minus aut et cupiditate harum autem a dolor ipsum ratione est et deleniti facere facilis voluptate quia dolores debitis saepe nostrum culpa vitae placeat rerum sapiente illo et aut neque voluptatem officia delectus vel eligendi qui ex voluptatem adipisci placeat esse est hic labore similique neque omnis est dolor harum aut qui suscipit non laboriosam tempore aut omnis ut id enim est qui rerum esse occaecati enim illum quia aspernatur et id repellendus est necessitatibus deserunt et commodi ipsam amet consequatur eligendi minima consequatur possimus beatae dignissimos eum ullam repudiandae omnis in tempore aspernatur est totam sit laboriosam laudantium numquam adipisci eius corrupti ut voluptatibus quia nobis dolorem deserunt ipsum perferendis facilis et ut officiis et unde est quo et ea debitis quos et incidunt in ut numquam quia quo consequuntur quibusdam eum quae quisquam omnis repellat quidem et eum cupiditate nobis quaerat doloribus placeat expedita officiis reprehenderit doloremque et odit ipsa est quaerat debitis qui aut totam est ipsa dolores adipisci mollitia et et saepe eveniet asperiores voluptatibus nesciunt sit voluptatem aliquam vel sint perferendis atque qui dolorem distinctio quia dolores inventore voluptas at qui quasi est commodi consequatur sed quia voluptate labore quasi accusantium molestiae dolore sed nulla expedita est voluptates tempore nemo quo nihil ea expedita excepturi qui excepturi labore et labore placeat et at corrupti nam laudantium est est qui voluptatem labore vel delectus quae provident dolore maxime blanditiis qui ipsum corporis qui et et maxime perspiciatis repellendus sunt et alias ex occaecati aut recusandae libero quibusdam tempora praesentium et non asperiores ut expedita ut culpa et ipsam nihil consequatur numquam est accusamus laudantium ab magni fuga cumque dolor autem minus nobis dignissimos temporibus non quia doloremque ut ut dolorum tenetur exercitationem dolores eveniet aut maiores iusto voluptas asperiores incidunt est occaecati rerum voluptas eum quia occaecati impedit necessitatibus et qui sit impedit est ex excepturi rerum voluptatem culpa et eos ut repudiandae officiis rerum et molestiae sed libero sapiente sint odit id est dolor harum repudiandae tempora ut et aut est nam qui in molestias aut voluptatem minus non quas earum aut inventore suscipit ut voluptatem et vitae rerum necessitatibus eos commodi ratione et qui dignissimos rem quis libero neque et alias unde adipisci.', 'Consequuntur ut ratione.', 'Dolorem sequi praesentium ea consectetur earum commodi delectus sit pariatur vel omnis nobis et corporis illum aut animi minus officiis alias voluptas occaecati et laudantium ut rerum aliquid doloremque magnam aliquam ducimus voluptas distinctio cupiditate nesciunt repellendus alias neque qui qui sed dicta quasi et ut voluptatem cum corporis repellat voluptates est quia quia quibusdam facere voluptatem esse eveniet hic alias qui ratione laudantium amet sint hic officia maxime reiciendis modi numquam natus fugit et est nisi iure ad assumenda et et rerum officiis sequi alias cupiditate ducimus ipsam impedit et reprehenderit voluptate hic possimus voluptatum ut quo harum perspiciatis aut temporibus sapiente eos voluptas esse voluptatibus sapiente nostrum rem quae consequatur at laborum minima voluptas porro et tenetur sapiente labore enim dolorum consequatur rerum eligendi odit voluptas et in culpa et impedit pariatur quas velit aut natus esse aut maxime deserunt et error sed omnis nihil optio aut voluptatum officiis nesciunt qui aut ad sit velit dolore sapiente deserunt voluptas perferendis sunt unde sunt sit culpa aut dolorem ut aut dicta quibusdam consequatur ut iusto omnis voluptatem provident enim alias ipsam ut ipsa blanditiis aliquam quae aperiam voluptates expedita voluptatem veritatis error molestiae quos cum consequatur nemo sit illo officiis molestiae ut consequatur sed omnis perferendis aut praesentium quas rerum sed est vitae corrupti voluptatem atque maxime praesentium et quia placeat dolor qui dicta nisi architecto ex eos quam ipsam eligendi tempore architecto non voluptas pariatur cum provident cum et similique qui voluptas magni officiis laborum aut suscipit odit sed ea eos architecto quas voluptas illum sed laudantium dolor quia assumenda.', 'rerum,amet,excepturi', 'Illum sunt velit est.', 'voluptatum,recusandae,non', 0, 1, '2022-11-05 13:48:29', '2022-11-05 13:48:29', NULL),
(95, 8, 'Porro voluptatum ipsa.', 'porro-voluptatum-ipsa', 18297, 687, 6486, 2607, 9802, 9090, 0, 'products/03.jpg', '[\"products/02.webp\", \"products/05.webp\"]', 'Cupiditate voluptatem vel commodi aperiam inventore omnis consequatur dolorem tempore qui et ea ut aut aspernatur eos sed vero et dignissimos enim cupiditate sit rerum ipsa unde fugiat ducimus recusandae voluptas cumque quibusdam sit minus non nihil rerum magni impedit porro sed et tenetur similique dolor eveniet autem quisquam animi magnam et sed eveniet temporibus molestiae sunt culpa sint animi omnis saepe reprehenderit voluptas rerum velit aut recusandae facilis ullam sit sunt maxime et distinctio ab qui quis nisi voluptates odio laborum rerum esse officiis voluptatem in pariatur harum qui esse est hic iusto voluptatibus veniam id omnis est inventore inventore aliquam qui laudantium dolores illo et eveniet quis incidunt modi officia aspernatur perferendis quia consequatur dicta ad minus rerum nihil exercitationem aperiam eaque et ad deleniti est aut et vitae quos aliquam saepe omnis quisquam voluptatem et totam earum ducimus veniam quaerat hic aut voluptate eos voluptate voluptas aut iste perferendis quasi accusantium molestias ut dolores vitae porro consequuntur rerum ducimus blanditiis nobis unde ex voluptatem tenetur iure accusantium cum quae sed harum molestiae eligendi tempora libero unde voluptate id enim tempora non et animi facilis voluptates vel facere quasi debitis similique perspiciatis rem asperiores voluptatem quam optio accusamus a exercitationem natus sit aut facere molestiae ab iure cum quia debitis quo nulla vel animi autem hic alias occaecati deleniti perspiciatis occaecati sed ea nobis debitis earum et corporis qui nulla et velit dolores voluptatibus est nostrum accusantium soluta accusantium reiciendis autem illo voluptatem et laboriosam possimus nihil libero at velit natus ipsum non laboriosam doloribus repellat impedit ad et dolores libero ut quis quo aliquid perspiciatis aperiam porro eius vel quis magni corporis recusandae cupiditate quia quis autem earum qui error tempora in ipsam quia aut debitis ut accusantium doloribus corrupti ab voluptatibus iste placeat molestiae eos dicta illo dignissimos recusandae qui sunt dolorem iste et dolor assumenda neque at id magnam corporis qui provident assumenda perspiciatis voluptas excepturi aliquid voluptates rerum voluptatem ipsam sint maiores amet ut repudiandae voluptatum et at.', 'Tempora aut ipsum nemo.', 'Aut rerum consequatur facere dolor cumque eum facilis qui aperiam quia voluptate adipisci praesentium esse quas magni praesentium dolores quaerat repellat ut nam dolor aut aut non reiciendis laboriosam veniam voluptatem repellendus molestiae consequatur id id corrupti fugit hic officiis labore aliquid id minima quasi eos pariatur deleniti possimus corporis eum ea eum sed ducimus eaque nostrum ut et aut praesentium quia corrupti commodi cupiditate quia autem voluptas modi corporis qui sint ut provident doloribus distinctio rem cum necessitatibus mollitia reprehenderit harum omnis sed libero cum consequatur iste voluptatem vero veritatis voluptatibus rerum et unde molestiae possimus ducimus architecto et laudantium illum excepturi qui quia eum dolores aut voluptate a iusto id et quia facilis esse veniam voluptas qui voluptas id minus eum odio corporis ipsam fugit dolores quis nihil explicabo et vitae architecto aperiam odit natus expedita quidem odio a ut ipsa saepe corporis eum deleniti odio officiis et corrupti labore sit minus laborum quae dicta voluptas sunt voluptates occaecati ex quia ut eligendi amet quos aut eos ab distinctio dolorem libero consequuntur amet qui atque eaque maxime autem beatae sit sapiente perspiciatis explicabo omnis vitae asperiores qui quo in a quam qui eum consequatur error vitae earum fugiat earum eos temporibus quas atque eveniet blanditiis vitae qui at cum numquam ullam quas molestiae nobis non est reiciendis rerum beatae sunt sint eius sunt aliquid odio provident explicabo illo error totam distinctio nulla in minus voluptatum autem occaecati vitae nobis similique natus voluptatem ex natus molestiae quia dicta itaque adipisci cum numquam aut molestias ipsam quos debitis sapiente excepturi ab eveniet consequuntur molestias quidem voluptatum et qui eum nam unde facere et nihil qui ut in enim quaerat error voluptas similique explicabo autem sed perferendis magni odio debitis non qui ex accusantium porro amet ex velit in cumque ut error et rerum et nihil aut omnis beatae voluptate accusantium maxime numquam architecto cumque autem error itaque aut magnam autem et tempora sed perspiciatis dolores quis perspiciatis voluptatibus rerum doloribus earum sunt qui cupiditate id officia blanditiis provident rerum quam consequatur quam est amet similique est sunt dignissimos id voluptatum sit ratione culpa et nobis sit architecto ratione sunt eum voluptatem quis est asperiores laborum nemo in.', 'sapiente,rerum,voluptas', 'Voluptas necessitatibus nobis.', 'velit,illum,corrupti', 0, 0, '2022-11-05 13:48:29', '2022-11-05 13:48:29', NULL),
(96, 6, 'Laudantium earum tempora.', 'laudantium-earum-tempora', 28411, 88, 3672, 3305, 5233, 785, 1, 'products/03.jpg', '[\"products/02.webp\", \"products/05.webp\"]', 'In ratione quia voluptatibus ipsum et ex sapiente consequatur voluptas expedita est autem asperiores praesentium autem non unde possimus molestiae et quisquam et velit accusantium consequatur quaerat molestiae reprehenderit atque dignissimos a voluptas harum qui laborum quo tenetur sit provident atque aliquam illo voluptatum tempora numquam quaerat quos non odio modi voluptatum non incidunt et quae adipisci et non sed magni aut amet doloremque ipsum illum rem a nam iure dolores atque autem distinctio aspernatur consequatur excepturi quo aliquam nostrum et voluptate et sit praesentium ex qui sunt libero amet facere velit dolor qui sit corrupti nobis qui minima voluptatem qui vel aut nesciunt labore quis odit amet repellendus veniam fugit nobis nemo voluptatem et qui quam blanditiis dicta vero aut quasi esse quae ut eligendi nemo sunt quia deserunt itaque corrupti earum possimus numquam non facere iste quae cupiditate repellendus eaque commodi libero repellendus cumque accusamus quis facilis molestiae corporis numquam inventore sit ex minima natus error distinctio natus voluptas sunt aliquam consectetur minus accusamus sint vel consequuntur quis exercitationem porro explicabo a ullam libero autem aliquid quidem eos quisquam beatae quidem repudiandae ipsa molestiae qui enim iure voluptatem neque est ut quaerat cupiditate ea sunt qui et beatae odio voluptas nisi est quo et voluptas doloremque itaque voluptates commodi adipisci dignissimos quibusdam eum tempora assumenda voluptatem sed sunt ab eum laborum molestiae optio doloribus iusto minus temporibus non magnam dolor ipsa quis quis odit minima id ipsum accusamus labore illo aut quo aut vel laborum nam et ut tempora sit optio est quis explicabo delectus et dolor repellat est nesciunt nemo sit maiores qui tempore sequi reprehenderit laudantium impedit et quos non iste quo odit et quia cupiditate explicabo rerum natus distinctio animi perferendis mollitia repudiandae dolorum deserunt ut eos alias deleniti necessitatibus eveniet dolor voluptatem amet impedit distinctio voluptate eligendi consequatur ipsa quo qui id quasi delectus velit consequatur aut eos ab rem quos repellat facere est et reiciendis esse pariatur non quisquam sed nesciunt omnis cumque sed dignissimos quisquam consequatur.', 'Nulla maxime.', 'Quibusdam iure voluptatem illo aut optio molestiae sit ab excepturi nihil fugit dignissimos ullam expedita perferendis iure minima velit nobis ut praesentium voluptatem quisquam quis nisi incidunt delectus accusamus autem adipisci qui aliquam ipsum veritatis similique incidunt minima ad numquam nesciunt commodi accusamus voluptas fugiat libero sint nobis quidem ipsum distinctio hic harum illo odio dolores aut eaque culpa illum distinctio et ipsam velit nostrum sed in sed repellendus necessitatibus qui quos aliquid accusamus culpa tenetur ea libero inventore nisi ipsa non rerum sit nulla dignissimos similique praesentium optio laborum temporibus deleniti ipsa a ut quis saepe nesciunt minus omnis tenetur tenetur aut harum dolorum veniam eligendi eum minima voluptatibus voluptas in quo architecto velit consequatur consequuntur praesentium et neque illo dolores aut architecto facere aperiam ut earum ut nulla repudiandae aut velit veritatis ea animi quisquam et fugiat ratione ipsum ut nam magni sint natus voluptas quia aut quia neque molestiae explicabo porro voluptas autem quidem fugit possimus quod sit sit vitae quia placeat quis eum aut alias omnis eum voluptate et ex unde labore velit dolor earum error sequi nisi voluptatem autem explicabo libero necessitatibus exercitationem eius id id cupiditate autem ullam impedit eius qui qui enim sed deleniti ab dolor dolorem distinctio ab accusamus aspernatur excepturi corporis et aspernatur delectus mollitia ut in consectetur autem dolor a atque non rem libero eum est eaque non atque commodi quaerat recusandae sequi praesentium repellendus iure ullam voluptatibus quasi fuga ipsa at in et ipsa est quos natus recusandae enim aut sunt assumenda et debitis a voluptate sequi eaque molestias totam ullam molestiae assumenda dignissimos illo ullam est illum nemo sapiente qui neque veniam qui esse consequatur ad cum aspernatur quis corrupti facilis ut aut accusantium similique ex doloribus enim at totam asperiores nisi qui sapiente id esse sint voluptas qui eum aperiam quo non distinctio facilis nisi nobis eaque consequatur corrupti dolorem quae minima laborum et cum molestiae optio itaque perferendis eligendi hic sint doloremque velit et qui vitae minima sint magni porro qui eius et porro suscipit facilis pariatur et aut ducimus expedita necessitatibus enim delectus sit qui animi dolorem natus quis odit est facilis voluptate repellendus non error sed earum sequi rerum aspernatur dolorum eveniet aut et natus animi commodi voluptatem aut laborum fugit veniam distinctio quis inventore molestiae similique quas ut voluptas totam sit eius a magni fugit molestiae accusantium eum excepturi et est sit perferendis aut aut saepe autem tempora qui ut reprehenderit quibusdam molestias est voluptatem quam aut sed delectus quasi quaerat.', 'voluptas,asperiores,labore', 'Voluptas qui officiis est.', 'expedita,perspiciatis,maiores', 0, 0, '2022-11-05 13:48:29', '2022-11-05 13:48:29', NULL),
(97, 10, 'Aut dolor quibusdam.', 'aut-dolor-quibusdam', 1883, 156, 6559, 4194, 5950, 3990, 1, 'products/03.jpg', '[\"products/02.webp\", \"products/05.webp\"]', 'Dolores nobis laudantium quam possimus a provident inventore sint ad accusantium eius reiciendis ratione minus eaque numquam nemo dignissimos aut perferendis exercitationem molestiae possimus quas quis consequatur omnis autem pariatur quis minus voluptatem qui ipsam error porro id voluptate est maiores est sed accusamus et quia aut porro delectus beatae explicabo deserunt modi corrupti et sit velit eos dolores a in est voluptatum quia placeat doloremque ut expedita quaerat cumque et aut cumque impedit dicta at blanditiis autem necessitatibus possimus ut et asperiores numquam aut sint non omnis necessitatibus et ullam temporibus animi officiis at dolor aperiam iusto quos harum veniam occaecati consequuntur dignissimos eveniet illo eos laudantium est facere illum iste consectetur voluptatem repellendus qui rerum omnis magnam nostrum repellat commodi qui natus ex numquam maxime est recusandae sunt doloribus dolores autem necessitatibus quis nobis magnam ea non enim repellendus corrupti dignissimos unde atque ipsa maiores libero fugiat et perferendis hic unde necessitatibus et a qui sit architecto ex quos voluptate qui hic minus suscipit facere dolores praesentium vitae sapiente voluptatem illum repudiandae aliquid nihil est facilis quos qui fugiat porro consequatur mollitia molestias quisquam veniam qui et et quia minima occaecati aut eos autem velit mollitia eum qui recusandae consequatur necessitatibus vitae dignissimos exercitationem eos id sed ad eos atque enim ut sed et repellendus ea ea quia inventore quo ut pariatur voluptatibus est id velit earum ut odio enim distinctio nihil excepturi ducimus perspiciatis sit et dolor praesentium velit aperiam et ut unde voluptatum est et est est qui et maiores perspiciatis facere amet laudantium placeat esse illo et et saepe occaecati consequatur quo voluptatibus nihil consequuntur ipsum maxime odio autem sed quia omnis excepturi est quo et error earum at sunt voluptatum dolorum sunt inventore eos repellat laborum velit a cum pariatur ratione vel aspernatur iure minus nobis alias cumque eligendi est fugit tenetur corrupti voluptas ipsa sunt commodi voluptas saepe suscipit officia voluptatum et autem molestiae accusamus sequi suscipit aut quam sit saepe repudiandae inventore magnam quia non fugiat expedita ab temporibus et numquam harum reprehenderit id nemo blanditiis labore et minima beatae sint illum similique quae dolorum quidem sit doloribus non repellat aliquid repudiandae aliquid ipsam deserunt voluptatem quam rerum non quaerat rem sed qui odit tenetur et qui quia enim excepturi iste porro et non tenetur aut ipsam voluptas mollitia ipsum sapiente accusamus autem soluta neque tempora sunt maiores animi id enim ut quo sint nihil eius ipsum quo praesentium sunt voluptas tempora laudantium repellendus.', 'Et autem suscipit.', 'Deleniti officiis architecto provident voluptas ut dolore omnis illo labore cupiditate temporibus nihil atque laudantium temporibus ex ipsam debitis quisquam quia sed voluptatem quod nulla quia soluta voluptatem dolor vero recusandae iure adipisci odit inventore et quas molestiae iure voluptas omnis distinctio et perferendis et rerum a iure saepe minima quis ad sit possimus magnam assumenda aut consequatur qui laboriosam minima aut iste repellat repellendus explicabo rerum esse et dolores eaque commodi ipsam et eum ut sequi doloribus velit deserunt odio nihil asperiores veniam molestias repellendus quod quos sequi molestiae maiores quia debitis modi enim sequi dolorum praesentium nisi reiciendis ut eveniet amet cum voluptatem aut consequatur aut voluptas earum architecto sunt tenetur deserunt molestiae cumque consequatur placeat dolor quasi eos enim nemo dolorem ut ut assumenda cupiditate alias nisi possimus nisi quae facere et magni id fugit quo recusandae sed ut omnis dolores ea eos eaque tempora ea impedit voluptas pariatur quibusdam laboriosam dolorum quos dignissimos rem sint at dolorem molestias et iure id aliquid reprehenderit id dicta reprehenderit voluptatibus dolorem perferendis voluptas in doloribus eum veniam dolore possimus et est praesentium vel et quo vel et natus accusamus et et voluptas molestias labore repellendus similique voluptatum et impedit ipsa saepe saepe maxime quo.', 'cum,impedit,voluptatem', 'Quisquam quidem consectetur est.', 'quisquam,quia,hic', 0, 1, '2022-11-05 13:48:29', '2022-11-05 13:48:29', NULL);
INSERT INTO `products` (`id`, `category_id`, `name0`, `slug`, `price`, `size`, `thc`, `cbd`, `sku`, `discount`, `discount_enable`, `img_main`, `images`, `description`, `title_seo`, `description_seo`, `keywords`, `plant_type`, `effects`, `rating`, `is_published`, `created_at`, `updated_at`, `deleted_at`) VALUES
(98, 6, 'Qui sit nobis et rerum.', 'qui-sit-nobis-et-rerum', 96899, 27, 242, 9529, 8749, 9101, 0, 'products/03.jpg', '[\"products/02.webp\", \"products/05.webp\"]', 'Dolor fugiat illo quo molestiae ex quae et ullam ut maxime ipsum asperiores et et velit dolores recusandae qui et temporibus beatae quo qui occaecati ut maiores et assumenda consequatur sed in enim sunt unde non voluptatem qui natus alias repellat ut distinctio deserunt tempore est iure et et expedita et dolorem fuga quas et est voluptas dolor rerum non ea ut fuga sed impedit id vitae autem ad est neque est expedita id sint consequatur fugiat sed dolor quia ea quae voluptate ut eum nihil non iste accusantium voluptas quia et quis vitae provident deserunt magni officiis laborum autem a ducimus dicta delectus architecto et non porro quia magni quaerat impedit quia cum et ut quia recusandae ut voluptatem voluptates rerum nobis similique dignissimos in velit dignissimos est et voluptate doloremque in laudantium natus ut eveniet provident natus et velit voluptatem labore maiores et consequuntur minima perspiciatis dicta aut voluptatem nulla ut a aut cumque deserunt sed deleniti nostrum qui impedit odio natus quia fuga aperiam cum saepe doloremque illum natus aliquid omnis corporis blanditiis totam omnis consectetur odio ex eaque unde incidunt nostrum culpa cupiditate aut vel pariatur saepe facere sequi velit assumenda nesciunt suscipit voluptas eius dolore consequatur quam quo totam natus repudiandae eos commodi dicta fugit commodi dolorum enim tempora quisquam quos tempora laborum officia ut nobis doloribus totam et voluptas sunt distinctio ducimus natus culpa magnam quos dolore ullam id ipsum praesentium incidunt eos aut laborum error vel perferendis quia nostrum omnis aspernatur omnis quia dolor possimus debitis autem et consequatur et eveniet et voluptas eos quia corporis dolores omnis consequatur ipsa rerum ea ipsa totam asperiores fuga aliquam repellat fugiat rerum quam quisquam accusamus temporibus hic et deserunt at voluptatem autem ducimus possimus et dolor reprehenderit similique et magnam ducimus animi voluptatem est ex ut ratione modi ex quidem voluptas pariatur.', 'Cupiditate sed optio.', 'Quasi culpa rerum nihil ut atque reprehenderit perspiciatis corrupti eos distinctio quis beatae vitae praesentium voluptatem nisi error et placeat beatae impedit placeat tenetur dolores sed tenetur cumque possimus ab laborum consequatur iure omnis est eius est consequuntur voluptatem sit ea ut consequatur autem illum impedit voluptate et ab tenetur in deleniti iste enim accusantium quidem ratione vitae amet non non officia occaecati debitis rem debitis aliquid consectetur cum aspernatur quia omnis cupiditate eos adipisci et quo consequuntur ab quo rem sunt illum rerum et vitae facilis qui corrupti esse est beatae qui explicabo vitae laborum atque ipsa suscipit doloribus repudiandae alias possimus et dolores amet magni sed et aliquam animi corrupti fugiat nihil aspernatur aperiam qui inventore consequatur nesciunt aut omnis quia sit quam ut sed et eos corrupti laborum voluptatem consectetur nisi repellat rerum sequi perferendis ut vel inventore dolorem quisquam itaque repellendus excepturi saepe quam totam molestiae assumenda neque cumque dignissimos nihil ex sit repellat ut culpa voluptatem eaque sint quia et quam dignissimos distinctio quia consequuntur nihil in rerum itaque asperiores aut provident sequi ea sed id sint error quasi facere est et id est consequatur itaque dolores rem ut laborum neque explicabo ipsum facilis perspiciatis ut aut et vel quia ut illum voluptatem odit voluptas velit modi velit nesciunt sed quia tenetur rerum deleniti aut incidunt minima hic quo voluptatibus adipisci rerum voluptates necessitatibus qui sit fugiat ipsum iure minus dolor voluptatibus non at alias eaque perferendis enim culpa culpa et qui ipsum debitis perspiciatis vitae qui excepturi eligendi consequatur vitae minus dolores molestiae officiis tempora nulla nulla ut eligendi quae repellendus quod doloremque quia ullam provident deleniti facere qui rerum modi nemo quibusdam eveniet vel omnis sed repellat labore molestiae odio maiores veritatis distinctio rerum corporis quasi dicta repellendus delectus non voluptatem quisquam sint consequatur et iste rerum ipsam aut eligendi non sequi rerum sit quibusdam dolores et sequi ipsa quibusdam suscipit rerum perspiciatis dolorem qui eveniet recusandae blanditiis quaerat a molestias reprehenderit voluptatum reprehenderit animi sint enim cum nobis quia expedita id et nesciunt aut et ratione et beatae distinctio omnis itaque sunt et rerum facere cupiditate est natus mollitia eveniet quas amet repudiandae dolores natus nulla quis est ratione eveniet iusto ut vel qui velit eos atque eos cum enim voluptatem necessitatibus qui enim aut rem dolores ipsa nostrum quos enim ea molestiae atque illo neque quia voluptatem ut sit autem deleniti similique explicabo magnam ea cupiditate iusto consequuntur est ullam quia quas fuga aliquid dolorem qui omnis minima maiores.', 'non,odit,debitis', 'Qui provident qui expedita.', 'quia,quidem,est', 0, 0, '2022-11-05 13:48:31', '2022-11-05 13:48:31', NULL),
(99, 9, 'Necessitatibus ipsam quasi harum.', 'necessitatibus-ipsam-quasi-harum', 10566, 355, 7413, 10, 5036, 7452, 0, 'products/03.jpg', '[\"products/02.webp\", \"products/05.webp\"]', 'Et provident saepe dolores aut quos aut repellat illum facilis libero mollitia consectetur quia maiores fugit quibusdam ut velit dolorum eligendi sunt in aut minus repudiandae voluptas perspiciatis omnis culpa dolorem quisquam reiciendis provident quia magni possimus quae sed enim exercitationem eos numquam sint ut dicta officia consectetur aut aliquam quidem illum perferendis in sunt ea voluptatum ex omnis officia voluptatem aut ratione eum quibusdam esse quo aut ab reprehenderit non inventore delectus tempore eos alias dolorem laboriosam porro quaerat qui delectus non quos consequuntur autem dolorem iusto aliquid est voluptatum et aspernatur voluptas dolorem dicta et dolorem libero officia incidunt a qui laborum sint sint quasi eos odio laborum odit nobis harum est unde quis omnis voluptatum qui iste rerum tempore consequatur ducimus nesciunt ut voluptatem et nesciunt ab ea voluptatibus fugiat nostrum officiis perferendis quo voluptatem cupiditate voluptatem provident magni doloribus quis distinctio eum culpa sit ex est eos molestiae voluptatem sint voluptatem dolor minima dolores nemo autem aut officiis doloremque quia ab unde in possimus non error atque nihil nulla facilis quaerat enim qui tenetur commodi eius natus accusantium facilis itaque necessitatibus aut repellendus eum esse saepe eveniet a perspiciatis nemo architecto et maiores accusamus vel hic officiis dolor nisi minus nemo sit laboriosam vel blanditiis exercitationem adipisci quis dolorum omnis qui aspernatur voluptas consectetur nisi inventore quia mollitia accusamus possimus officiis dolores aliquam beatae veritatis et et nostrum magnam exercitationem qui facilis voluptatem aut unde odit veniam impedit repellat ad consequuntur expedita saepe fuga aut perferendis facilis aut odio quisquam harum omnis recusandae qui dicta omnis a officia error placeat repudiandae omnis consequatur alias dolorum qui autem qui sed voluptatum aliquam ut maiores ad provident est porro at ducimus earum blanditiis asperiores consequatur sint ad est incidunt id architecto officiis officia perspiciatis et repellat et nihil molestiae quasi sed et odit sint officia ipsa quam sit est doloremque incidunt dicta ut numquam et nobis sint rem in necessitatibus saepe quod commodi blanditiis quibusdam inventore sequi deserunt accusantium placeat sed vero maiores accusantium deleniti vel aut accusamus perferendis et officiis quo laboriosam aliquid nemo alias adipisci quia qui adipisci voluptatem sapiente nam et ducimus unde deserunt consequatur quis ipsum omnis maxime velit dolorum sapiente modi soluta illum ut consequatur molestiae iure animi impedit.', 'Dolorum consequatur hic.', 'Illo sit non sed perspiciatis et animi temporibus aut soluta impedit soluta nesciunt soluta error saepe ea consequatur eos dolores id aut est ut at fuga porro qui dolor sed assumenda delectus dolorem ab est rem et autem pariatur ex reiciendis recusandae architecto accusamus eos dolores ullam adipisci optio officia modi aliquid temporibus ea et voluptatem temporibus quisquam quia quis culpa occaecati et neque quasi sunt expedita repellendus non quod vel et cum hic inventore at molestiae aperiam quas ipsum dolores omnis ipsum numquam aut velit ratione non sequi ea provident optio omnis molestias et eligendi sed ut maxime commodi autem architecto itaque esse expedita molestiae error molestiae qui facere nesciunt atque numquam numquam voluptas aut ut facere ut labore aspernatur facere amet provident blanditiis excepturi vel unde eligendi placeat deleniti consequuntur qui veniam magnam dolores molestiae nemo qui provident aliquam ipsum explicabo ex error alias dolorum corrupti facilis ea suscipit libero voluptatibus labore cum in magnam et quia dolorem numquam saepe aut nisi illum id tempore animi qui neque tenetur consequatur aperiam aliquid quis sint sit error dolorem rerum veritatis totam non doloremque aliquid recusandae laudantium occaecati explicabo perspiciatis earum est nisi facere consequatur qui aperiam aperiam libero id dolor rerum corrupti eius et ut autem alias et necessitatibus adipisci ipsum voluptas voluptates nesciunt nemo quia adipisci sint eligendi asperiores in qui molestiae blanditiis odit.', 'voluptas,occaecati,aut', 'Possimus similique.', 'natus,minus,qui', 0, 0, '2022-11-05 13:48:31', '2022-11-05 13:48:31', NULL),
(100, 2, 'Corrupti accusamus eveniet.', 'corrupti-accusamus-eveniet', 17043, 537, 5206, 9935, 9978, 9496, 1, 'products/03.jpg', '[\"products/02.webp\", \"products/05.webp\"]', 'Voluptates repellendus quam ex commodi voluptatem laborum officia nemo sequi maiores corporis consequatur neque quis ea omnis in est vel dolores quaerat est illo exercitationem accusantium nihil cupiditate totam quidem ut neque quia ut quia ab architecto dolores non molestiae dolore qui voluptatem nemo minima aperiam inventore est nihil in assumenda sunt id ullam cumque quo ut cupiditate saepe et optio dolorem possimus et cumque error deleniti impedit veniam eum perspiciatis voluptas similique consequatur dicta cupiditate esse voluptas provident rerum aut est et id odit doloremque minus voluptate quo sit porro ea natus voluptatem omnis nihil maiores vitae natus illum optio ea facilis consequatur et sequi sit quos sit rem voluptatem nobis quis ut vel ratione libero delectus tenetur autem atque sit libero tempora id incidunt sapiente et doloribus ut tenetur dolores tenetur id id expedita consequatur quisquam autem autem unde atque itaque atque exercitationem et eum repudiandae qui rem eveniet optio ut doloremque veritatis assumenda officiis voluptate qui natus odit sint asperiores distinctio est cumque odio quis velit fugiat ut odit commodi dolores iste sunt omnis eos et suscipit voluptatibus odio architecto autem assumenda ducimus omnis voluptas quod dolor aut quo facere voluptatum quisquam veritatis harum adipisci ut id ut quo qui dolorum voluptatem soluta deserunt magni doloremque aut suscipit asperiores in exercitationem odio et inventore nobis non quia est illum similique veniam ut soluta qui quidem sit minus quibusdam unde et et aliquam maiores dolorem tenetur mollitia non quia et reiciendis eum a sed culpa quos rerum excepturi praesentium quia eveniet quos unde exercitationem qui eum similique recusandae quasi sed dignissimos est voluptas et quia pariatur ipsum ut ratione quis recusandae accusamus atque placeat dolore exercitationem in non sed sit necessitatibus quasi iste reprehenderit aut optio iste officiis beatae aperiam quo ad quo magni ut eum ut accusamus autem incidunt eos hic blanditiis minima soluta enim voluptas aut est commodi omnis at id modi sed ut accusamus corrupti debitis eius deserunt ut nostrum ex ullam et optio doloribus in omnis nemo expedita repellat culpa mollitia est sed tempore corporis dolores fuga ex laboriosam necessitatibus non nihil libero esse repudiandae ullam ipsam velit officia minima exercitationem dolorem similique exercitationem quasi ut reiciendis molestiae eum error porro et laborum omnis velit qui quia et exercitationem expedita maxime enim consequatur quia laborum excepturi non consequatur qui quo corporis ea tempora vero voluptatum magnam voluptatem quisquam hic sunt et eos est ea est illum alias vel voluptatum dolorem.', 'Cupiditate aperiam maxime.', 'Voluptas odio ipsam fuga quis rem libero asperiores odit quos totam laborum vel suscipit praesentium et ea ut qui aut repellat aliquam omnis est culpa molestiae voluptas omnis distinctio odit ut fuga aut et accusamus culpa eos omnis rerum quia itaque odit corrupti consequatur doloremque amet doloribus commodi voluptate iste magnam quo quasi libero et sit deleniti est consequatur necessitatibus officiis perferendis blanditiis necessitatibus dignissimos autem voluptates accusamus quia aperiam dolorem mollitia voluptates voluptatem fugiat cupiditate amet aut vel totam totam temporibus tenetur eveniet assumenda beatae odit ad suscipit voluptatem distinctio necessitatibus earum velit aspernatur quis velit rerum ipsum distinctio eum nostrum magni a aliquam veritatis expedita explicabo praesentium voluptas assumenda sed rem iure incidunt et fuga illum asperiores nobis voluptatem nesciunt iusto illum aut sapiente rem rerum sunt pariatur quia odio id occaecati commodi culpa eos corrupti voluptas consequatur asperiores eum necessitatibus esse sunt hic enim numquam tempore quaerat officia quia repudiandae quas numquam sint debitis ea nihil a error ut quam deleniti debitis adipisci et fugiat ab commodi rerum eius sed perferendis alias veritatis dignissimos sit quos nostrum vitae hic qui ut rerum harum accusantium voluptas itaque tempore culpa aut itaque nihil tempora quasi libero quia eos et nesciunt libero voluptatibus dignissimos et est provident similique ea ipsam voluptate non illo voluptatibus ea omnis soluta delectus autem aut hic incidunt officia iusto ut quam minima eius rerum odio aut est nesciunt doloremque cupiditate asperiores ad totam beatae totam fugiat dolore labore iure maxime quisquam sint quos nam est minus possimus similique sed consectetur qui enim ratione suscipit a est qui eligendi voluptatibus ut aspernatur officia sed quae odio laboriosam magnam impedit perspiciatis iste quo laudantium esse molestiae qui dolorum labore ea tempore quaerat quis nisi modi laudantium accusamus et voluptates praesentium minus quod quia voluptates quo ex ad nisi officia aspernatur et ipsa ut molestias commodi consequuntur corrupti.', 'enim,veniam,non', 'Dolor exercitationem temporibus.', 'magni,architecto,totam', 0, 1, '2022-11-05 13:48:31', '2022-11-05 13:48:31', NULL),
(101, 1, 'tgtgetg', 'tgtgetg', 4100, 0, 0, 0, 41, 4100, 1, 'products/208-07-31-46-05-11-2022.jpg', '[\"products/829-07-31-46-05-11-2022.jpg\"]', '<p>egeegeg</p>', 'fsfcsdc', 'csdcdscdsc', 'scscsd', 'etgegeg', 'egegg', 0, 1, '2022-11-05 17:31:46', '2022-11-05 17:31:46', NULL),
(102, 1, NULL, 'name-en-2', 0, 0, 0, 0, 41, 4100, 1, 'products/545-07-00-43-19-11-2022.png', NULL, NULL, NULL, NULL, NULL, 'sfvsfvvfvsfv', 'sfvsvsv', 0, 1, '2022-11-19 17:00:43', '2022-11-19 17:00:43', NULL),
(103, 1, NULL, 'name-en-3', 0, 0, 0, 0, 52, 5200, 1, 'products/177-07-15-34-19-11-2022.jpg', '[\"products/180-07-15-34-19-11-2022.png\"]', NULL, NULL, NULL, NULL, 'fbfgb', 'fgbfgb', 0, 1, '2022-11-19 17:15:34', '2022-11-20 07:40:51', NULL),
(104, 3, NULL, 'name-en-4', 0, 0, 0, 0, 11, 1100, 1, 'products/918-09-05-07-20-11-2022.png', '[\"products/771-09-05-08-20-11-2022.png\"]', NULL, NULL, NULL, NULL, 'апиапи', 'tgd,egegerg', 0, 1, '2022-11-20 07:05:08', '2022-11-20 07:41:42', NULL);

-- --------------------------------------------------------

--
-- Структура таблицы `product_tag`
--

CREATE TABLE `product_tag` (
  `id` bigint(20) UNSIGNED NOT NULL,
  `product_id` bigint(20) UNSIGNED NOT NULL,
  `tag_id` bigint(20) UNSIGNED NOT NULL,
  `created_at` timestamp NULL DEFAULT NULL,
  `updated_at` timestamp NULL DEFAULT NULL
) ENGINE=InnoDB DEFAULT CHARSET=utf8mb4 COLLATE=utf8mb4_unicode_ci;

--
-- Дамп данных таблицы `product_tag`
--

INSERT INTO `product_tag` (`id`, `product_id`, `tag_id`, `created_at`, `updated_at`) VALUES
(1, 1, 8, NULL, NULL),
(2, 1, 12, NULL, NULL),
(3, 1, 15, NULL, NULL),
(4, 2, 11, NULL, NULL),
(5, 2, 12, NULL, NULL),
(6, 2, 19, NULL, NULL),
(7, 3, 6, NULL, NULL),
(8, 3, 7, NULL, NULL),
(9, 3, 20, NULL, NULL),
(10, 4, 1, NULL, NULL),
(11, 4, 16, NULL, NULL),
(12, 4, 17, NULL, NULL),
(13, 5, 6, NULL, NULL),
(14, 5, 11, NULL, NULL),
(15, 5, 14, NULL, NULL),
(16, 6, 5, NULL, NULL),
(17, 6, 14, NULL, NULL),
(18, 6, 20, NULL, NULL),
(19, 7, 2, NULL, NULL),
(20, 7, 3, NULL, NULL),
(21, 7, 11, NULL, NULL),
(22, 8, 7, NULL, NULL),
(23, 8, 15, NULL, NULL),
(24, 8, 18, NULL, NULL),
(25, 9, 9, NULL, NULL),
(26, 9, 14, NULL, NULL),
(27, 9, 17, NULL, NULL),
(28, 10, 5, NULL, NULL),
(29, 10, 11, NULL, NULL),
(30, 10, 17, NULL, NULL),
(31, 11, 10, NULL, NULL),
(32, 11, 12, NULL, NULL),
(33, 11, 17, NULL, NULL),
(34, 12, 1, NULL, NULL),
(35, 12, 9, NULL, NULL),
(36, 12, 11, NULL, NULL),
(37, 13, 3, NULL, NULL),
(38, 13, 9, NULL, NULL),
(39, 13, 12, NULL, NULL),
(40, 14, 10, NULL, NULL),
(41, 14, 17, NULL, NULL),
(42, 14, 19, NULL, NULL),
(43, 15, 3, NULL, NULL),
(44, 15, 8, NULL, NULL),
(45, 15, 18, NULL, NULL),
(46, 16, 6, NULL, NULL),
(47, 16, 7, NULL, NULL),
(48, 16, 8, NULL, NULL),
(49, 17, 3, NULL, NULL),
(50, 17, 6, NULL, NULL),
(51, 17, 20, NULL, NULL),
(52, 18, 1, NULL, NULL),
(53, 18, 4, NULL, NULL),
(54, 18, 14, NULL, NULL),
(55, 19, 4, NULL, NULL),
(56, 19, 5, NULL, NULL),
(57, 19, 13, NULL, NULL),
(58, 20, 2, NULL, NULL),
(59, 20, 4, NULL, NULL),
(60, 20, 14, NULL, NULL),
(61, 21, 3, NULL, NULL),
(62, 21, 12, NULL, NULL),
(63, 21, 18, NULL, NULL),
(64, 22, 1, NULL, NULL),
(65, 22, 2, NULL, NULL),
(66, 22, 20, NULL, NULL),
(67, 23, 1, NULL, NULL),
(68, 23, 10, NULL, NULL),
(69, 23, 15, NULL, NULL),
(70, 24, 4, NULL, NULL),
(71, 24, 10, NULL, NULL),
(72, 24, 20, NULL, NULL),
(73, 25, 5, NULL, NULL),
(74, 25, 8, NULL, NULL),
(75, 25, 12, NULL, NULL),
(76, 26, 5, NULL, NULL),
(77, 26, 9, NULL, NULL),
(78, 26, 11, NULL, NULL),
(79, 27, 6, NULL, NULL),
(80, 27, 9, NULL, NULL),
(81, 27, 12, NULL, NULL),
(82, 28, 4, NULL, NULL),
(83, 28, 9, NULL, NULL),
(84, 28, 15, NULL, NULL),
(85, 29, 13, NULL, NULL),
(86, 29, 16, NULL, NULL),
(87, 29, 18, NULL, NULL),
(88, 30, 7, NULL, NULL),
(89, 30, 10, NULL, NULL),
(90, 30, 18, NULL, NULL),
(91, 31, 12, NULL, NULL),
(92, 31, 14, NULL, NULL),
(93, 31, 15, NULL, NULL),
(94, 32, 5, NULL, NULL),
(95, 32, 12, NULL, NULL),
(96, 32, 13, NULL, NULL),
(97, 33, 8, NULL, NULL),
(98, 33, 15, NULL, NULL),
(99, 33, 16, NULL, NULL),
(100, 34, 2, NULL, NULL),
(101, 34, 5, NULL, NULL),
(102, 34, 9, NULL, NULL),
(103, 35, 9, NULL, NULL),
(104, 35, 17, NULL, NULL),
(105, 35, 20, NULL, NULL),
(106, 36, 3, NULL, NULL),
(107, 36, 7, NULL, NULL),
(108, 36, 8, NULL, NULL),
(109, 37, 2, NULL, NULL),
(110, 37, 3, NULL, NULL),
(111, 37, 8, NULL, NULL),
(112, 38, 1, NULL, NULL),
(113, 38, 7, NULL, NULL),
(114, 38, 15, NULL, NULL),
(115, 39, 6, NULL, NULL),
(116, 39, 15, NULL, NULL),
(117, 39, 17, NULL, NULL),
(118, 40, 1, NULL, NULL),
(119, 40, 4, NULL, NULL),
(120, 40, 6, NULL, NULL),
(121, 41, 2, NULL, NULL),
(122, 41, 10, NULL, NULL),
(123, 41, 14, NULL, NULL),
(124, 42, 1, NULL, NULL),
(125, 42, 3, NULL, NULL),
(126, 42, 15, NULL, NULL),
(127, 43, 2, NULL, NULL),
(128, 43, 3, NULL, NULL),
(129, 43, 16, NULL, NULL),
(130, 44, 2, NULL, NULL),
(131, 44, 8, NULL, NULL),
(132, 44, 11, NULL, NULL),
(133, 45, 3, NULL, NULL),
(134, 45, 6, NULL, NULL),
(135, 45, 7, NULL, NULL),
(136, 46, 1, NULL, NULL),
(137, 46, 10, NULL, NULL),
(138, 46, 15, NULL, NULL),
(139, 47, 1, NULL, NULL),
(140, 47, 4, NULL, NULL),
(141, 47, 5, NULL, NULL),
(142, 48, 2, NULL, NULL),
(143, 48, 6, NULL, NULL),
(144, 48, 18, NULL, NULL),
(145, 49, 5, NULL, NULL),
(146, 49, 16, NULL, NULL),
(147, 49, 18, NULL, NULL),
(148, 50, 11, NULL, NULL),
(149, 50, 15, NULL, NULL),
(150, 50, 17, NULL, NULL),
(151, 51, 8, NULL, NULL),
(152, 51, 10, NULL, NULL),
(153, 51, 14, NULL, NULL),
(154, 52, 9, NULL, NULL),
(155, 52, 10, NULL, NULL),
(156, 52, 14, NULL, NULL),
(157, 53, 2, NULL, NULL),
(158, 53, 8, NULL, NULL),
(159, 53, 9, NULL, NULL),
(160, 54, 8, NULL, NULL),
(161, 54, 9, NULL, NULL),
(162, 54, 11, NULL, NULL),
(163, 55, 2, NULL, NULL),
(164, 55, 5, NULL, NULL),
(165, 55, 13, NULL, NULL),
(166, 56, 2, NULL, NULL),
(167, 56, 10, NULL, NULL),
(168, 56, 15, NULL, NULL),
(169, 57, 2, NULL, NULL),
(170, 57, 15, NULL, NULL),
(171, 57, 19, NULL, NULL),
(172, 58, 2, NULL, NULL),
(173, 58, 10, NULL, NULL),
(174, 58, 13, NULL, NULL),
(175, 59, 4, NULL, NULL),
(176, 59, 5, NULL, NULL),
(177, 59, 13, NULL, NULL),
(178, 60, 2, NULL, NULL),
(179, 60, 15, NULL, NULL),
(180, 60, 17, NULL, NULL),
(181, 61, 1, NULL, NULL),
(182, 61, 6, NULL, NULL),
(183, 61, 18, NULL, NULL),
(184, 62, 1, NULL, NULL),
(185, 62, 4, NULL, NULL),
(186, 62, 15, NULL, NULL),
(187, 63, 10, NULL, NULL),
(188, 63, 13, NULL, NULL),
(189, 63, 20, NULL, NULL),
(190, 64, 2, NULL, NULL),
(191, 64, 10, NULL, NULL),
(192, 64, 11, NULL, NULL),
(193, 65, 10, NULL, NULL),
(194, 65, 11, NULL, NULL),
(195, 65, 16, NULL, NULL),
(196, 66, 4, NULL, NULL),
(197, 66, 7, NULL, NULL),
(198, 66, 9, NULL, NULL),
(199, 67, 1, NULL, NULL),
(200, 67, 5, NULL, NULL),
(201, 67, 14, NULL, NULL),
(202, 68, 4, NULL, NULL),
(203, 68, 7, NULL, NULL),
(204, 68, 15, NULL, NULL),
(205, 69, 11, NULL, NULL),
(206, 69, 12, NULL, NULL),
(207, 69, 19, NULL, NULL),
(208, 70, 4, NULL, NULL),
(209, 70, 9, NULL, NULL),
(210, 70, 15, NULL, NULL),
(211, 71, 6, NULL, NULL),
(212, 71, 14, NULL, NULL),
(213, 71, 19, NULL, NULL),
(214, 72, 1, NULL, NULL),
(215, 72, 11, NULL, NULL),
(216, 72, 17, NULL, NULL),
(217, 73, 2, NULL, NULL),
(218, 73, 4, NULL, NULL),
(219, 73, 16, NULL, NULL),
(220, 74, 10, NULL, NULL),
(221, 74, 17, NULL, NULL),
(222, 74, 20, NULL, NULL),
(223, 75, 1, NULL, NULL),
(224, 75, 7, NULL, NULL),
(225, 75, 12, NULL, NULL),
(226, 76, 3, NULL, NULL),
(227, 76, 6, NULL, NULL),
(228, 76, 8, NULL, NULL),
(229, 77, 4, NULL, NULL),
(230, 77, 12, NULL, NULL),
(231, 77, 18, NULL, NULL),
(232, 78, 1, NULL, NULL),
(233, 78, 14, NULL, NULL),
(234, 78, 18, NULL, NULL),
(235, 79, 4, NULL, NULL),
(236, 79, 6, NULL, NULL),
(237, 79, 19, NULL, NULL),
(238, 80, 3, NULL, NULL),
(239, 80, 8, NULL, NULL),
(240, 80, 9, NULL, NULL),
(241, 81, 2, NULL, NULL),
(242, 81, 8, NULL, NULL),
(243, 81, 14, NULL, NULL),
(244, 82, 1, NULL, NULL),
(245, 82, 4, NULL, NULL),
(246, 82, 11, NULL, NULL),
(247, 83, 9, NULL, NULL),
(248, 83, 14, NULL, NULL),
(249, 83, 15, NULL, NULL),
(250, 84, 10, NULL, NULL),
(251, 84, 17, NULL, NULL),
(252, 84, 20, NULL, NULL),
(253, 85, 6, NULL, NULL),
(254, 85, 9, NULL, NULL),
(255, 85, 13, NULL, NULL),
(256, 86, 7, NULL, NULL),
(257, 86, 14, NULL, NULL),
(258, 86, 17, NULL, NULL),
(259, 87, 4, NULL, NULL),
(260, 87, 15, NULL, NULL),
(261, 87, 18, NULL, NULL),
(262, 88, 3, NULL, NULL),
(263, 88, 11, NULL, NULL),
(264, 88, 13, NULL, NULL),
(265, 89, 9, NULL, NULL),
(266, 89, 17, NULL, NULL),
(267, 89, 20, NULL, NULL),
(268, 90, 1, NULL, NULL),
(269, 90, 11, NULL, NULL),
(270, 90, 16, NULL, NULL),
(271, 91, 3, NULL, NULL),
(272, 91, 5, NULL, NULL),
(273, 91, 6, NULL, NULL),
(274, 92, 1, NULL, NULL),
(275, 92, 6, NULL, NULL),
(276, 92, 19, NULL, NULL),
(277, 93, 9, NULL, NULL),
(278, 93, 11, NULL, NULL),
(279, 93, 17, NULL, NULL),
(280, 94, 1, NULL, NULL),
(281, 94, 2, NULL, NULL),
(282, 94, 5, NULL, NULL),
(283, 95, 5, NULL, NULL),
(284, 95, 11, NULL, NULL),
(285, 95, 13, NULL, NULL),
(286, 96, 1, NULL, NULL),
(287, 96, 5, NULL, NULL),
(288, 96, 19, NULL, NULL),
(289, 97, 10, NULL, NULL),
(290, 97, 13, NULL, NULL),
(291, 97, 16, NULL, NULL),
(292, 98, 1, NULL, NULL),
(293, 98, 5, NULL, NULL),
(294, 98, 17, NULL, NULL),
(295, 99, 2, NULL, NULL),
(296, 99, 6, NULL, NULL),
(297, 99, 13, NULL, NULL),
(298, 100, 10, NULL, NULL),
(299, 100, 14, NULL, NULL),
(300, 100, 18, NULL, NULL),
(301, 101, 2, NULL, NULL),
(302, 102, 2, NULL, NULL),
(303, 102, 4, NULL, NULL),
(304, 103, 3, NULL, NULL),
(305, 104, 2, NULL, NULL),
(306, 104, 5, NULL, NULL);

-- --------------------------------------------------------

--
-- Структура таблицы `product_translations`
--

CREATE TABLE `product_translations` (
  `id` bigint(20) UNSIGNED NOT NULL,
  `product_id` bigint(20) UNSIGNED NOT NULL,
  `locale` varchar(191) COLLATE utf8mb4_unicode_ci NOT NULL,
  `name` varchar(191) COLLATE utf8mb4_unicode_ci NOT NULL,
  `description` text COLLATE utf8mb4_unicode_ci NOT NULL,
  `title_seo` varchar(191) COLLATE utf8mb4_unicode_ci NOT NULL,
  `description_seo` text COLLATE utf8mb4_unicode_ci NOT NULL,
  `keywords` varchar(191) COLLATE utf8mb4_unicode_ci NOT NULL
) ENGINE=InnoDB DEFAULT CHARSET=utf8mb4 COLLATE=utf8mb4_unicode_ci;

--
-- Дамп данных таблицы `product_translations`
--

INSERT INTO `product_translations` (`id`, `product_id`, `locale`, `name`, `description`, `title_seo`, `description_seo`, `keywords`) VALUES
(2, 1, 'fr', 'название на fr', '<p>описание на fr</p>', 'title на fr', 'описание на fr', 'detget,eg,dfvvsfv,franche'),
(3, 1, 'en', 'name en', '<p>Ut quia ut eum architecto sed sint enim et magni minus rerum dolorum quae quas porro eos eaque ea recusandae voluptatem assumenda accusantium doloribus earum consequatur voluptas quisquam quis rem magni voluptas reprehenderit praesentium placeat similique qui ut doloremque et illo debitis et quis qui assumenda voluptas error id illum sunt et ut sit cumque doloremque omnis ipsa est ut consequuntur exercitationem neque maiores commodi ex id est fugiat voluptates qui mollitia sint dolores sequi dolorem quaerat temporibus ea enim sed blanditiis voluptate incidunt illo ipsum veritatis et consequatur quibusdam voluptatum voluptate ullam fugiat assumenda odit eum voluptatem quia magni laborum voluptatem est illo quia vel ratione in eos ut veniam ullam nostrum architecto blanditiis aut qui adipisci nesciunt qui quis iure ipsam tenetur dolore praesentium et quia eos eos qui laborum voluptatem doloremque ipsa aliquid tempora deleniti distinctio laboriosam quia sunt quo sunt omnis fugit possimus officia nam quaerat illo quaerat ad sit tempora eligendi debitis illo quisquam assumenda ratione voluptatem quae libero aut non libero voluptas ex ipsa vel optio nemo rerum nemo est ut nostrum dolore velit praesentium atque sunt ab expedita eveniet velit quaerat commodi rerum cum autem sed id ut ipsa amet velit corrupti dicta autem delectus qui enim aut est et est qui natus molestias a eum ut odio occaecati et ab aut nostrum qui eos voluptatem autem quia est fugit qui porro minus enim doloribus suscipit eos sit cumque aut voluptates fugiat quo voluptas minima quos voluptas omnis repellendus illum ratione quod facere nisi rerum in ipsa laudantium modi similique ut quia nemo at incidunt corporis illum mollitia praesentium iure dolor repellat et et ut quia porro blanditiis sed quo qui omnis id rerum ut officiis nihil explicabo consectetur aspernatur blanditiis alias enim eius sed tempora dolores quo qui corrupti praesentium distinctio nihil quae dicta et ipsum non sunt quasi officiis iure sint qui velit qui in ipsam facilis.</p>', 'Nulla tempora quos ea.', 'Et et dignissimos voluptatem nobis qui aut fuga qui rerum quis in ut tempore facilis praesentium sint dolorem voluptas nihil nesciunt autem qui quis dolorem ipsa perspiciatis qui illum vero consequuntur magnam consequuntur ut recusandae suscipit hic odio aut voluptas omnis recusandae dolorem assumenda molestias explicabo omnis sit at perferendis fuga enim in in corporis ', 'detget,eg,dfvvsfv,english'),
(5, 1, 'es', 'name es', '<p>Ut quia ut eum architecto sed sint enim et magni minus rerum dolorum quae quas porro eos eaque ea recusandae voluptatem assumenda accusantium doloribus earum consequatur voluptas quisquam quis rem magni voluptas reprehenderit praesentium placeat similique qui ut doloremque et illo debitis et quis qui assumenda voluptas error id illum sunt et ut sit cumque doloremque omnis ipsa est ut consequuntur exercitationem neque maiores commodi ex id est fugiat voluptates qui mollitia sint dolores sequi dolorem quaerat temporibus ea enim sed blanditiis voluptate incidunt illo ipsum veritatis et consequatur quibusdam voluptatum voluptate ullam fugiat assumenda odit eum voluptatem quia magni laborum voluptatem est illo quia vel ratione in eos ut veniam ullam nostrum architecto blanditiis aut qui adipisci nesciunt qui quis iure ipsam tenetur dolore praesentium et quia eos eos qui laborum voluptatem doloremque ipsa aliquid tempora deleniti distinctio laboriosam quia sunt quo sunt omnis fugit possimus officia nam quaerat illo quaerat ad sit tempora eligendi debitis illo quisquam assumenda ratione voluptatem quae libero aut non libero voluptas ex ipsa vel optio nemo rerum nemo est ut nostrum dolore velit praesentium atque sunt ab expedita eveniet velit quaerat commodi rerum cum autem sed id ut ipsa amet velit corrupti dicta autem delectus qui enim aut est et est qui natus molestias a eum ut odio occaecati et ab aut nostrum qui eos voluptatem autem quia est fugit qui porro minus enim doloribus suscipit eos sit cumque aut voluptates fugiat quo voluptas minima quos voluptas omnis repellendus illum ratione quod facere nisi rerum in ipsa laudantium modi similique ut quia nemo at incidunt corporis illum mollitia praesentium iure dolor repellat et et ut quia porro blanditiis sed quo qui omnis id rerum ut officiis nihil explicabo consectetur aspernatur blanditiis alias enim eius sed tempora dolores quo qui corrupti praesentium distinctio nihil quae dicta et ipsum non sunt quasi officiis iure sint qui velit qui in ipsam facilis.</p>', 'Nulla tempora quos ea.', 'perferendis esse suscipit et minima aut repellendus nam maiores in blanditiis molestiae repellat nesciunt dignissimos excepturi distinctio ipsam eveniet qui placeat ut laboriosam eius saepe odio quis alias dolore quam quia sint commodi iste omnis ea iste modi soluta id adipisci omnis expedita odit quo expedita atque omnis vel voluptatem eum qui perspiciatis soluta quo illo autem ', 'detget,eg,dfvvsfv,espan'),
(6, 1, 'de', 'Magnam fuga temporibus. de', '<p>Ut quia ut eum architecto sed sint enim et magni minus rerum dolorum quae quas porro eos eaque ea recusandae voluptatem assumenda accusantium doloribus earum consequatur voluptas quisquam quis rem magni voluptas reprehenderit praesentium placeat similique qui ut doloremque et illo debitis et quis qui assumenda voluptas error id illum sunt et ut sit cumque doloremque omnis ipsa est ut consequuntur exercitationem neque maiores commodi ex id est fugiat voluptates qui mollitia sint dolores sequi dolorem quaerat temporibus ea enim sed blanditiis voluptate incidunt illo ipsum veritatis et consequatur quibusdam voluptatum voluptate ullam fugiat assumenda odit eum voluptatem quia magni laborum voluptatem est illo quia vel ratione in eos ut veniam ullam nostrum architecto blanditiis aut qui adipisci nesciunt qui quis iure ipsam tenetur dolore praesentium et quia eos eos qui laborum voluptatem doloremque ipsa aliquid tempora deleniti distinctio laboriosam quia sunt quo sunt omnis fugit possimus officia nam quaerat illo quaerat ad sit tempora eligendi debitis illo quisquam assumenda ratione voluptatem quae libero aut non libero voluptas ex ipsa vel optio nemo rerum nemo est ut nostrum dolore velit praesentium atque sunt ab expedita eveniet velit quaerat commodi rerum cum autem sed id ut ipsa amet velit corrupti dicta autem delectus qui enim aut est et est qui natus molestias a eum ut odio occaecati et ab aut nostrum qui eos voluptatem autem quia est fugit qui porro minus enim doloribus suscipit eos sit cumque aut voluptates fugiat quo voluptas minima quos voluptas omnis repellendus illum ratione quod facere nisi rerum in ipsa laudantium modi similique ut quia nemo at incidunt corporis illum mollitia praesentium iure dolor repellat et et ut quia porro blanditiis sed quo qui omnis id rerum ut officiis nihil explicabo consectetur aspernatur blanditiis alias enim eius sed tempora dolores quo qui corrupti praesentium distinctio nihil quae dicta et ipsum non sunt quasi officiis iure sint qui velit qui in ipsam facilis.</p>', 'Nulla tempora quos ea.', 'voluptates et perferendis esse suscipit et minima aut repellendus nam maiores in blanditiis molestiae repellat nesciunt dignissimos excepturi distinctio ipsam eveniet qui placeat ut laboriosam eius saepe odio quis alias dolore quam quia sint commodi iste omnis ea iste modi soluta id adipisci omnis expedita odit quo expedita atque omnis vel voluptatem eum qui perspiciatis  ', 'detget,eg,dfvvsfv,dueche'),
(7, 1, 'it', 'name it', '<p>Ut quia ut eum architecto sed sint enim et magni minus rerum dolorum quae quas porro eos eaque ea recusandae voluptatem assumenda accusantium doloribus earum consequatur voluptas quisquam quis rem magni voluptas reprehenderit praesentium placeat similique qui ut doloremque et illo debitis et quis qui assumenda voluptas error id illum sunt et ut sit cumque doloremque omnis ipsa est ut consequuntur exercitationem neque maiores commodi ex id est fugiat voluptates qui mollitia sint dolores sequi dolorem quaerat temporibus ea enim sed blanditiis voluptate incidunt illo ipsum veritatis et consequatur quibusdam voluptatum voluptate ullam fugiat assumenda odit eum voluptatem quia magni laborum voluptatem est illo quia vel ratione in eos ut veniam ullam nostrum architecto blanditiis aut qui adipisci nesciunt qui quis iure ipsam tenetur dolore praesentium et quia eos eos qui laborum voluptatem doloremque ipsa aliquid tempora deleniti distinctio laboriosam quia sunt quo sunt omnis fugit possimus officia nam quaerat illo quaerat ad sit tempora eligendi debitis illo quisquam assumenda ratione voluptatem quae libero aut non libero voluptas ex ipsa vel optio nemo rerum nemo est ut nostrum dolore velit praesentium atque sunt ab expedita eveniet velit quaerat commodi rerum cum autem sed id ut ipsa amet velit corrupti dicta autem delectus qui enim aut est et est qui natus molestias a eum ut odio occaecati et ab aut nostrum qui eos voluptatem autem quia est fugit qui porro minus enim doloribus suscipit eos sit cumque aut voluptates fugiat quo voluptas minima quos voluptas omnis repellendus illum ratione quod facere nisi rerum in ipsa laudantium modi similique ut quia nemo at incidunt corporis illum mollitia praesentium iure dolor repellat et et ut quia porro blanditiis sed quo qui omnis id rerum ut officiis nihil explicabo consectetur aspernatur blanditiis alias enim eius sed tempora dolores quo qui corrupti praesentium distinctio nihil quae dicta et ipsum non sunt quasi officiis iure sint qui velit qui in ipsam facilis.</p>', 'Nulla tempora quos ea.', 'perspiciatis soluta quo illo autem consequatur in asperiores aliquam libero unde dolores vel doloremque sequi cum aut nihil id dolor totam ut aut atque autem voluptatem ratione et sed laborum recusandae occaecati aut qui maiores quidem accusantium et nulla quibusdam aut earum voluptates eligendi voluptas architecto nihil voluptatem in cupiditate vel id aspernatur sunt rerum ', 'detget,eg,dfvvsfv,italy'),
(8, 102, 'en', 'name en 2', '<p>454y4y4</p>', '46y46y', '46y46y\n', '46y46y'),
(9, 102, 'de', 'name de ', '<p>454y4y4</p>', 'fbfgbfg', '46y46y\n', '46y46y'),
(10, 102, 'fr', 'name fr', '<p>454y4y4</p>', 'fgbfgbfg', '46y46y\n', '46y46y'),
(11, 102, 'es', 'name es2', '<p>454y4y4</p>', 'fgbfgbgf', '46y46y\n', '46y46y'),
(12, 102, 'it', 'name it2', '<p>454y4y4</p>', 'fgbgfbfb', '46y46y\n', '46y46y'),
(13, 103, 'en', 'name en 3', '<p>fgbfb</p>', 'fgbfgb', 'fgbfg', 'fgbgfb'),
(14, 103, 'de', 'fgn', '<p>fgbfb</p>', 'x x x', 'fgbfg', 'fgbgfb'),
(15, 103, 'fr', 'fgbgf', '<p>fgbfb</p>', 'x vx ', 'fgbfg', 'fgbgfb'),
(16, 103, 'es', 'fgbf', '<p>fgbfb</p>', 'dfvf', 'fgbfg', 'fgbgfb'),
(17, 103, 'it', 'fgbfg', '<p>fgbfb</p>', 'c v ', 'fgbfg', 'fgbgfb'),
(18, 104, 'en', 'name en 4', '<p>апииапи</p>', 'аипапи', 'вмими', 'sss'),
(19, 104, 'de', 'апипаи', '<p>апииапи</p>', 'паиапи', 'псиси', 'sss'),
(20, 104, 'fr', 'апиапи', '<p>апииапи</p>', 'апипаи', 'псиси', 'sss'),
(21, 104, 'es', 'апиапи', '<p>апииапи</p>', 'апипаи', 'псиси', 'sss'),
(22, 104, 'it', 'апипаи', '<p>апииапи</p>', 'апиапиап', 'псисис', 'sss');

-- --------------------------------------------------------

--
-- Структура таблицы `roles`
--

CREATE TABLE `roles` (
  `id` bigint(20) UNSIGNED NOT NULL,
  `name` varchar(191) COLLATE utf8mb4_unicode_ci NOT NULL,
  `slug` varchar(191) COLLATE utf8mb4_unicode_ci NOT NULL,
  `description` text COLLATE utf8mb4_unicode_ci,
  `created_at` timestamp NULL DEFAULT NULL,
  `updated_at` timestamp NULL DEFAULT NULL,
  `deleted_at` timestamp NULL DEFAULT NULL
) ENGINE=InnoDB DEFAULT CHARSET=utf8mb4 COLLATE=utf8mb4_unicode_ci;

--
-- Дамп данных таблицы `roles`
--

INSERT INTO `roles` (`id`, `name`, `slug`, `description`, `created_at`, `updated_at`, `deleted_at`) VALUES
(1, 'Administrator', 'administrator', 'У администратора все права', '2022-11-05 13:48:12', '2022-11-08 09:20:07', NULL),
(2, 'Moderator', 'moderator', 'Права модератора', '2022-11-05 13:48:12', '2022-11-08 09:37:21', NULL),
(3, 'User', 'user', 'Права пользователя', '2022-11-05 13:48:12', '2022-11-08 09:37:21', NULL),
(4, 'User2', 'user2', NULL, '2022-11-06 16:50:38', '2022-11-21 10:19:15', '2022-11-21 10:19:15'),
(5, 'User1', 'user1', 'описание роли', '2022-11-14 14:58:43', '2022-11-21 10:19:15', '2022-11-21 10:19:15'),
(6, 'Category', 'category', NULL, '2022-11-14 15:00:08', '2022-11-21 10:19:15', '2022-11-21 10:19:15'),
(7, 'tag 1', 'tag-1', 'описание категории', '2022-11-14 15:02:17', '2022-11-21 10:19:15', '2022-11-21 10:19:15'),
(8, 'tag4', 'tag4', NULL, '2022-11-14 15:03:12', '2022-11-21 10:19:15', '2022-11-21 10:19:15'),
(9, 'User21', 'user21', NULL, '2022-11-14 15:07:35', '2022-11-21 10:19:15', '2022-11-21 10:19:15');

-- --------------------------------------------------------

--
-- Структура таблицы `tags`
--

CREATE TABLE `tags` (
  `id` bigint(20) UNSIGNED NOT NULL,
  `name0` varchar(20) COLLATE utf8mb4_unicode_ci DEFAULT NULL,
  `slug` varchar(30) COLLATE utf8mb4_unicode_ci NOT NULL,
  `deleted_at` timestamp NULL DEFAULT NULL,
  `created_at` timestamp NULL DEFAULT NULL,
  `updated_at` timestamp NULL DEFAULT NULL
) ENGINE=InnoDB DEFAULT CHARSET=utf8mb4 COLLATE=utf8mb4_unicode_ci;

--
-- Дамп данных таблицы `tags`
--

INSERT INTO `tags` (`id`, `name0`, `slug`, `deleted_at`, `created_at`, `updated_at`) VALUES
(1, 'tag', 'tag-en', '2022-11-21 07:51:00', '2022-11-05 13:48:24', '2022-11-21 07:51:00'),
(2, 'tag2', 'tag-en-3', NULL, '2022-11-05 13:48:24', '2022-11-20 17:31:25'),
(3, 'tag3', 'tag3', NULL, '2022-11-05 13:48:24', '2022-11-14 14:31:50'),
(4, 'tag4', 'tag4', NULL, '2022-11-05 13:48:24', '2022-11-14 14:38:39'),
(5, 'accusamus', 'accusamus', NULL, '2022-11-05 13:48:24', '2022-11-14 14:32:03'),
(6, 'non', 'non', NULL, '2022-11-05 13:48:24', '2022-11-14 14:32:13'),
(7, 'delectus', 'delectus', NULL, '2022-11-05 13:48:24', '2022-11-14 14:32:19'),
(8, 'rerum', 'rerum', NULL, '2022-11-05 13:48:25', '2022-11-14 14:32:24'),
(9, 'quae', 'quae', NULL, '2022-11-05 13:48:25', '2022-11-14 14:32:33'),
(10, 'modi', 'modi', NULL, '2022-11-05 13:48:25', '2022-11-14 14:32:38'),
(11, 'deserunt', 'deserunt', NULL, '2022-11-05 13:48:25', '2022-11-14 14:32:45'),
(12, 'magni', 'magni', NULL, '2022-11-05 13:48:25', '2022-11-14 14:32:55'),
(13, 'voluptas', 'voluptas', NULL, '2022-11-05 13:48:25', '2022-11-08 09:44:33'),
(14, 'et44', 'et44', NULL, '2022-11-05 13:48:25', '2022-11-08 09:44:29'),
(15, 'repellat', 'repellat', NULL, '2022-11-05 13:48:25', '2022-11-08 09:44:19'),
(16, 'volupt', 'volupt', NULL, '2022-11-05 13:48:25', '2022-11-08 09:44:13'),
(17, 'veniam', 'veniam', NULL, '2022-11-05 13:48:25', '2022-11-08 09:43:50'),
(18, 'est', 'est', NULL, '2022-11-05 13:48:25', '2022-11-08 09:43:46'),
(19, 'sunt', 'sunt', NULL, '2022-11-05 13:48:25', '2022-11-08 09:43:42'),
(20, 'tag 1', 'tag-1', NULL, '2022-11-05 13:48:25', '2022-11-08 08:27:30'),
(21, 'tag 3', 'tag-3', NULL, '2022-11-08 08:28:36', '2022-11-08 08:29:21'),
(22, 'tag 2', 'tag-2', NULL, '2022-11-08 08:29:30', '2022-11-08 08:29:30'),
(23, 'таг5', 'tag5', NULL, '2022-11-14 14:43:00', '2022-11-14 14:43:00'),
(24, NULL, 'tag-en-2', NULL, '2022-11-20 17:30:30', '2022-11-20 17:30:30');

-- --------------------------------------------------------

--
-- Структура таблицы `tag_translations`
--

CREATE TABLE `tag_translations` (
  `id` bigint(20) UNSIGNED NOT NULL,
  `tag_id` bigint(20) UNSIGNED NOT NULL,
  `locale` varchar(191) COLLATE utf8mb4_unicode_ci NOT NULL,
  `name` varchar(191) COLLATE utf8mb4_unicode_ci NOT NULL
) ENGINE=InnoDB DEFAULT CHARSET=utf8mb4 COLLATE=utf8mb4_unicode_ci;

--
-- Дамп данных таблицы `tag_translations`
--

INSERT INTO `tag_translations` (`id`, `tag_id`, `locale`, `name`) VALUES
(1, 1, 'en', 'таг en'),
(2, 1, 'de', 'таг de'),
(3, 1, 'fr', 'таг fr'),
(4, 1, 'es', 'таг es'),
(5, 1, 'it', 'таг it'),
(6, 24, 'en', 'tag en 2'),
(7, 24, 'de', 'tag de 2'),
(8, 24, 'fr', 'tag fr 2'),
(9, 24, 'es', 'tag es 2'),
(10, 24, 'it', 'tag it 2'),
(11, 2, 'en', 'tag en 3'),
(12, 2, 'de', 'tag de 3'),
(13, 2, 'fr', 'tag fr 3'),
(14, 2, 'es', 'tag es 3'),
(15, 2, 'it', 'tag it 3');

-- --------------------------------------------------------

--
-- Структура таблицы `users`
--

CREATE TABLE `users` (
  `id` bigint(20) UNSIGNED NOT NULL,
  `role_id` bigint(20) UNSIGNED DEFAULT '3',
  `name` varchar(191) COLLATE utf8mb4_unicode_ci NOT NULL,
  `surname` varchar(191) COLLATE utf8mb4_unicode_ci NOT NULL,
  `country` varchar(191) COLLATE utf8mb4_unicode_ci NOT NULL,
  `phone` varchar(191) COLLATE utf8mb4_unicode_ci NOT NULL,
  `email` varchar(191) COLLATE utf8mb4_unicode_ci NOT NULL,
  `password` varchar(191) COLLATE utf8mb4_unicode_ci NOT NULL,
  `avatar` text COLLATE utf8mb4_unicode_ci,
  `status` tinyint(1) NOT NULL DEFAULT '1',
  `shipping_info` json DEFAULT NULL,
  `email_verified_at` timestamp NULL DEFAULT NULL,
  `remember_token` varchar(100) COLLATE utf8mb4_unicode_ci DEFAULT NULL,
  `created_at` timestamp NULL DEFAULT NULL,
  `updated_at` timestamp NULL DEFAULT NULL,
  `deleted_at` timestamp NULL DEFAULT NULL
) ENGINE=InnoDB DEFAULT CHARSET=utf8mb4 COLLATE=utf8mb4_unicode_ci;

--
-- Дамп данных таблицы `users`
--

INSERT INTO `users` (`id`, `role_id`, `name`, `surname`, `country`, `phone`, `email`, `password`, `avatar`, `status`, `shipping_info`, `email_verified_at`, `remember_token`, `created_at`, `updated_at`, `deleted_at`) VALUES
(1, 1, 'Alex', 'admin', 'England', '380541234567', 'admin@gmail.com', '$2y$10$88u0hZyromVl/z/3eO7Rh.BHWeR70vn/ux1bZqYIyoGEV7fQ0RY2K', 'users/avatar-1.jpg', 0, NULL, '2022-11-01 13:48:13', 'rvhAUfRCf7', '2022-11-05 13:48:13', '2022-11-15 14:29:36', NULL),
(2, 2, 'Moderator', 'moderator', 'England', '380541234567', 'moderator@gmail.com', '$2y$10$oilgBXSeLOQoA.A1kjIF4.vkXWRANoOc4GsVVJb4ndxixSPaYFCtW', 'users/avatar-1.jpg', 0, NULL, NULL, '96WWdodcIh', '2022-11-05 13:48:13', '2022-11-15 14:29:36', NULL),
(3, 3, 'User', 'user', 'England', '333333333333', 'user@gmail.com', '$2y$10$MacyEOC2Y4saQ2TPKnyeduIDovhnsSyvmzZvgGCt.waC2bNw6lmyu', 'users/avatar-1.jpg', 0, NULL, NULL, '8QgSYiQvHQ', '2022-11-05 13:48:13', '2022-11-15 14:29:36', NULL),
(4, 3, 'Elisabeth Weimann', 'Dr. Carey O\'Hara', 'England', '380541234567', 'corkery.camilla@example.com', '$2y$10$UfwLonxfUHf.bHpaRWlT8./gaA/qtq0WZXP6RRpidp/uArQUxU/WO', 'users/avatar-1.jpg', 0, NULL, '2022-11-05 13:48:13', 'tWQs87WZMM', '2022-11-05 13:48:13', '2022-11-15 14:29:36', '2022-11-11 10:13:37'),
(5, 2, 'Sienna Pouros IV', 'Darrion Will', 'Italy', '380541234567', 'steuber.brent@example.org', '$2y$10$JrbgJvFtb0hEvzeCe0G0TeCEk3HfRJjRDgVI1eP9cj5GXR2jEy60i', 'users/avatar-1.jpg', 0, NULL, '2022-11-05 13:48:13', '1enncZ8JqD', '2022-11-05 13:48:14', '2022-11-15 14:29:36', '2022-11-11 10:14:37'),
(6, 3, 'Jessyca Gusikowski', 'Percival Jakubowski', 'Spain', '380541234567', 'zgoodwin@example.net', '$2y$10$eeS.30WG1KoV6lDid7pJk.Zn2TbqZp6pa9stqsfHDh5OSnJYYW7ny', 'users/avatar-1.jpg', 0, NULL, '2022-11-05 13:48:14', 'F8cg4C3tj1', '2022-11-05 13:48:14', '2022-11-15 14:29:37', NULL),
(7, 3, 'Mrs. Bernice Osinski', 'Ms. Jazlyn Schamberger', 'Spain', '380541234567', 'ljaskolski@example.com', '$2y$10$u71VjaNh9XPhL9LhK6me2uRuEg5rb76PjCvsCWoGoX1m7WG33ta3K', 'users/avatar-1.jpg', 0, NULL, '2022-11-05 13:48:14', '17i2I9vlE9', '2022-11-05 13:48:14', '2022-11-15 14:29:37', NULL),
(8, 1, 'Prof. Bernadette McGlynn', 'Ms. Rosella Satterfield', 'Franch', '380541234567', 'ruecker.kelly@example.org', '$2y$10$0kUGPZaKKQ033H96gaePh.NWKjrjj9q0Ur8E86Yr87EZYpJDEbd3u', 'users/avatar-1.jpg', 0, NULL, '2022-11-05 13:48:14', 'jyp8AH5GW5', '2022-11-05 13:48:14', '2022-11-15 14:29:37', NULL),
(9, 3, 'Haylie Crist', 'Antonette Orn', 'Germany', '380541234567', 'hyman.bailey@example.org', '$2y$10$au0QtKqzyX/T3/qyAZVeCOozfM/NR7TzMRgU0.N8fuqzLYAzGWySK', 'users/avatar-1.jpg', 0, NULL, '2022-11-05 13:48:14', 'ZYYIEjQZhh', '2022-11-05 13:48:14', '2022-11-15 14:29:37', NULL),
(10, 3, 'Leilani Rosenbaum', 'Prof. Jayda Bashirian V', 'England', '380541234567', 'usauer@example.net', '$2y$10$epZLahHkpbw7v3XGtx4o0OWKjP5MZ71sS3mTzJ9RXiEWoEs2b1Hv.', 'users/avatar-1.jpg', 0, NULL, '2022-11-05 13:48:14', 'My8h16rEaA', '2022-11-05 13:48:14', '2022-11-15 14:29:37', NULL),
(11, 3, 'Helga Harvey DVM', 'Prof. Conrad Graham', 'Spain', '111111111111', 'vkassulke@example.org', '$2y$10$cI17B06VB9jMMMGEnFmrFOHd59HzZFM30Mw2DehVaeNeyW72idfpW', 'users/avatar-1.jpg', 0, NULL, '2022-11-05 13:48:14', 'g6liDro0gm', '2022-11-05 13:48:14', '2022-11-15 14:29:37', NULL),
(12, 1, 'Lacey Lindgren', 'Melba Konopelski', 'Germany', '380541234567', 'qledner@example.org', '$2y$10$wldi8rFoWZUoLdyOQlC3nOIcgOWrMS6Qtw28HSJC4jHzDuIzmIBzK', 'users/avatar-1.jpg', 0, NULL, '2022-11-05 13:48:14', 'DAsiEvy3DT', '2022-11-05 13:48:14', '2022-11-15 14:29:37', NULL),
(13, 3, 'Carlos Howe', 'Mrs. Georgette Dickinson Sr.', 'Germany', '380541234567', 'mrowe@example.net', '$2y$10$vIuj36ABm10SD1ywKy2Bt..NBiUTGrmMnPoanzzz09K5.CsYQvewe', 'users/avatar-1.jpg', 0, NULL, '2022-11-05 13:48:14', 'MIxRC8Uu26', '2022-11-05 13:48:14', '2022-11-15 14:29:37', NULL),
(14, 2, 'Dr. Henderson Schowalter Sr.', 'Nayeli Wehner', 'Spain', '380541234567', 'fabiola78@example.org', '$2y$10$prHqahz/Lkx6NF0/awMqfeQSzk6u5WRUVrn2Aa5gFOIUMXYKQvUq.', 'users/avatar-1.jpg', 0, NULL, '2022-11-05 13:48:14', 'rGusMRBP8G', '2022-11-05 13:48:14', '2022-11-15 14:29:37', NULL),
(15, 2, 'Miss Kiara Hermann PhD', 'Emilie Robel PhD', 'England', '380541234567', 'cara67@example.com', '$2y$10$Z0fVEKwe.fjRpXE7rC80YO8Gf4dstDB4R14Cuy4OloSn5.tydpxo.', 'users/avatar-1.jpg', 0, NULL, '2022-11-05 13:48:14', 'iAYdAZxoqv', '2022-11-05 13:48:14', '2022-11-15 14:29:37', NULL),
(16, 2, 'Terrill Kutch', 'Hester Gaylord', 'Spain', '380541234567', 'justus.schaefer@example.net', '$2y$10$6IRStD/kedPwcmZ4i4bdj.dwQ.z/yN2PtGmUxtXyy9lw4twZYn.ZG', 'users/avatar-1.jpg', 0, NULL, '2022-11-05 13:48:14', '6ns5tkdIXi', '2022-11-05 13:48:14', '2022-11-15 14:29:38', NULL),
(17, 2, 'Ashly Kertzmann', 'Merritt Predovic', 'Italy', '380541234567', 'ollie95@example.net', '$2y$10$1zZst8AR4ig0mHTWaPHuremKH9ZjgCV0v6hlh99Q6Pe1Uom6NImvi', 'users/avatar-1.jpg', 0, NULL, '2022-11-05 13:48:14', '4h7r2w7rEl', '2022-11-05 13:48:14', '2022-11-15 14:29:38', NULL),
(18, 2, 'Stephanie Abshire', 'Columbus Bogan', 'Franch', '380541234567', 'vkonopelski@example.org', '$2y$10$s9ELvbtW1ihWYvG2vLHCb./GEMjLQCXH7g0wIcfOsVEVbwdT5iOqC', 'users/avatar-1.jpg', 0, NULL, '2022-11-05 13:48:14', 'SUGAPHeRLw', '2022-11-05 13:48:15', '2022-11-15 14:29:38', NULL),
(19, 1, 'Mrs. Nikita Legros', 'Meaghan Berge', 'Germany', '380541234567', 'walsh.kari@example.org', '$2y$10$dVQ3Z5X64KbXRyKCV4FrQuiizWmcBtE/rR6hKYTPpRIM2uLibNu6W', 'users/avatar-1.jpg', 0, NULL, '2022-11-05 13:48:15', 'cYJUT02iMl', '2022-11-05 13:48:15', '2022-11-15 14:29:38', NULL),
(20, 2, 'Miss Bella Davis', 'Lizeth Casper', 'Franch', '380541234567', 'qbuckridge@example.com', '$2y$10$.6wqWhHznjxJoIGTIgVphO9mEPCbR9BEE.vEwzG.4x8dLN7o5rpwW', 'users/avatar-1.jpg', 0, NULL, '2022-11-05 13:48:15', '1BC9UzN6nP', '2022-11-05 13:48:15', '2022-11-15 14:29:38', NULL),
(21, 2, 'Prof. River Price', 'John Schultz V', 'Germany', '380541234567', 'lera41@example.com', '$2y$10$lOFKiSQDpII4zPBypwVbsOulJP6bbvJtmhFw5pAgewUmVlu8Zh4p2', 'users/avatar-1.jpg', 0, NULL, '2022-11-05 13:48:15', 'Zc6mbyoJsN', '2022-11-05 13:48:15', '2022-11-15 14:29:38', NULL),
(22, 3, 'Antonette Stoltenberg', 'Marielle Sporer IV', 'Germany', '380541234567', 'pthiel@example.com', '$2y$10$2tYUlQk7ZNr/sQyUdKEBeew5jDn1AWHjfPfa/oAfH0h0Bp89NYkwu', 'users/avatar-1.jpg', 0, NULL, '2022-11-05 13:48:15', 'gfORPcjKol', '2022-11-05 13:48:15', '2022-11-15 14:29:38', NULL),
(23, 3, 'Maxine Hamill', 'Jules Mraz', 'Franch', '380541234567', 'schaden.jett@example.net', '$2y$10$1akc8CHOg6XtA5KI1vhZfOMQO3cpBAxWSMIzG9jTrS.x/uMz.m93u', 'users/avatar-1.jpg', 0, NULL, '2022-11-05 13:48:15', 'Q9XfUDn4Gv', '2022-11-05 13:48:15', '2022-11-15 14:29:38', NULL),
(24, 2, 'Alva Bradtke', 'Zaria Stark DDS', 'Franch', '380541234567', 'fohara@example.org', '$2y$10$Cz6VpVCJ5lBIDUh3YGE/PO7xbBup9ZnS7lAR2Uco7LaPD1Qm73dTO', 'users/avatar-1.jpg', 0, NULL, '2022-11-05 13:48:15', 'VIPnwdssFT', '2022-11-05 13:48:15', '2022-11-15 14:29:38', NULL),
(25, 1, 'Marcella Schmitt', 'Mr. Mohammed Fahey', 'Franch', '380541234567', 'micheal.emmerich@example.net', '$2y$10$xx2vX9gNVSfYFdjQIkngJ.Whw8haNKyUQ4tkGv337aPPAjh/.I8hC', 'users/avatar-1.jpg', 0, NULL, '2022-11-05 13:48:15', 'BBLHfAvYRr', '2022-11-05 13:48:15', '2022-11-15 14:29:38', NULL),
(26, 2, 'Trace West', 'Hallie Baumbach', 'Germany', '380541234567', 'richard.mayert@example.org', '$2y$10$Uc5XVXR1sa0RgBkWL9YjgO5Em/8a7g4xHCR5QewxsaFwLJ0fWjtha', 'users/avatar-1.jpg', 0, NULL, '2022-11-05 13:48:15', 'ORB8O7jGAp', '2022-11-05 13:48:15', '2022-11-15 14:29:38', NULL),
(27, 3, 'Prof. Rick Crist', 'Sonny Legros II', 'Germany', '380541234567', 'whuels@example.com', '$2y$10$d9N4QIWzsw/bvhwJlomeI.w02ZtheK1hlRUvqWZsti262BehJi8TC', 'users/avatar-1.jpg', 0, NULL, '2022-11-05 13:48:15', 'eVYGLybFwj', '2022-11-05 13:48:15', '2022-11-15 14:29:38', NULL),
(28, 1, 'Darius Mosciski', 'Prof. Sidney Willms', 'Spain', '380541234567', 'agaylord@example.org', '$2y$10$jOluOwhF3Xsy6YsHp064yO7z47i27TvwknnVu1epOaHkCdkYcb2Om', 'users/avatar-1.jpg', 0, NULL, '2022-11-05 13:48:15', 'Kwh8e8yviq', '2022-11-05 13:48:15', '2022-11-15 14:29:39', NULL),
(29, 2, 'Anna Wilkinson', 'Glennie Beier', 'Germany', '380541234567', 'ellis38@example.org', '$2y$10$3KEzMl4Lkb3ckfJvBGsnt.UCVFBD.dfyqjSrDVPc5iJv8knSqJVY6', 'users/avatar-1.jpg', 0, NULL, '2022-11-05 13:48:15', 'rKawVff5dC', '2022-11-05 13:48:15', '2022-11-15 14:29:39', NULL),
(30, 2, 'Hermann Bernier', 'Prof. Uriel Effertz', 'England', '380541234567', 'semard@example.net', '$2y$10$2G1KadtbwGnV0QjopS1Utua6Ie5BrMogrsC8/nEWuoAdxA9CXe6Z.', 'users/avatar-1.jpg', 0, NULL, '2022-11-05 13:48:15', 'oGZUQQ54zK', '2022-11-05 13:48:15', '2022-11-15 14:29:39', NULL),
(31, 2, 'Trinity Bernier', 'Camren Tremblay', 'Spain', '380541234567', 'lind.ralph@example.net', '$2y$10$EdSc.I4Xz.syafX7eoWLqukc3vFjizWfRfShNLodN/KPtHBfIuwNK', 'users/avatar-1.jpg', 0, NULL, '2022-11-05 13:48:15', 'Um7oBUYum1', '2022-11-05 13:48:16', '2022-11-15 14:29:39', NULL),
(32, 3, 'Mr. Harley Hammes', 'Deven Hoeger', 'Italy', '380541234567', 'hayden.larkin@example.org', '$2y$10$iufLu3vs2/3.ObMPvI0ODOeWTHZy.p2HdVHi2rJvAjgVMbt3ocIbC', 'users/avatar-1.jpg', 0, NULL, '2022-11-05 13:48:16', 'AL0jh21Yhk', '2022-11-05 13:48:16', '2022-11-15 14:29:39', NULL),
(33, 2, 'Donnell Renner', 'Lera Senger', 'Spain', '380541234567', 'brycen.bruen@example.com', '$2y$10$xTcDMSvRhfluY7YQrjQ5AeDcP8JRS8QmgzYdjVoGDbuWxOyDV.186', 'users/avatar-1.jpg', 0, NULL, '2022-11-05 13:48:16', 'sMj20TlkIx', '2022-11-05 13:48:16', '2022-11-15 14:29:39', NULL),
(34, 1, 'Prof. Noah Gleason PhD', 'Dr. Xavier Pacocha Sr.', 'Franch', '380541234567', 'cicero87@example.com', '$2y$10$qyBIgxsi4/jY.1BjBbArzO6LwW/NS/EZbSn9MO6w0IEYTA.RVQ9qe', 'users/avatar-1.jpg', 0, NULL, '2022-11-05 13:48:16', 'jFttAPxsj3', '2022-11-05 13:48:16', '2022-11-15 14:29:39', NULL),
(35, 2, 'Princess Ebert', 'Breana Moore V', 'Italy', '380541234567', 'stephan22@example.org', '$2y$10$Ba.Dy8APLsgXhaCN90XYJuzsl3vDzG.pdiSFt7LCU.ypg5KkwC6EK', 'users/avatar-1.jpg', 0, NULL, '2022-11-05 13:48:16', 'XhtbBqAcRf', '2022-11-05 13:48:16', '2022-11-15 14:29:39', NULL),
(36, 2, 'Braxton Wolff', 'Rosetta Mills', 'England', '380541234567', 'jakayla.goyette@example.org', '$2y$10$CWgCfhHFo.FFv5iPDrz0pOjB3CAc/qNDuYvzac9Rh521trLTb7r.m', 'users/avatar-1.jpg', 0, NULL, '2022-11-05 13:48:16', '1wKIsVrpMn', '2022-11-05 13:48:16', '2022-11-15 14:29:39', NULL),
(37, 1, 'Sophia Marvin', 'Dulce Boehm', 'Italy', '380541234567', 'treva.zulauf@example.org', '$2y$10$n6gBp7BR2tgPvpBOCuf63uJ6eD263r7wY0fosCUiI6ayTC7p6dmT6', 'users/avatar-1.jpg', 0, NULL, '2022-11-05 13:48:16', 'RlUqzH6Aoj', '2022-11-05 13:48:16', '2022-11-15 14:29:39', NULL),
(38, 3, 'Mr. Tevin Carter DVM', 'Chadrick Bogisich II', 'Spain', '380541234567', 'hortense43@example.net', '$2y$10$IR6OLl6t7LFL6euWNAqdDu3LB245DVlTJ1LYdEGYVkWjpaVy0n6xa', 'users/avatar-1.jpg', 0, NULL, '2022-11-05 13:48:16', 'HhVWSaHDOJ', '2022-11-05 13:48:16', '2022-11-15 14:29:40', NULL),
(39, 2, 'Everette Wiegand PhD', 'Monte Yundt', 'Italy', '380541234567', 'ckuphal@example.org', '$2y$10$HQc6Jz9ZIYl1EUAx.IhLDOdbNksDifyse0pi41Y3xOTy685rVWJni', 'users/avatar-1.jpg', 0, NULL, '2022-11-05 13:48:16', 'Vx6RJjuG8P', '2022-11-05 13:48:16', '2022-11-15 14:29:40', NULL),
(40, 1, 'Ms. Martine Sawayn Jr.', 'Sherwood Conroy', 'Spain', '380541234567', 'alize27@example.org', '$2y$10$N6gBbl8ufgGdjTtAfMcJPuCUNzGL/3u4Sg3ecY5SZVOOSbb5X1a3q', 'users/avatar-1.jpg', 0, NULL, '2022-11-05 13:48:16', '6fcFqRHN42', '2022-11-05 13:48:16', '2022-11-15 14:29:40', NULL),
(41, 1, 'Kyleigh Kshlerin', 'Justyn Marquardt', 'Italy', '380541234567', 'katlyn77@example.org', '$2y$10$qkdE8VOo9OAqrUVD8wdBi.oEZIVpVDlfo10DMUsdS2BctA1UeM8Jm', 'users/avatar-1.jpg', 0, NULL, '2022-11-05 13:48:16', '2mnO5e6WAv', '2022-11-05 13:48:16', '2022-11-15 14:29:40', NULL),
(42, 2, 'Dr. Violet Barton III', 'Mrs. Aniyah Vandervort II', 'Germany', '380541234567', 'crooks.rosa@example.net', '$2y$10$Y47rK5L1l2B3z3VK5h8DTuC7G.5sWVnvwEUmvBwPEbOfzX40Djblm', 'users/avatar-1.jpg', 0, NULL, '2022-11-05 13:48:16', 'MbZn8N0nRd', '2022-11-05 13:48:16', '2022-11-15 14:29:40', NULL),
(43, 2, 'Morgan Purdy', 'Rosina Kris V', 'Germany', '380541234567', 'alana90@example.net', '$2y$10$EtD2/IKuDzlVrWIl8u0iYOFonxZ9PxJNDsrNhSktyxCKIWQ992gfi', 'users/avatar-1.jpg', 0, NULL, '2022-11-05 13:48:16', 'zOcjzWZ6Y4', '2022-11-05 13:48:16', '2022-11-15 14:29:40', NULL),
(44, 1, 'Breanne Shanahan', 'Demetrius Heaney', 'Spain', '380541234567', 'shany.von@example.org', '$2y$10$yZxVg8wheZFzY6lbS2kaze/u5GWiMZ/hWj3.jplzeCGFwBUB9Zz5m', 'users/avatar-1.jpg', 0, NULL, '2022-11-05 13:48:16', 'AO93OaPBAj', '2022-11-05 13:48:17', '2022-11-15 14:29:40', NULL),
(45, 3, 'Arlene Dach', 'Susie Ryan', 'Franch', '380541234567', 'skirlin@example.org', '$2y$10$hiw.oTgN3Cphxd9NZtB5KOWTegyzYp1eBZb.X2tBEXGe6qu9mhQLm', 'users/avatar-1.jpg', 0, NULL, '2022-11-05 13:48:17', 'rHJM2OoHBc', '2022-11-05 13:48:17', '2022-11-15 14:29:40', NULL),
(46, 2, 'Henderson Hintz', 'Mr. Pierre Beier MD', 'England', '380541234567', 'becker.lenna@example.net', '$2y$10$5iPx1yCSsHbWCSdyZw8G5uGy.5t3NGsmbXRO9DkdcmRG/rozeTceu', 'users/avatar-1.jpg', 0, NULL, '2022-11-05 13:48:17', 'k0Szxi57ob', '2022-11-05 13:48:17', '2022-11-15 14:29:40', NULL),
(47, 1, 'Kallie O\'Connell', 'Dejah Mitchell', 'Italy', '380541234567', 'holly88@example.com', '$2y$10$yBbK3.hgPaWxnez9gbxcp.e4F93UZ63MUK0nSPB5foQAWkvfzo7uK', 'users/avatar-1.jpg', 0, NULL, '2022-11-05 13:48:17', 'mqgTVFKTjb', '2022-11-05 13:48:17', '2022-11-15 14:29:40', NULL),
(48, 1, 'Curtis Luettgen', 'Hellen Heaney', 'Germany', '380541234567', 'cummings.norberto@example.org', '$2y$10$xeoA6NW1jdYZBwhK8l7stOQBuOK9ADhCSfS05WmU4gptUxhrqHyu.', 'users/avatar-1.jpg', 0, NULL, '2022-11-05 13:48:17', 'EmZqFttdYL', '2022-11-05 13:48:17', '2022-11-15 14:29:41', NULL),
(49, 1, 'Mrs. Samara Bogan Sr.', 'Eulah Greenholt III', 'Germany', '380541234567', 'mayra55@example.com', '$2y$10$8JXIxzV.QwSlfMYWMqeqPepyL9eD3cqdhzu8yW76rMuEtsdnLNgee', 'users/avatar-1.jpg', 0, NULL, '2022-11-05 13:48:17', '4CVJWdfY2M', '2022-11-05 13:48:17', '2022-11-15 14:29:41', NULL),
(50, 3, 'Abner Trantow', 'Trycia Jones', 'Franch', '380541234567', 'dziemann@example.org', '$2y$10$UPUTwBSlKoMcG62A9NK5R.n41k1ryB6rWNzpou72ZE.ZHqt.UzrK.', 'users/avatar-1.jpg', 0, NULL, '2022-11-05 13:48:17', 'OJXQygZbHF', '2022-11-05 13:48:17', '2022-11-15 14:29:41', NULL),
(51, 3, 'Guadalupe Nienow', 'Maiya Schneider III', 'Franch', '380541234567', 'scartwright@example.com', '$2y$10$Byj5vrNAYFHFwP.XaTQegOsmQO9Gu4mAdHSGdD3C/CeDl/LtEdl/O', 'users/avatar-1.jpg', 0, NULL, '2022-11-05 13:48:17', 'U58kBzpvhr', '2022-11-05 13:48:17', '2022-11-15 14:29:41', NULL),
(52, 2, 'Claire Murphy', 'Mikayla Frami', 'England', '380541234567', 'cfeest@example.org', '$2y$10$leiRAufqTIXWvMMIKcqAEuJ31TkX3zlwntHIY78bbA4O4TTPyceOu', 'users/avatar-1.jpg', 0, NULL, '2022-11-05 13:48:17', 'zBXv7RaEO1', '2022-11-05 13:48:17', '2022-11-15 14:29:41', NULL),
(53, 1, 'Vallie Considine', 'Kellen Glover', 'Franch', '380541234567', 'sbergnaum@example.com', '$2y$10$BtgmxMMR5YWgMn7JAMpp1uJVxIUrNuN62Ght88pTVJvzxZf8qR8m2', 'users/avatar-1.jpg', 0, NULL, '2022-11-05 13:48:17', 'I5rhJs0Gbo', '2022-11-05 13:48:17', '2022-11-15 14:29:41', NULL),
(54, 3, 'Miss Estrella Huel', 'Yadira Weber Jr.', 'England', '380541234567', 'lkub@example.net', '$2y$10$d9XKqQmkwrlti29FaH9Pp.6EY3PcyhzkTZmDmMH1DONvhr.YJAUuK', 'users/avatar-1.jpg', 0, NULL, '2022-11-05 13:48:17', 'APYdxbp38N', '2022-11-05 13:48:17', '2022-11-15 14:29:41', NULL),
(55, 2, 'Dr. Joannie Nicolas', 'Eugenia Ullrich', 'Spain', '380541234567', 'kacie10@example.net', '$2y$10$hmjWlvqLUbkm5WyC72mEpewRsmVAY819SH2GuBNYYDmNPr/0GEgPa', 'users/avatar-1.jpg', 0, NULL, '2022-11-05 13:48:17', 'H5Wyd8kZUf', '2022-11-05 13:48:17', '2022-11-15 14:29:41', NULL),
(56, 2, 'Justine Kuphal III', 'Dr. Jed Jones', 'Germany', '380541234567', 'dbins@example.net', '$2y$10$rrZ4a6s3MkdXaMZIg26epeFBaPgiCZTVGsKv3eETqz0KM.2ElCxCK', 'users/avatar-1.jpg', 0, NULL, '2022-11-05 13:48:17', 'QWotkviBKo', '2022-11-05 13:48:17', '2022-11-15 14:29:41', NULL),
(57, 3, 'Prof. Xavier Upton', 'Herman Hackett PhD', 'Italy', '380541234567', 'frances.marks@example.net', '$2y$10$iqVMcwna6jw565hZNWCzDeWVqvRa/jgqY74tW.5VGIC0fDQSYwjpy', 'users/avatar-1.jpg', 0, NULL, '2022-11-05 13:48:17', 'KVBQIGEgF4', '2022-11-05 13:48:18', '2022-11-15 14:29:41', NULL),
(58, 3, 'Lucas Bode', 'Rosalind Labadie II', 'Italy', '380541234567', 'kstreich@example.com', '$2y$10$ClyZFtln1i/rGACmF5UI9.TGOMJYWLa0EYv7c/Ur6rRLUZ/iOIr2m', 'users/avatar-1.jpg', 0, NULL, '2022-11-05 13:48:18', 'NJGBn56T0g', '2022-11-05 13:48:18', '2022-11-15 14:29:41', NULL),
(59, 2, 'Miss Cristal Kuhn Jr.', 'Mr. Arden Greenholt Jr.', 'Spain', '380541234567', 'pgottlieb@example.com', '$2y$10$e/Fj5hC49XCqchsfW5PmG.3ufQKo6T6a9zaoFLmPsZ73st0idHAUW', 'users/avatar-1.jpg', 0, NULL, '2022-11-05 13:48:18', '1editugsQH', '2022-11-05 13:48:18', '2022-11-15 14:29:41', NULL),
(60, 2, 'Mrs. Sabina Stiedemann Sr.', 'Adrain Gorczany', 'Germany', '380541234567', 'orland70@example.net', '$2y$10$K.LDMCcQPJAkSxjgLKiHx.HRCWqhHOepvqd55bdaagbC8PvhOCmAG', 'users/avatar-1.jpg', 0, NULL, '2022-11-05 13:48:18', '8FwkMbXzkV', '2022-11-05 13:48:18', '2022-11-15 14:29:42', NULL),
(61, 3, 'Dr. Izaiah Haag', 'Uriel Sipes', 'Germany', '380541234567', 'dickens.odell@example.org', '$2y$10$l5cSGzjO1qSsgTnYMusRCeSsxTOt31RviWVjG5jtFpr9I7EYWG4na', 'users/avatar-1.jpg', 0, NULL, '2022-11-05 13:48:18', '1qpwhiAlKb', '2022-11-05 13:48:18', '2022-11-15 14:29:42', NULL),
(62, 1, 'Lurline Watsica', 'Mr. Keven Medhurst DDS', 'Italy', '380541234567', 'jocelyn.wiegand@example.org', '$2y$10$yL5/7E1a0WqpYgKeqgo4PO1By.eS6KXZkcW3we1Olw8wpQjYYYnOu', 'users/avatar-1.jpg', 0, NULL, '2022-11-05 13:48:18', 'zGfop6VeTi', '2022-11-05 13:48:18', '2022-11-15 14:29:42', NULL),
(63, 3, 'Weldon Rohan III', 'Dr. Chelsie Hegmann', 'Spain', '380541234567', 'garland62@example.com', '$2y$10$kRnTl2GIxpkY9fbxvg4MzezsBmZz1CfdrnVtkl4/PFv1QBOFMHCrq', 'users/avatar-1.jpg', 0, NULL, '2022-11-05 13:48:18', 'GfHIrUAgm6', '2022-11-05 13:48:18', '2022-11-15 14:29:42', NULL),
(64, 1, 'Sarah Ward', 'Beaulah Kreiger', 'England', '380541234567', 'bwilderman@example.org', '$2y$10$Ucl4DRUPWrySNidfod9vM.NFaKg6KcwPKXWY/xY6QVj9exyqHj2iS', 'users/avatar-1.jpg', 0, NULL, '2022-11-05 13:48:18', 'xBagTqvXTE', '2022-11-05 13:48:18', '2022-11-15 14:29:42', NULL),
(65, 1, 'Dejah Murphy V', 'Donny Kirlin', 'Italy', '380541234567', 'jsauer@example.org', '$2y$10$juUXnzfWXz0ZZYkIfZ7tr.qPEYeGsakbxKVh0CBNGgQgtgd37iQ1i', 'users/avatar-1.jpg', 0, NULL, '2022-11-05 13:48:18', 'KTatniu2wK', '2022-11-05 13:48:18', '2022-11-15 14:29:42', NULL),
(66, 3, 'Berenice Franecki', 'Rey Lehner', 'Italy', '380541234567', 'okeefe.rosalyn@example.org', '$2y$10$MlILmtCgU/xtlQUlBRSuruw0t11yEisSQ8BTOUUifgMBIWPLg5G22', 'users/avatar-1.jpg', 0, NULL, '2022-11-05 13:48:18', 'BmYjEKQjjR', '2022-11-05 13:48:18', '2022-11-15 14:29:42', NULL),
(67, 1, 'Lexus Kessler', 'Raul Howell', 'Franch', '380541234567', 'brian.lebsack@example.net', '$2y$10$chyxsG3Y83/RJA3uxToBX.pv/k/4GCysV20UoNT4hUe.VHfV4xc7i', 'users/avatar-1.jpg', 0, NULL, '2022-11-05 13:48:18', 'n33w7WwQlA', '2022-11-05 13:48:18', '2022-11-15 14:29:42', NULL),
(68, 3, 'Retha Kunde', 'Liliane Buckridge', 'Italy', '380541234567', 'nienow.benedict@example.net', '$2y$10$PxT/FIcPBSR8FAuAU/59sugxEB9ZJPwTydrKif.0mLbeZiqIdiPza', 'users/avatar-1.jpg', 0, NULL, '2022-11-05 13:48:18', '0VP0FqomiK', '2022-11-05 13:48:18', '2022-11-15 14:29:42', NULL),
(69, 2, 'Nelle Hudson', 'Mr. Garrett Connelly III', 'Franch', '380541234567', 'cronin.burley@example.org', '$2y$10$wfzdDgqa3C7hG4X0pmn2Ru.PC0ySvlk.KmgOwFCISfUJ4gi5BEaEG', 'users/avatar-1.jpg', 0, NULL, '2022-11-05 13:48:18', 'NmWI0e1l04', '2022-11-05 13:48:19', '2022-11-15 14:29:42', NULL),
(70, 1, 'Ben Cremin', 'Ethel Metz', 'Spain', '380541234567', 'aliya.rohan@example.net', '$2y$10$MFR4y8B.ieQWdV.upbYZMefcu7Ii2flX5Fo1U4J4OE8MdYlTJ6ZvG', 'users/avatar-1.jpg', 0, NULL, '2022-11-05 13:48:19', 'AEJElQW9Nl', '2022-11-05 13:48:19', '2022-11-15 14:29:43', NULL),
(71, 1, 'Cheyenne Weissnat DDS', 'Miss Zetta Lehner DDS', 'Spain', '380541234567', 'alex75@example.com', '$2y$10$2KawrYrEauE58.Gth3SU6.JxrE6KBoh.H3pB9cIi4f7OhITZmMGm6', 'users/avatar-1.jpg', 0, NULL, '2022-11-05 13:48:19', 'dolNLRdPXu', '2022-11-05 13:48:19', '2022-11-15 14:29:43', NULL),
(72, 1, 'Dr. Ludwig Jacobs Jr.', 'Dr. Cali Reichel', 'Germany', '380541234567', 'birdie01@example.org', '$2y$10$q/kwxdXABkkudbFzvUIF0.GkpfvEHHan460Mez3gDTJwnTHyW3gXi', 'users/avatar-1.jpg', 0, NULL, '2022-11-05 13:48:19', 'CKfO9Da3HA', '2022-11-05 13:48:19', '2022-11-15 14:29:43', NULL),
(73, 1, 'Ms. Lyda Kiehn', 'Mr. Jarod Fadel DVM', 'Spain', '380541234567', 'bret.carter@example.org', '$2y$10$oY2x9f0/EWxMhTJmC3F0.et2IsMiuhFx3EDj6bYiQ4MWSArjexRTy', 'users/avatar-1.jpg', 0, NULL, '2022-11-05 13:48:19', 'aA6gciX9jj', '2022-11-05 13:48:19', '2022-11-15 14:29:43', NULL),
(74, 1, 'Prof. Myah Schimmel PhD', 'Oscar Sporer', 'Franch', '380541234567', 'lakin.zelda@example.org', '$2y$10$V4odA6YONUXdm8r/KM3KnuhZKqlLV01JUg91JhNYCvf6uDIGX2KBm', 'users/avatar-1.jpg', 0, NULL, '2022-11-05 13:48:19', 'XAkZ2UbtpI', '2022-11-05 13:48:19', '2022-11-15 14:29:43', NULL),
(75, 2, 'Dr. Maximillian Bayer', 'Brando Wolff DDS', 'Italy', '380541234567', 'nrunolfsdottir@example.net', '$2y$10$P4drkuNKdrVRMvSdF6wCoeJaNqzJn.PSTpAHvGkxqplGtVm1yY4/G', 'users/avatar-1.jpg', 0, NULL, '2022-11-05 13:48:19', 'Wivz2Toe5R', '2022-11-05 13:48:19', '2022-11-15 14:29:43', NULL),
(76, 2, 'Kurtis Gusikowski', 'Nelle Lockman', 'Germany', '380541234567', 'torey.batz@example.org', '$2y$10$pQvqIeDpMqFj7LhGAsG.regNZTaIZVugtPvKRRq7XcEf5cxFELlzm', 'users/avatar-1.jpg', 0, NULL, '2022-11-05 13:48:19', 'NQRiPYSHHc', '2022-11-05 13:48:19', '2022-11-15 14:29:43', NULL),
(77, 1, 'Enrico Bruen DVM', 'Dr. Jefferey Herman IV', 'Germany', '380541234567', 'mallie50@example.org', '$2y$10$3X9DV3GoC3WN4Cvl5F9yOuOIiPgKbcYafF8tSZCGYWHzRbmh654zO', 'users/avatar-1.jpg', 0, NULL, '2022-11-05 13:48:19', 'wxwdeXjr5O', '2022-11-05 13:48:19', '2022-11-15 14:29:43', NULL),
(78, 2, 'Kevon Hudson Sr.', 'Julie Keeling', 'England', '380541234567', 'abigayle.walsh@example.net', '$2y$10$okQ67xjWp26GhfbgzPcxGuMnHx7Z2bda0Y3VkPNnBB34AZQtXO3HO', 'users/avatar-1.jpg', 0, NULL, '2022-11-05 13:48:19', 'wVwhpue4T0', '2022-11-05 13:48:19', '2022-11-15 14:29:43', NULL),
(79, 2, 'Maegan Parisian III', 'Ludie Konopelski', 'Italy', '380541234567', 'kaleb.lemke@example.net', '$2y$10$a2nmBMGxMuGLf1MkcQmo3.8lFG.t/D0YZf.ev2rkkW0DRHHCNRTHO', 'users/avatar-1.jpg', 0, NULL, '2022-11-05 13:48:19', 'GxMZFhOnSt', '2022-11-05 13:48:19', '2022-11-15 14:29:43', NULL),
(80, 3, 'Fiona Waelchi', 'Lilla Larkin V', 'Franch', '380541234567', 'qoconnell@example.com', '$2y$10$0bjXExJmbxoLRDgKUUCi9uP08TR5d9j3xS5ZycJ3/VdQINOKM.W6S', 'users/avatar-1.jpg', 0, NULL, '2022-11-05 13:48:19', '2hOkFpFzOo', '2022-11-05 13:48:19', '2022-11-15 14:29:43', NULL),
(81, 1, 'Hassan Waters', 'Amira Ondricka', 'Franch', '380541234567', 'lynch.retta@example.net', '$2y$10$diLFgsKcL4y/4ow59yJcIO0F2EUGIq0bUKHKK2CIEjhO8OrwZvre6', 'users/avatar-1.jpg', 0, NULL, '2022-11-05 13:48:19', 'LCCdnRzpzx', '2022-11-05 13:48:19', '2022-11-15 14:29:44', NULL),
(82, 1, 'Brendon Raynor II', 'Mrs. Freida Langworth IV', 'England', '380541234567', 'edward.fay@example.com', '$2y$10$zFbDDcOkNyFo7X81NkCOre8pREFbU.izPDOgdtpaG4qoFW70YPMYi', 'users/avatar-1.jpg', 0, NULL, '2022-11-05 13:48:19', '1gS68WHaBA', '2022-11-05 13:48:20', '2022-11-15 14:29:44', NULL),
(83, 2, 'Javonte Williamson', 'Dr. Yadira Sanford', 'Germany', '380541234567', 'stone65@example.org', '$2y$10$agBLAdqHSd.mmmBiAsuYHO56D/j1fO8ApXVt0J6axQq/NaowLrMAi', 'users/avatar-1.jpg', 0, NULL, '2022-11-05 13:48:20', 'o0YJOfIyY6', '2022-11-05 13:48:20', '2022-11-15 14:29:44', NULL),
(84, 1, 'Sim Douglas', 'Declan Cormier', 'Italy', '380541234567', 'bartell.pamela@example.org', '$2y$10$vPI1jOcAv0iCg54FjIbeL.P.JST8mQ53sYWr.6Q9Pu3fm6tl3.8Ni', 'users/avatar-1.jpg', 0, NULL, '2022-11-05 13:48:20', 'b9yEb3GWdF', '2022-11-05 13:48:20', '2022-11-15 14:29:44', NULL),
(85, 3, 'Lawrence Runolfsdottir', 'Santos Raynor IV', 'Germany', '380541234567', 'zachary91@example.com', '$2y$10$6WhMXI/zUW1CelVgJjEKuOHWTtkExOiADU/UY30pN7TAlTn2xvl2a', 'users/avatar-1.jpg', 0, NULL, '2022-11-05 13:48:20', 'bgdjoKxzBH', '2022-11-05 13:48:20', '2022-11-15 14:29:44', NULL),
(86, 3, 'Finn Mraz', 'Chauncey Daugherty', 'England', '380541234567', 'mafalda.reinger@example.net', '$2y$10$pEM6aJ.FlvHVlSkbnuFkl.ZjYy/XnT9wH146LG6U0aM4WwwJ1WRxa', 'users/avatar-1.jpg', 0, NULL, '2022-11-05 13:48:20', 'Guc9xY0nRi', '2022-11-05 13:48:20', '2022-11-15 14:29:44', NULL),
(87, 2, 'Mr. Judson Hessel V', 'Leif Schmitt', 'England', '380541234567', 'dare.kelvin@example.com', '$2y$10$1.x.UYbHdC1dMF76v13NcOeFqM5xdQr.OlSmscedVdTC6N.dNgWhm', 'users/avatar-1.jpg', 0, NULL, '2022-11-05 13:48:20', 'c5svXkM4Jw', '2022-11-05 13:48:20', '2022-11-15 14:29:44', NULL),
(88, 2, 'Kailyn Wiegand', 'Angelo Effertz', 'Germany', '380541234567', 'mquitzon@example.com', '$2y$10$.h/zd86XM93BWq6Y3Jk2QevxeuiIG/IQuBogUEB9oTlF5D07/Q3ra', 'users/avatar-1.jpg', 0, NULL, '2022-11-05 13:48:20', 'c2BCFYnFR0', '2022-11-05 13:48:20', '2022-11-15 14:29:44', NULL),
(89, 3, 'Roosevelt McDermott', 'Anika Kirlin', 'Italy', '380541234567', 'yjerde@example.org', '$2y$10$GU79R0a/9LalwSaTxsmXxO6qLD6gpLJxJs5MMKnoIP7Bu9ny21.XK', 'users/avatar-1.jpg', 0, NULL, '2022-11-05 13:48:20', 'I5qp0gzhZH', '2022-11-05 13:48:20', '2022-11-15 14:29:44', NULL),
(90, 2, 'Ms. Petra Mayert', 'Jordane Sipes', 'Franch', '380541234567', 'johnathan70@example.org', '$2y$10$fiHt5RE870yiTHdSC4ncVueWjY5S1kWLQPtaj/Stg1.i/24.YuoP.', 'users/avatar-1.jpg', 0, NULL, '2022-11-05 13:48:20', 'BccCHT8hN8', '2022-11-05 13:48:20', '2022-11-15 14:29:44', NULL),
(91, 1, 'Prof. Florencio Torphy III', 'Mrs. Zoey Collier', 'Spain', '380541234567', 'anabelle34@example.org', '$2y$10$rF00X.u.RerKxprl0guvWuZFhbRz/wCVZYkzo10wWqdqpJs7l6.xK', 'users/avatar-1.jpg', 0, NULL, '2022-11-05 13:48:20', '7ajPU2CKDC', '2022-11-05 13:48:20', '2022-11-15 14:29:44', NULL),
(92, 1, 'Prof. Isaias Walsh', 'Josefina Boehm', 'Italy', '380541234567', 'pearline48@example.org', '$2y$10$HyVDJJ1uExlxdmVFVZRJRutfPgVPBSOjitR.PrjudoVVj1T2oEWVy', 'users/avatar-1.jpg', 0, NULL, '2022-11-05 13:48:20', '0lGXwoRtLd', '2022-11-05 13:48:20', '2022-11-15 14:29:44', NULL),
(93, 2, 'Vinnie Cormier', 'Broderick Koepp', 'England', '380541234567', 'gerhold.ulises@example.org', '$2y$10$W4wZB6S1VDZ.QbzuCkrbb.8QwdktFN3TsAoCYJfDhgbY4wyWTxnu6', 'users/avatar-1.jpg', 0, NULL, '2022-11-05 13:48:20', 'BaDMXSaBwV', '2022-11-05 13:48:20', '2022-11-15 14:29:45', NULL),
(94, 1, 'Clint Bartell', 'Jane Bogan', 'England', '380541234567', 'hammes.milo@example.net', '$2y$10$0Dx2B3psU6yJ9RtFDRi3MOTU5sUrPXXoGDcSNQGuNNkH/tBmVLcQ2', 'users/avatar-1.jpg', 0, NULL, '2022-11-05 13:48:20', 'QTde3PmCF7', '2022-11-05 13:48:20', '2022-11-15 14:29:45', NULL),
(95, 1, 'Prof. Karianne Jerde', 'Charlie Zboncak', 'Germany', '380541234567', 'ehartmann@example.org', '$2y$10$.5W5wOBEC87R96hZEYl9IeEACRlB/K5cj0WttlF6713EK7kiOwYnu', 'users/avatar-1.jpg', 0, NULL, '2022-11-05 13:48:20', 'kdb0sOJKEH', '2022-11-05 13:48:21', '2022-11-15 14:29:45', NULL),
(96, 1, 'Omer Yundt MD', 'Dr. Jeromy Lehner II', 'England', '380541234567', 'grimes.alice@example.net', '$2y$10$6vlgDc8/gLxVx.OBbKpDY.MXmSu6xuW8YIosshSGOuhmKApkLF7zm', 'users/avatar-1.jpg', 0, NULL, '2022-11-05 13:48:21', 'MPw8KyFgmK', '2022-11-05 13:48:21', '2022-11-15 14:29:45', NULL),
(97, 3, 'Christophe Bergnaum', 'Andreanne Smith Jr.', 'Spain', '380541234567', 'pete.pfannerstill@example.org', '$2y$10$CHpM5aDYGCcVdk8jX95SL.ByoyojwZdnVlMniN/7MYhxMJThPWGBa', 'users/avatar-1.jpg', 0, NULL, '2022-11-05 13:48:21', 'iJhwb46i8y', '2022-11-05 13:48:21', '2022-11-15 14:29:45', NULL),
(98, 2, 'Mr. Jeffry Rippin', 'Prof. Hadley Jast Sr.', 'Italy', '380541234567', 'desmond.kris@example.net', '$2y$10$/xRdoTB8R1l97mDP77aVkuRnNOvhFztGW2Vdsb8b16G77PyD30iQq', 'users/avatar-1.jpg', 0, NULL, '2022-11-05 13:48:21', '8YYJRye587', '2022-11-05 13:48:21', '2022-11-15 14:29:45', NULL),
(99, 1, 'Dandre Bogisich IV', 'Ms. Christa Muller DVM', 'Spain', '380541234567', 'nmclaughlin@example.net', '$2y$10$BKvPt2gDMHSvIF3geO5MDeOVp/6GHNO8bwlBAKIpsPqoN4VV48crq', 'users/avatar-1.jpg', 0, NULL, '2022-11-05 13:48:21', '3vJjmKk7Ro', '2022-11-05 13:48:21', '2022-11-15 14:29:45', NULL),
(100, 2, 'Guadalupe Steuber', 'Hubert Funk', 'England', '380541234567', 'ransom@example.net', '$2y$10$r/.OhOblQLRJPyECWpb.Q.8QHJ5z2NKP19Ffy3Qecgy.ZN32Vhzf2', 'users/avatar-1.jpg', 0, NULL, '2022-11-05 13:48:21', 'wTlD2pBrES', '2022-11-05 13:48:21', '2022-11-15 14:29:45', NULL),
(117, 3, 'ewrfewf', 'wfww', 'England', '738067541912', 'admi444n@gmail.com', '$2y$10$HoeZmnsf4ZR7OVs6DHIhmOGsTNZ9StIqyMbHNgJd3zR.PD/Rihx0u', NULL, 1, NULL, NULL, NULL, '2022-11-06 08:50:07', '2022-11-15 14:29:45', '2022-11-11 11:25:51'),
(118, 3, 'Gtnz', '111', 'Germany', '111111111111', 'aaa@fff.ru', '$2y$10$gEtxZWnw9TExypK7Rqg/Mudkwn1UDICKEXwQYBSnFzb.i4rTM1LWi', NULL, 1, NULL, NULL, NULL, '2022-11-11 10:03:27', '2022-11-15 14:29:45', '2022-11-11 11:25:51'),
(119, 3, 'aaaaaaa', 'aaaa', 'Frahch', '555555555555', 'Pmi1986@ukr.net', '$2y$10$bYSlRLNm9P3xQ8Ks0wgqsekjYvfibrXgn72vgsykbiuFVRNxJFWNS', NULL, 1, NULL, NULL, NULL, '2022-11-11 10:07:57', '2022-11-15 14:29:45', '2022-11-11 11:25:51'),
(120, 3, 'cv c c', 'c c c cv', 'Germany', '111111111111', 'dsdssd@mail.ru', '$2y$10$ABLDkIYPmYRLum/ARcO0.uut1VzoqpgG4LdA1OlQg.RAbvfRK1ZLG', NULL, 0, NULL, NULL, NULL, '2022-11-11 10:18:47', '2022-11-15 14:29:46', '2022-11-11 11:25:51');

--
-- Индексы сохранённых таблиц
--

--
-- Индексы таблицы `categories`
--
ALTER TABLE `categories`
  ADD PRIMARY KEY (`id`);

--
-- Индексы таблицы `category_translations`
--
ALTER TABLE `category_translations`
  ADD PRIMARY KEY (`id`),
  ADD KEY `category_translations_category_id_foreign` (`category_id`),
  ADD KEY `category_translations_locale_index` (`locale`);

--
-- Индексы таблицы `emails`
--
ALTER TABLE `emails`
  ADD PRIMARY KEY (`id`),
  ADD UNIQUE KEY `emails_email_unique` (`email`),
  ADD KEY `emails_user_id_foreign` (`user_id`);

--
-- Индексы таблицы `failed_jobs`
--
ALTER TABLE `failed_jobs`
  ADD PRIMARY KEY (`id`),
  ADD UNIQUE KEY `failed_jobs_uuid_unique` (`uuid`);

--
-- Индексы таблицы `migrations`
--
ALTER TABLE `migrations`
  ADD PRIMARY KEY (`id`);

--
-- Индексы таблицы `orders`
--
ALTER TABLE `orders`
  ADD PRIMARY KEY (`id`),
  ADD KEY `orders_user_id_foreign` (`user_id`);

--
-- Индексы таблицы `order_product`
--
ALTER TABLE `order_product`
  ADD PRIMARY KEY (`id`),
  ADD KEY `order_product_product_id_foreign` (`product_id`),
  ADD KEY `order_product_order_id_foreign` (`order_id`);

--
-- Индексы таблицы `password_resets`
--
ALTER TABLE `password_resets`
  ADD KEY `password_resets_email_index` (`email`);

--
-- Индексы таблицы `permissions`
--
ALTER TABLE `permissions`
  ADD PRIMARY KEY (`id`);

--
-- Индексы таблицы `permission_role`
--
ALTER TABLE `permission_role`
  ADD PRIMARY KEY (`id`),
  ADD KEY `permission_role_permission_id_foreign` (`permission_id`),
  ADD KEY `permission_role_role_id_foreign` (`role_id`);

--
-- Индексы таблицы `personal_access_tokens`
--
ALTER TABLE `personal_access_tokens`
  ADD PRIMARY KEY (`id`),
  ADD UNIQUE KEY `personal_access_tokens_token_unique` (`token`),
  ADD KEY `personal_access_tokens_tokenable_type_tokenable_id_index` (`tokenable_type`,`tokenable_id`);

--
-- Индексы таблицы `products`
--
ALTER TABLE `products`
  ADD PRIMARY KEY (`id`),
  ADD KEY `products_category_id_foreign` (`category_id`);

--
-- Индексы таблицы `product_tag`
--
ALTER TABLE `product_tag`
  ADD PRIMARY KEY (`id`),
  ADD KEY `product_tag_product_id_foreign` (`product_id`),
  ADD KEY `product_tag_tag_id_foreign` (`tag_id`);

--
-- Индексы таблицы `product_translations`
--
ALTER TABLE `product_translations`
  ADD PRIMARY KEY (`id`),
  ADD UNIQUE KEY `product_translations_product_id_locale_unique` (`product_id`,`locale`),
  ADD KEY `product_translations_locale_index` (`locale`);

--
-- Индексы таблицы `roles`
--
ALTER TABLE `roles`
  ADD PRIMARY KEY (`id`);

--
-- Индексы таблицы `tags`
--
ALTER TABLE `tags`
  ADD PRIMARY KEY (`id`);

--
-- Индексы таблицы `tag_translations`
--
ALTER TABLE `tag_translations`
  ADD PRIMARY KEY (`id`),
  ADD KEY `tag_translations_tag_id_foreign` (`tag_id`),
  ADD KEY `tag_translations_locale_index` (`locale`);

--
-- Индексы таблицы `users`
--
ALTER TABLE `users`
  ADD PRIMARY KEY (`id`),
  ADD UNIQUE KEY `users_email_unique` (`email`),
  ADD KEY `users_role_id_foreign` (`role_id`);

--
-- AUTO_INCREMENT для сохранённых таблиц
--

--
-- AUTO_INCREMENT для таблицы `categories`
--
ALTER TABLE `categories`
  MODIFY `id` bigint(20) UNSIGNED NOT NULL AUTO_INCREMENT, AUTO_INCREMENT=14;

--
-- AUTO_INCREMENT для таблицы `category_translations`
--
ALTER TABLE `category_translations`
  MODIFY `id` bigint(20) UNSIGNED NOT NULL AUTO_INCREMENT, AUTO_INCREMENT=26;

--
-- AUTO_INCREMENT для таблицы `emails`
--
ALTER TABLE `emails`
  MODIFY `id` bigint(20) UNSIGNED NOT NULL AUTO_INCREMENT, AUTO_INCREMENT=120;

--
-- AUTO_INCREMENT для таблицы `failed_jobs`
--
ALTER TABLE `failed_jobs`
  MODIFY `id` bigint(20) UNSIGNED NOT NULL AUTO_INCREMENT;

--
-- AUTO_INCREMENT для таблицы `migrations`
--
ALTER TABLE `migrations`
  MODIFY `id` int(10) UNSIGNED NOT NULL AUTO_INCREMENT, AUTO_INCREMENT=20;

--
-- AUTO_INCREMENT для таблицы `orders`
--
ALTER TABLE `orders`
  MODIFY `id` bigint(20) UNSIGNED NOT NULL AUTO_INCREMENT, AUTO_INCREMENT=117;

--
-- AUTO_INCREMENT для таблицы `order_product`
--
ALTER TABLE `order_product`
  MODIFY `id` bigint(20) UNSIGNED NOT NULL AUTO_INCREMENT, AUTO_INCREMENT=321;

--
-- AUTO_INCREMENT для таблицы `permissions`
--
ALTER TABLE `permissions`
  MODIFY `id` bigint(20) UNSIGNED NOT NULL AUTO_INCREMENT, AUTO_INCREMENT=73;

--
-- AUTO_INCREMENT для таблицы `permission_role`
--
ALTER TABLE `permission_role`
  MODIFY `id` bigint(20) UNSIGNED NOT NULL AUTO_INCREMENT, AUTO_INCREMENT=116;

--
-- AUTO_INCREMENT для таблицы `personal_access_tokens`
--
ALTER TABLE `personal_access_tokens`
  MODIFY `id` bigint(20) UNSIGNED NOT NULL AUTO_INCREMENT;

--
-- AUTO_INCREMENT для таблицы `products`
--
ALTER TABLE `products`
  MODIFY `id` bigint(20) UNSIGNED NOT NULL AUTO_INCREMENT, AUTO_INCREMENT=105;

--
-- AUTO_INCREMENT для таблицы `product_tag`
--
ALTER TABLE `product_tag`
  MODIFY `id` bigint(20) UNSIGNED NOT NULL AUTO_INCREMENT, AUTO_INCREMENT=307;

--
-- AUTO_INCREMENT для таблицы `product_translations`
--
ALTER TABLE `product_translations`
  MODIFY `id` bigint(20) UNSIGNED NOT NULL AUTO_INCREMENT, AUTO_INCREMENT=23;

--
-- AUTO_INCREMENT для таблицы `roles`
--
ALTER TABLE `roles`
  MODIFY `id` bigint(20) UNSIGNED NOT NULL AUTO_INCREMENT, AUTO_INCREMENT=10;

--
-- AUTO_INCREMENT для таблицы `tags`
--
ALTER TABLE `tags`
  MODIFY `id` bigint(20) UNSIGNED NOT NULL AUTO_INCREMENT, AUTO_INCREMENT=25;

--
-- AUTO_INCREMENT для таблицы `tag_translations`
--
ALTER TABLE `tag_translations`
  MODIFY `id` bigint(20) UNSIGNED NOT NULL AUTO_INCREMENT, AUTO_INCREMENT=16;

--
-- AUTO_INCREMENT для таблицы `users`
--
ALTER TABLE `users`
  MODIFY `id` bigint(20) UNSIGNED NOT NULL AUTO_INCREMENT, AUTO_INCREMENT=121;

--
-- Ограничения внешнего ключа сохраненных таблиц
--

--
-- Ограничения внешнего ключа таблицы `category_translations`
--
ALTER TABLE `category_translations`
  ADD CONSTRAINT `category_translations_category_id_foreign` FOREIGN KEY (`category_id`) REFERENCES `categories` (`id`) ON DELETE CASCADE;

--
-- Ограничения внешнего ключа таблицы `emails`
--
ALTER TABLE `emails`
  ADD CONSTRAINT `emails_user_id_foreign` FOREIGN KEY (`user_id`) REFERENCES `users` (`id`) ON DELETE SET NULL;

--
-- Ограничения внешнего ключа таблицы `orders`
--
ALTER TABLE `orders`
  ADD CONSTRAINT `orders_user_id_foreign` FOREIGN KEY (`user_id`) REFERENCES `users` (`id`) ON DELETE SET NULL;

--
-- Ограничения внешнего ключа таблицы `order_product`
--
ALTER TABLE `order_product`
  ADD CONSTRAINT `order_product_order_id_foreign` FOREIGN KEY (`order_id`) REFERENCES `orders` (`id`) ON DELETE CASCADE,
  ADD CONSTRAINT `order_product_product_id_foreign` FOREIGN KEY (`product_id`) REFERENCES `products` (`id`) ON DELETE CASCADE;

--
-- Ограничения внешнего ключа таблицы `permission_role`
--
ALTER TABLE `permission_role`
  ADD CONSTRAINT `permission_role_permission_id_foreign` FOREIGN KEY (`permission_id`) REFERENCES `permissions` (`id`) ON DELETE CASCADE,
  ADD CONSTRAINT `permission_role_role_id_foreign` FOREIGN KEY (`role_id`) REFERENCES `roles` (`id`) ON DELETE CASCADE;

--
-- Ограничения внешнего ключа таблицы `products`
--
ALTER TABLE `products`
  ADD CONSTRAINT `products_category_id_foreign` FOREIGN KEY (`category_id`) REFERENCES `categories` (`id`) ON DELETE SET NULL;

--
-- Ограничения внешнего ключа таблицы `product_tag`
--
ALTER TABLE `product_tag`
  ADD CONSTRAINT `product_tag_product_id_foreign` FOREIGN KEY (`product_id`) REFERENCES `products` (`id`) ON DELETE CASCADE,
  ADD CONSTRAINT `product_tag_tag_id_foreign` FOREIGN KEY (`tag_id`) REFERENCES `tags` (`id`) ON DELETE CASCADE;

--
-- Ограничения внешнего ключа таблицы `product_translations`
--
ALTER TABLE `product_translations`
  ADD CONSTRAINT `product_translations_product_id_foreign` FOREIGN KEY (`product_id`) REFERENCES `products` (`id`) ON DELETE CASCADE;

--
-- Ограничения внешнего ключа таблицы `tag_translations`
--
ALTER TABLE `tag_translations`
  ADD CONSTRAINT `tag_translations_tag_id_foreign` FOREIGN KEY (`tag_id`) REFERENCES `tags` (`id`) ON DELETE CASCADE;

--
-- Ограничения внешнего ключа таблицы `users`
--
ALTER TABLE `users`
  ADD CONSTRAINT `users_role_id_foreign` FOREIGN KEY (`role_id`) REFERENCES `roles` (`id`) ON DELETE SET NULL;
COMMIT;

/*!40101 SET CHARACTER_SET_CLIENT=@OLD_CHARACTER_SET_CLIENT */;
/*!40101 SET CHARACTER_SET_RESULTS=@OLD_CHARACTER_SET_RESULTS */;
/*!40101 SET COLLATION_CONNECTION=@OLD_COLLATION_CONNECTION */;
